<?xml version="1.0" encoding="utf-8"?>
<eml:eml xmlns:eml="eml://ecoinformatics.org/eml-2.1.1" xmlns:xsi="http://www.w3.org/2001/XMLSchema-instance"
         xsi:schemaLocation="eml://ecoinformatics.org/eml-2.1.1 http://rs.gbif.org/schema/eml-gbif-profile/1.1/eml.xsd"
        packageId="09c4287e-e6d5-4552-a07f-bff8a00833d8"  system="http://gbif.org" scope="system"
  xml:lang="en">

<dataset>
      <alternateIdentifier>10.15468/pi1mts</alternateIdentifier>
        <alternateIdentifier>http://ipt.vertnet.org:8080/ipt/resource?r=mvz_herp</alternateIdentifier>
        <alternateIdentifier>http://ipt.vertnet.org:8080/ipt/resource.do?r=mvz_herp</alternateIdentifier>
        <alternateIdentifier>09c4287e-e6d5-4552-a07f-bff8a00833d8</alternateIdentifier>
        <alternateIdentifier>14800</alternateIdentifier>
    <title>MVZ Herp Collection (Arctos)</title>
    <creator>
    <individualName>
<givenName>Carol</givenName>          <surName>Spencer</surName>
    </individualName>
<organizationName>Museum of Vertebrate Zoology, UC Berkeley</organizationName><positionName>Staff Curator of Herpetology</positionName>    <address>
<deliveryPoint>3101 Valley Life Science Building</deliveryPoint><city>Berkeley</city><administrativeArea>CA</administrativeArea><postalCode>94720-3160</postalCode><country>UNITED_STATES</country>    </address>
<phone>(510) 643-5778</phone><electronicMailAddress>atrox@berkeley.edu</electronicMailAddress><onlineUrl>http://mvz.berkeley.edu</onlineUrl>    </creator>
    <metadataProvider>
    <individualName>
<givenName>Carol</givenName>          <surName>Spencer</surName>
    </individualName>
<organizationName>Museum of Vertebrate Zoology, UC Berkeley</organizationName><positionName>Staff Curator of Herpetology</positionName>    <address>
<deliveryPoint>3101 Valley Life Science Building</deliveryPoint><city>Berkeley</city><administrativeArea>CA</administrativeArea><postalCode>94720-3160</postalCode><country>UNITED_STATES</country>    </address>
<phone>(510) 643-5778</phone><electronicMailAddress>atrox@berkeley.edu</electronicMailAddress><onlineUrl>http://mvz.berkeley.edu</onlineUrl>    </metadataProvider>
    <associatedParty>
    <individualName>
<givenName>Laura</givenName>          <surName>Russell</surName>
    </individualName>
<organizationName>VertNet</organizationName><positionName>VertNet Programmer</positionName><electronicMailAddress>larussell@vertnet.org</electronicMailAddress>    <role>PROGRAMMER</role>
    </associatedParty>
    <associatedParty>
    <individualName>
<givenName>David</givenName>          <surName>Bloom</surName>
    </individualName>
<positionName>VertNet Coordinator</positionName><electronicMailAddress>dbloom@vertnet.org</electronicMailAddress>    <role>PROGRAMMER</role>
    </associatedParty>
    <associatedParty>
    <individualName>
<givenName>John</givenName>          <surName>Wieczorek</surName>
    </individualName>
<organizationName>Museum of Vertebrate Zoology at UC Berkeley</organizationName><positionName>Information Architect</positionName><electronicMailAddress>tuco@berkeley.edu</electronicMailAddress>    <role>PROGRAMMER</role>
    </associatedParty>
    <associatedParty>
    <individualName>
<givenName>Dusty</givenName>          <surName>McDonald</surName>
    </individualName>
<organizationName>University of Alaska Museum</organizationName><positionName>Arctos Database Programmer</positionName><electronicMailAddress>dlmcdonald@alaska.edu</electronicMailAddress><onlineUrl>http://arctos.database.museum</onlineUrl>    <role>POINT_OF_CONTACT</role>
    </associatedParty>
    <associatedParty>
    <individualName>
<givenName>Jim</givenName>          <surName>McGuire</surName>
    </individualName>
<organizationName>Museum of Vertebrate Zoology at UC Berkeley</organizationName><positionName>Faculty Curator of Herpetology</positionName>    <address>
<deliveryPoint>3101 Valley Life Sciences Building</deliveryPoint><city>Berkeley</city><administrativeArea>CA</administrativeArea><postalCode>94720-3160</postalCode><country>UNITED_STATES</country>    </address>
<phone>(510) 316-6201</phone><electronicMailAddress>mcguirej@berkeley.edu</electronicMailAddress><onlineUrl>http://mvz.berkeley.edu</onlineUrl>    <role>POINT_OF_CONTACT</role>
    </associatedParty>
    <associatedParty>
    <individualName>
<givenName>David</givenName>          <surName>Wake</surName>
    </individualName>
<organizationName>Museum of Vertebrate Zoology at UC Berkeley</organizationName><positionName>Faculty Curator of Herpetology</positionName>    <address>
<deliveryPoint>3101 Valley Life Sciences Building</deliveryPoint><city>Berkeley</city><administrativeArea>CA</administrativeArea><postalCode>94720-3160</postalCode><country>UNITED_STATES</country>    </address>
<phone>(510) 643-7705</phone><electronicMailAddress>wakelab@berkeley.edu</electronicMailAddress><onlineUrl>http://mvz.berkeley.edu</onlineUrl>    <role>POINT_OF_CONTACT</role>
    </associatedParty>
    <associatedParty>
    <individualName>
<givenName>Michelle</givenName>          <surName>Koo</surName>
    </individualName>
<organizationName>Museum of Vertebrate Zoology at UC Berkeley</organizationName><positionName>GIS and Bioinformatics Specialist</positionName>    <address>
<deliveryPoint>3101 Valley Life Sciences Building</deliveryPoint><city>Berkeley</city><administrativeArea>CA</administrativeArea><postalCode>94720-3160</postalCode><country>UNITED_STATES</country>    </address>
<phone>(510) 642-8547</phone><electronicMailAddress>mkoo@berkeley.edu</electronicMailAddress><onlineUrl>http://mvz.berkeley.edu</onlineUrl>    <role>POINT_OF_CONTACT</role>
    </associatedParty>
      <pubDate>
      2022-01-23
      </pubDate>
    <language>ENGLISH</language>
    <abstract>
        <para>The MVZ collection of amphibians and reptiles contains over 270,000 catalogued specimens. As of 8 April 2004, 123 of these have been designated holotypes, three are neotypes, three are syntypes, and 1793 are paratypes and paratopotypes. Most specimens are fluid-preserved, but the collection also contains skeletal preparations, sets of amphibian eggs and larvae, and several thousand specimens that have been cleared and stained. Other special collections include pineal organs, 800 sectioned heads, a series of dried anuran skins from California and Argentina, and stomach contents that have been removed from more than 3,000 predatory reptiles.</para>
    </abstract>
        <keywordSet>
              <keyword>Occurrence</keyword>
              <keywordThesaurus>GBIF Dataset Type Vocabulary: http://rs.gbif.org/vocabulary/gbif/dataset_type.xml</keywordThesaurus>
        </keywordSet>
        <keywordSet>
              <keyword>Specimen</keyword>
              <keywordThesaurus>GBIF Dataset Subtype Vocabulary: http://rs.gbif.org/vocabulary/gbif/dataset_subtype.xml</keywordThesaurus>
        </keywordSet>
        <keywordSet>
              <keyword>Occurrence</keyword>
              <keywordThesaurus>GBIF Dataset Type Vocabulary: http://rs.gbif.org/vocabulary/gbif/dataset_type_2015-07-10.xml</keywordThesaurus>
        </keywordSet>
      <additionalInfo>
          <para>http://vertnet.org/resources/norms.html</para>
      </additionalInfo>
      <intellectualRights>
        <para>To the extent possible under law, the publisher has waived all rights to these data and has dedicated them to the <ulink url="http://creativecommons.org/publicdomain/zero/1.0/legalcode"><citetitle>Public Domain (CC0 1.0)</citetitle></ulink>. Users may copy, modify, distribute and use the work, including for commercial purposes, without restriction.</para>
      </intellectualRights>
      <distribution scope="document">
          <online>
              <url function="information">http://mvz.berkeley.edu/Herp_Collection.html</url>
          </online>
      </distribution>
      <coverage>
            <geographicCoverage>
                  <geographicDescription>The MVZ herp collection is global, with especially strong holdings from western North America and important series from Latin America and Asia.</geographicDescription>
                  <boundingCoordinates>
                      <westBoundingCoordinate>-180</westBoundingCoordinate>
                      <eastBoundingCoordinate>180</eastBoundingCoordinate>
                      <northBoundingCoordinate>90</northBoundingCoordinate>
                      <southBoundingCoordinate>-90</southBoundingCoordinate>
                  </boundingCoordinates>
            </geographicCoverage>
              <taxonomicCoverage>
                    <generalTaxonomicCoverage>The MVZ herp collection is taxonomically synoptic and contains representatives of every Amphibian and Reptile Order. Among Amphibians, over 87% of families and 53% of genera are represented. Among Reptiles, over 90% of families and 65% of genera are represented.</generalTaxonomicCoverage>
                    <taxonomicClassification>
                          <taxonRankName>Class</taxonRankName>
                        <taxonRankValue>Amphibia, Reptilia</taxonRankValue>
                    </taxonomicClassification>
              </taxonomicCoverage>
      </coverage>
      <maintenance>
          <description>
              <para></para>
          </description>
          <maintenanceUpdateFrequency>unkown</maintenanceUpdateFrequency>
      </maintenance>
      <contact>
    <individualName>
<givenName>Carol</givenName>          <surName>Spencer</surName>
    </individualName>
<organizationName>Museum of Vertebrate Zoology, UC Berkeley</organizationName><positionName>Staff Curator of Herpetology</positionName>    <address>
<deliveryPoint>3101 Valley Life Science Building</deliveryPoint><city>Berkeley</city><administrativeArea>CA</administrativeArea><postalCode>94720-3160</postalCode><country>UNITED_STATES</country>    </address>
<phone>(510) 643-5778</phone><electronicMailAddress>atrox@berkeley.edu</electronicMailAddress><onlineUrl>http://mvz.berkeley.edu</onlineUrl>      </contact>

</dataset>

<additionalMetadata>
    <metadata>
      <gbif>
        <dateStamp>2022-02-07T02:29:55Z</dateStamp>
      <citation>Spencer C (2022). MVZ Herp Collection (Arctos). Version 36.56. Museum of Vertebrate Zoology. Occurrence dataset https://doi.org/10.15468/pi1mts accessed via GBIF.org on 2022-02-07.</citation>
              <livingTimePeriod>1861 to present</livingTimePeriod>
      </gbif>
    </metadata>
</additionalMetadata>

</eml:eml>
