<?xml version="1.0" encoding="utf-8"?>
<eml:eml xmlns:eml="eml://ecoinformatics.org/eml-2.1.1" xmlns:xsi="http://www.w3.org/2001/XMLSchema-instance"
         xsi:schemaLocation="eml://ecoinformatics.org/eml-2.1.1 http://rs.gbif.org/schema/eml-gbif-profile/1.1/eml.xsd"
        packageId="167f1948-8f8e-4561-8f44-6184f3c79ef4"  system="http://gbif.org" scope="system"
  xml:lang="en">

<dataset>
      <alternateIdentifier>10.15468/gzda4s</alternateIdentifier>
        <alternateIdentifier>https://collections.ala.org.au/public/show/dr642</alternateIdentifier>
        <alternateIdentifier>e9939d8b-024e-34ed-9231-adcb7a47f816</alternateIdentifier>
        <alternateIdentifier>http://collections.ala.org.au/public/show/dr642</alternateIdentifier>
        <alternateIdentifier>167f1948-8f8e-4561-8f44-6184f3c79ef4</alternateIdentifier>
        <alternateIdentifier>e916df0b-d8ad-36a7-95c1-194b0f39bb9e</alternateIdentifier>
        <alternateIdentifier>af121862-f4eb-3d27-9832-df10fb25bb9e</alternateIdentifier>
    <title>The distribution and host range of the pandemic disease chytridiomycosis in Australia, spanning surveys from 1956 to 2007.</title>
    <creator>
<organizationName>The distribution and host range of the pandemic disease chytridiomycosis in Australia, spanning surveys from 1956 to 2007.</organizationName><onlineUrl>http://www.esapubs.org/archive/ecol/E091/108/metadata.htm</onlineUrl>    </creator>
    <metadataProvider>
<organizationName>The distribution and host range of the pandemic disease chytridiomycosis in Australia, spanning surveys from 1956 to 2007.</organizationName><onlineUrl>http://www.esapubs.org/archive/ecol/E091/108/metadata.htm</onlineUrl>    </metadataProvider>
    <associatedParty>
<organizationName>Atlas of Living Australia</organizationName>    <address>
<deliveryPoint>CSIRO Ecosystems Services</deliveryPoint><city>Canberra</city><administrativeArea>ACT</administrativeArea><postalCode>2601</postalCode><country>AUSTRALIA</country>    </address>
<electronicMailAddress>info@ala.org.au</electronicMailAddress>    <role>DISTRIBUTOR</role>
    </associatedParty>
      <pubDate>
      2019-09-26
      </pubDate>
    <language>ENGLISH</language>
    <abstract>
        <para>Chytridiomycosis is the worst disease to affect vertebrate biodiversity on record. In Australia, it is thought to have caused the extinction of four frog species, and it threatens the survival of at least 10 more. We report the current distribution and host range of this invasive disease in Australia, which is essential knowledge for conservation management. We envisage that the data be used in a global and national context for predictive modeling, meta-analyses, and risk assessment. Our continent-wide data set comprises 821 sites in Australia and includes 10183 records from more than 80 contributors spanning collection dates from 1956 to 2007. Sick and dead frogs from the field and apparently healthy frogs from museum collections were tested opportunistically for the presence of Batrachochytrium dendrobatidis, the fungal pathogen causing chytridiomycosis, and apparently healthy frogs and tadpoles found during surveys were tested purposively. The diagnostic tests used were histology of skin samples and quantitative PCR of skin swabs. Chytridiomycosis was found in all Australian states and the Australian Capital Territory, but not in the Northern Territory. It appears to be currently confined to the relatively cool and wet areas of Australia, such as along the Great Dividing Range and adjacent coastal areas in the eastern mainland states of Queensland, New South Wales, and Victoria, eastern and central Tasmania, southern South Australia, and southwestern Western Australia. Batrachochytrium dendrobatidis may have been introduced into Australia via the port of Brisbane around 1978 and spread northward and southward. It did not appear to arrive in Western Australia until 1985. The earliest records from South Australia and Tasmania are from 1995 and 2004, respectively, although archival studies from these states are lacking. We also report negative findings showing that the disease does not currently occur in some areas that appear to be environmentally suitable, including Cape York Peninsula in Queensland and most of the World Heritage Area in western Tasmania. Infection with B. dendrobatidis has been recorded from 63 frog species in Australia to date, all belonging to the Hylidae, Limnodynastidae, and Myobatrachidae, with the exception of one individual of a species from the Microhylidae and the introduced cane toad of the family Bufonidae.</para>
    </abstract>
      <intellectualRights>
        <para>This work is licensed under a <ulink url="http://creativecommons.org/licenses/by/4.0/legalcode"><citetitle>Creative Commons Attribution (CC-BY) 4.0 License</citetitle></ulink>.</para>
      </intellectualRights>
      <distribution scope="document">
          <online>
              <url function="information">https://collections.ala.org.au/public/show/dr642</url>
          </online>
      </distribution>
      <contact>
    <individualName>
<givenName>Lee</givenName>          <surName>Skerratt</surName>
    </individualName>
<positionName>editor</positionName><electronicMailAddress>lee.skerratt@jcu.edu.au</electronicMailAddress>      </contact>
      <methods>
      </methods>

</dataset>

<additionalMetadata>
    <metadata>
      <gbif>
        <dateStamp>2022-02-07T02:29:55Z</dateStamp>
      <citation>Atlas of Living Australia (2019). The distribution and host range of the pandemic disease chytridiomycosis in Australia, spanning surveys from 1956 to 2007.. Occurrence dataset https://doi.org/10.15468/gzda4s accessed via GBIF.org on 2022-02-07.</citation>
      </gbif>
    </metadata>
</additionalMetadata>

</eml:eml>
