<?xml version="1.0" encoding="utf-8"?>
<eml:eml xmlns:eml="eml://ecoinformatics.org/eml-2.1.1" xmlns:xsi="http://www.w3.org/2001/XMLSchema-instance"
         xsi:schemaLocation="eml://ecoinformatics.org/eml-2.1.1 http://rs.gbif.org/schema/eml-gbif-profile/1.1/eml.xsd"
        packageId="84149905-2fc7-4cc6-a9c8-f4186e0a62a8"  system="http://gbif.org" scope="system"
  xml:lang="en">

<dataset>
      <alternateIdentifier>10.15468/yd7e5a</alternateIdentifier>
        <alternateIdentifier>https://collections.ala.org.au/public/show/dr4577</alternateIdentifier>
        <alternateIdentifier>c082fb64-72ba-39ad-8bab-36f756a2def5</alternateIdentifier>
        <alternateIdentifier>http://collections.ala.org.au/public/show/dr4577</alternateIdentifier>
        <alternateIdentifier>84149905-2fc7-4cc6-a9c8-f4186e0a62a8</alternateIdentifier>
        <alternateIdentifier>79cac8a8-1823-3387-81ed-8ce3a0f97c13</alternateIdentifier>
        <alternateIdentifier>10c89f60-c71c-3176-9aaa-e5f46e1ca4d3</alternateIdentifier>
    <title>ACT BioBlitz</title>
    <creator>
<organizationName>FieldData / Biological Data Recording System</organizationName><onlineUrl>https://root.ala.org.au/bdrs-core/root/home.htm</onlineUrl>    </creator>
    <metadataProvider>
<organizationName>FieldData / Biological Data Recording System</organizationName><onlineUrl>https://root.ala.org.au/bdrs-core/root/home.htm</onlineUrl>    </metadataProvider>
    <associatedParty>
<organizationName>Atlas of Living Australia</organizationName>    <address>
<deliveryPoint>CSIRO Ecosystems Services</deliveryPoint><city>Canberra</city><administrativeArea>ACT</administrativeArea><postalCode>2601</postalCode><country>AUSTRALIA</country>    </address>
<electronicMailAddress>info@ala.org.au</electronicMailAddress>    <role>DISTRIBUTOR</role>
    </associatedParty>
      <pubDate>
      2019-09-26
      </pubDate>
    <language>ENGLISH</language>
    <abstract>
        <para>Occurrences from the ACT BioBlitz BDRS Portal</para>
    </abstract>
      <intellectualRights>
        <para>This work is licensed under a <ulink url="http://creativecommons.org/licenses/by/4.0/legalcode"><citetitle>Creative Commons Attribution (CC-BY) 4.0 License</citetitle></ulink>.</para>
      </intellectualRights>
      <distribution scope="document">
          <online>
              <url function="information">https://collections.ala.org.au/public/show/dr4577</url>
          </online>
      </distribution>
      <contact>
<positionName>editor</positionName><electronicMailAddress>support_bdrs@ala.org.au</electronicMailAddress>      </contact>
      <methods>
      </methods>

</dataset>

<additionalMetadata>
    <metadata>
      <gbif>
        <dateStamp>2022-02-07T02:29:53Z</dateStamp>
      <citation>Molonglo Catchment Group (2019). ACT BioBlitz. Occurrence dataset https://doi.org/10.15468/yd7e5a accessed via GBIF.org on 2022-02-07.</citation>
              <resourceLogoUrl>https://collections.ala.org.au/data/dataProvider/ala-logo.png</resourceLogoUrl>
      </gbif>
    </metadata>
</additionalMetadata>

</eml:eml>
