<?xml version="1.0" encoding="utf-8"?>
<eml:eml xmlns:eml="eml://ecoinformatics.org/eml-2.1.1" xmlns:xsi="http://www.w3.org/2001/XMLSchema-instance"
         xsi:schemaLocation="eml://ecoinformatics.org/eml-2.1.1 http://rs.gbif.org/schema/eml-gbif-profile/1.1/eml.xsd"
        packageId="d0e133c0-6c8a-11de-8226-b8a03c50a862"  system="http://gbif.org" scope="system"
  xml:lang="en">

<dataset>
      <alternateIdentifier>10.15468/tedfxn</alternateIdentifier>
        <alternateIdentifier>https://collections.ala.org.au/public/show/dr345</alternateIdentifier>
        <alternateIdentifier>14b271ff-8c7a-3bc4-87b2-8b70211880d1</alternateIdentifier>
        <alternateIdentifier>http://collections.ala.org.au/public/show/dr345</alternateIdentifier>
        <alternateIdentifier>d0e133c0-6c8a-11de-8226-b8a03c50a862</alternateIdentifier>
        <alternateIdentifier>276f1b97-670d-368c-a74e-da0031275cc2</alternateIdentifier>
        <alternateIdentifier>4453dfd6-baa9-333b-a4a8-26845100834c</alternateIdentifier>
        <alternateIdentifier>14120</alternateIdentifier>
    <title>Queen Victoria Museum Art Gallery provider for OZCAM</title>
    <creator>
<organizationName>OZCAM (Online Zoological Collections of Australian Museums) Provider</organizationName><onlineUrl>http://www.ozcam.org.au/</onlineUrl>    </creator>
    <creator>
<organizationName>Queen Victoria Museum and Art Gallery</organizationName>    <address>
<deliveryPoint>2 Invermay Road</deliveryPoint><city>Launceston</city><administrativeArea>Tasmania</administrativeArea><postalCode>7248</postalCode><country>AUSTRALIA</country>    </address>
<phone>+61 (3) 6323 3777</phone><electronicMailAddress>enquiries@qvmag.tas.gov.au</electronicMailAddress><onlineUrl>http://www.qvmag.tas.gov.au/</onlineUrl>    </creator>
    <metadataProvider>
<organizationName>OZCAM (Online Zoological Collections of Australian Museums) Provider</organizationName><onlineUrl>http://www.ozcam.org.au/</onlineUrl>    </metadataProvider>
    <associatedParty>
<organizationName>Atlas of Living Australia</organizationName>    <address>
<deliveryPoint>CSIRO Ecosystems Services</deliveryPoint><city>Canberra</city><administrativeArea>ACT</administrativeArea><postalCode>2601</postalCode><country>AUSTRALIA</country>    </address>
<electronicMailAddress>info@ala.org.au</electronicMailAddress>    <role>DISTRIBUTOR</role>
    </associatedParty>
      <pubDate>
      2020-10-21
      </pubDate>
    <language>ENGLISH</language>
    <abstract>
        <para>Queen Victoria Museum Art Gallery provider for OZCAM</para>
    </abstract>
      <intellectualRights>
        <para>This work is licensed under a <ulink url="http://creativecommons.org/licenses/by/4.0/legalcode"><citetitle>Creative Commons Attribution (CC-BY) 4.0 License</citetitle></ulink>.</para>
      </intellectualRights>
      <distribution scope="document">
          <online>
              <url function="information">https://collections.ala.org.au/public/show/dr345</url>
          </online>
      </distribution>
      <contact>
    <individualName>
<givenName>OZCAM</givenName>          <surName>Webmaster</surName>
    </individualName>
<positionName>Webmaster</positionName><electronicMailAddress>OZCAM.CHAFC@gmail.com</electronicMailAddress>      </contact>
      <methods>
      </methods>

</dataset>

<additionalMetadata>
    <metadata>
      <gbif>
        <dateStamp>2022-02-07T02:29:55Z</dateStamp>
      <citation>Queen Victoria Museum and Art Gallery (2020). Queen Victoria Museum Art Gallery provider for OZCAM. Occurrence dataset https://doi.org/10.15468/tedfxn accessed via GBIF.org on 2022-02-07.</citation>
              <resourceLogoUrl>https://collections.ala.org.au/data/dataProvider/ozcam.png</resourceLogoUrl>
      </gbif>
    </metadata>
</additionalMetadata>

</eml:eml>
