<?xml version="1.0" encoding="utf-8"?>
<eml:eml xmlns:eml="eml://ecoinformatics.org/eml-2.1.1" xmlns:xsi="http://www.w3.org/2001/XMLSchema-instance"
         xsi:schemaLocation="eml://ecoinformatics.org/eml-2.1.1 http://rs.gbif.org/schema/eml-gbif-profile/1.1/eml.xsd"
        packageId="10.15468/dl.k6fkew"  system="http://gbif.org" scope="system"
  xml:lang="en">

<dataset>
        <alternateIdentifier>0148112-210914110416597</alternateIdentifier>
    <title>GBIF Occurrence Download 10.15468/dl.k6fkew</title>
    <creator>
    <individualName>
          <surName>GBIF Download Service</surName>
    </individualName>
<electronicMailAddress>support@gbif.org</electronicMailAddress>    </creator>
    <metadataProvider>
    <individualName>
          <surName>GBIF Download Service</surName>
    </individualName>
<electronicMailAddress>support@gbif.org</electronicMailAddress>    </metadataProvider>
      <pubDate>
      2022-02-21
      </pubDate>
    <language>ENGLISH</language>
    <abstract>
        <para>A dataset containing all occurrences available in GBIF matching the query:
{
  &quot;and&quot; : [
    &quot;CoordinateUncertaintyInMeters 0.0-1000.0&quot;,
    {
      &quot;or&quot; : [
        &quot;Geometry POLYGON((-75.67383 6.32076,-84.99023 22.11109,-104.61182 28.16895,-108.54492 17.81669,-86.92383 6.14602,-75.67383 6.32076))&quot;,
        &quot;Geometry POLYGON((132.71484 -8.74394,110.21484 -21.60637,113.02734 -38.53957,152.05078 -46.55131,155.8913 -25.64963,150.0293 -17.92969,143.52539 -9.84375,132.71484 -8.74394))&quot;,
        &quot;Geometry POLYGON((10.81055 -15.46875,11.86523 -35.8846,36.47461 -36.38672,36.29883 -15.46875,10.81055 -15.46875))&quot;
      ]
    },
    {
      &quot;not&quot; : {
        &quot;or&quot; : [
          &quot;Geometry POLYGON((-85.6831 11.2195,-85.6831 10.8022,-85.602 10.8022,-85.602 11.2195,-85.6831 11.2195))&quot;,
          &quot;Geometry POLYGON((-85.3493 10.4683,-85.3493 10.3178,-84.99 10.3178,-84.99 10.4683,-85.3493 10.4683))&quot;,
          &quot;Geometry POLYGON((-84.83 10.3147,-84.83 10.2336,-84.5923 10.2336,-84.5923 10.3147,-84.83 10.3147))&quot;,
          &quot;Geometry POLYGON((-84.2433 10.1786,-84.2433 9.6463,-83.72 9.6463,-83.72 10.1786,-84.2433 10.1786))&quot;,
          &quot;Geometry POLYGON((-84.2433 10.7109,-84.2433 10.1786,-83.72 10.1786,-83.72 10.7109,-84.2433 10.7109))&quot;,
          &quot;Geometry POLYGON((-83.53 8.8007,-83.53 8.5656,-83.1006 8.5656,-83.1006 8.8007,-83.53 8.8007))&quot;,
          &quot;Geometry POLYGON((16.9586 -28.2844,16.9586 -28.465,17.4603 -28.465,17.4603 -28.2844,16.9586 -28.2844))&quot;,
          &quot;Geometry POLYGON((17.4403 -29.3403,17.4403 -29.6767,17.9421 -29.6767,17.9421 -29.3403,17.4403 -29.3403))&quot;,
          &quot;Geometry POLYGON((17.8698 -30.11,17.8698 -30.56,18.3767 -30.56,18.3767 -30.11,17.8698 -30.11))&quot;,
          &quot;Geometry POLYGON((18.3629 -33.9864,18.3629 -34.3434,18.8768 -34.3434,18.8768 -33.9864,18.3629 -33.9864))&quot;,
          &quot;Geometry POLYGON((18.3629 -33.6293,18.3629 -33.9864,18.8768 -33.9864,18.8768 -33.6293,18.3629 -33.6293))&quot;,
          &quot;Geometry POLYGON((30.5733 -29.6594,30.5733 -29.8945,31.0767 -29.8945,31.0767 -29.6594,30.5733 -29.6594))&quot;,
          &quot;Geometry POLYGON((30.804 -23.9119,30.804 -24.4216,31.304 -24.4216,31.304 -23.9119,30.804 -23.9119))&quot;,
          &quot;Geometry POLYGON((31.146 -24.5316,31.146 -25.0064,31.6048 -25.0064,31.6048 -24.5316,31.146 -24.5316))&quot;
        ]
      }
    },
    &quot;HasGeospatialIssue is false&quot;,
    &quot;OccurrenceStatus is Present&quot;,
    {
      &quot;or&quot; : [
        &quot;TaxonKey is Xenopus laevis (Daudin, 1802)&quot;,
        &quot;TaxonKey is Breviceps adspersus Peters, 1882&quot;,
        &quot;TaxonKey is Chiromantis xerampelina Peters, 1854&quot;,
        &quot;TaxonKey is Arthroleptella lightfooti (Boulenger, 1910)&quot;,
        &quot;TaxonKey is Cacosternum namaquense Werner, 1910&quot;,
        &quot;TaxonKey is Agalychnis callidryas (Cope, 1862)&quot;,
        &quot;TaxonKey is Dendrobates auratus (Girard, 1855)&quot;,
        &quot;TaxonKey is Rhinophrynus dorsalis Duméril &amp; Bibron, 1841&quot;,
        &quot;TaxonKey is Atelopus senex Taylor, 1952&quot;,
        &quot;TaxonKey is Hyalinobatrachium colymbiphyllum (Taylor, 1949)&quot;,
        &quot;TaxonKey is Austrochaperina pluvialis (Zweifel, 1965)&quot;,
        &quot;TaxonKey is Crinia glauerti Loveridge, 1933&quot;,
        &quot;TaxonKey is Crinia signifera Girard, 1853&quot;,
        &quot;TaxonKey is Ranoidea australis (Gray, 1842)&quot;,
        &quot;TaxonKey is Litoria fallax (Peters, 1880)&quot;
      ]
    }
  ]
}
The dataset includes records from the following constituent datasets. The full metadata for each constituent is also included in this archive:
1 records from SMNS Herpetologie
2 records from University of Michigan Museum of Zoology, Division of Reptiles &amp; Amphibians
2 records from Anfibios y reptiles del estado de Tamaulipas, México
2 records from Anfibios y reptiles de las regiones Chimalapas (7) y bosque de coníferas y BMM de Veracruz (11)
2 records from Logan City Council Species Sightings
2 records from Demografía e historia de vida de la lagartija Xenosaurus newmanorum en Xilitla, San Luis Potosí
2 records from Western Australian Museum provider for OZCAM
2 records from Anfibios y reptiles del estado de Nuevo León
3 records from Fortalecimiento de las colecciones de ECOSUR. Primera fase (Herpetológica San cristóbal)
4 records from CAS Herpetology (HERP)
5 records from SDNHM Herpetology Collection
7 records from Actualización de la base de datos de la colección nacional de anfibios y reptiles (CNAR)
8 records from Inventario herpetofaunístico de la reserva de la biosfera La Sepultura, Chiapas, México
8 records from Universidad del Valle de Guatemala - Colecciones Biológicas - Anfibios
10 records from University of Florida Herpetology
13 records from RBINS DaRWIN
14 records from Herpetology Collection - Royal Ontario Museum
22 records from NMNH Extant Specimen Records (USNM, US)
26 records from Sistematización de las colecciones científicas del Instituto de Historia Natural y Ecología, (IHNE) Chiapas
28 records from La Colección Herpetológica de la Estación de Biología Tropical Los Tuxtlas, Veracruz
30 records from Fortalecimiento de las colecciones de ECOSUR. Primera fase (Herpetológica Chetumal)
30 records from MVZ Herp Collection (Arctos)
31 records from naturgucker
32 records from Estado actual de la distribución de los anfibios y reptiles de la Región de Los Tuxtlas
32 records from Museums Victoria provider for OZCAM
55 records from Propuesta para la realización de 37 fichas biológicas de las especies de herpetofauna incluidas en la NOM-059 presentes en la Península de Yucatán
59 records from Museum of Comparative Zoology, Harvard University
65 records from Herpetofauna del Estado de Veracruz
66 records from ALA species sightings and OzAtlas
102 records from Formación de una base de datos y elaboración de un atlas de la herpetofauna de México (Anfibiosreptiles)
177 records from Observation.org, Nature data from around the World
195 records from Actualización y enriquecimiento de las bases de datos del proyecto de evaluación y análisis geográfico de la diversidad faunística de Chiapas
211 records from Australian National Wildlife Collection provider for OZCAM
216 records from Arthur Chapman Observations
268 records from Fauna Atlas N.T.
408 records from Australian Museum provider for OZCAM
590 records from ACT Wildlife Atlas
674 records from Queensland Museum provider for OZCAM
1597 records from Melbourne Water Frog Census
2129 records from Tasmanian Natural Values Atlas
2622 records from WildNet - Queensland Wildlife Data
2907 records from iNaturalist Research-grade Observations
10635 records from Victorian Biodiversity Atlas
10732 records from SA Fauna (BDBSA)
54395 records from NSW BioNet Atlas
70516 records from FrogID</para>
    </abstract>
      <contact>
    <individualName>
          <surName>GBIF Download Service</surName>
    </individualName>
<electronicMailAddress>support@gbif.org</electronicMailAddress>      </contact>

</dataset>

<additionalMetadata>
    <metadata>
      <gbif>
        <dateStamp>2022-02-21T06:18:12Z</dateStamp>
      <citation identifier="10.15468/dl.k6fkew">GBIF Occurrence Download 10.15468/dl.k6fkew</citation>
              <physical>
                  <objectName>Darwin Core Archive</objectName>
                  <characterEncoding>UTF-8</characterEncoding>
                  <dataFormat>
                      <externallyDefinedFormat>
                          <formatName>Darwin Core Archive</formatName>
                      </externallyDefinedFormat>
                  </dataFormat>
                  <distribution>
                      <online>
                          <url function="download">https://api.gbif.org/v1/occurrence/download/request/0148112-210914110416597.zip</url>
                      </online>
                  </distribution>
              </physical>
      </gbif>
    </metadata>
</additionalMetadata>

</eml:eml>
