<?xml version="1.0" encoding="utf-8"?>
<eml:eml xmlns:eml="eml://ecoinformatics.org/eml-2.1.1" xmlns:xsi="http://www.w3.org/2001/XMLSchema-instance"
         xsi:schemaLocation="eml://ecoinformatics.org/eml-2.1.1 http://rs.gbif.org/schema/eml-gbif-profile/1.1/eml.xsd"
        packageId="10.15468/dl.48nqwt"  system="http://gbif.org" scope="system"
  xml:lang="en">

<dataset>
        <alternateIdentifier>0128886-210914110416597</alternateIdentifier>
    <title>GBIF Occurrence Download 10.15468/dl.48nqwt</title>
    <creator>
    <individualName>
          <surName>GBIF Download Service</surName>
    </individualName>
<electronicMailAddress>support@gbif.org</electronicMailAddress>    </creator>
    <metadataProvider>
    <individualName>
          <surName>GBIF Download Service</surName>
    </individualName>
<electronicMailAddress>support@gbif.org</electronicMailAddress>    </metadataProvider>
      <pubDate>
      2022-02-07
      </pubDate>
    <language>ENGLISH</language>
    <abstract>
        <para>A dataset containing all occurrences available in GBIF matching the query:
{
  &quot;and&quot; : [
    {
      &quot;or&quot; : [
        &quot;Country is Australia&quot;,
        &quot;Country is Costa Rica&quot;,
        &quot;Country is South Africa&quot;
      ]
    },
    &quot;OccurrenceStatus is Present&quot;,
    {
      &quot;or&quot; : [
        &quot;VerbatimScientificName is Xenopus laevis&quot;,
        &quot;VerbatimScientificName is Breviceps adspersus&quot;,
        &quot;VerbatimScientificName is Chiromantis xerampelina&quot;,
        &quot;VerbatimScientificName is Arthroleptella lightfooti&quot;,
        &quot;VerbatimScientificName is Cacosternum namaquense&quot;,
        &quot;VerbatimScientificName is Agalychnis callidryas&quot;,
        &quot;VerbatimScientificName is Dendrobates auratus&quot;,
        &quot;VerbatimScientificName is Rhinophrynus dorsalis&quot;,
        &quot;VerbatimScientificName is Atelopus senex&quot;,
        &quot;VerbatimScientificName is Hyalinobatrachium colymbiphyllum&quot;,
        &quot;VerbatimScientificName is Austrochaperina pluvialis&quot;,
        &quot;VerbatimScientificName is Crinia glauerti&quot;,
        &quot;VerbatimScientificName is Crinia signifera&quot;,
        &quot;VerbatimScientificName is Ranoidea australis&quot;,
        &quot;VerbatimScientificName is Litoria fallax&quot;
      ]
    }
  ]
}
The dataset includes records from the following constituent datasets. The full metadata for each constituent is also included in this archive:
1 records from BYU Herpetology Collection
1 records from SDNHM Herpetology Collection
1 records from Albury Wodonga Nature Map
1 records from Colección de Anfibios del Instituto de Investigación de Recursos Biológicos Alexander von Humboldt (IAvH-Am)
1 records from The reptiles, amphibians and fishes collection (ZA) in the Comparative Anatomy Collection of the Muséum national d&apos;Histoire naturelle (MNHN - Paris)
1 records from City of Sydney Council Fauna Sightings
1 records from Southern Highlands Nature Map
1 records from Amphibians and Reptiles collection at the Natural History Museum of Denmark (SNM)
1 records from Database of Australasian Vertebrate Occurrences
1 records from Macquarie University Biodiversity and Conservation Student Observations
1 records from MSB Amphibian and Reptile Collection (Arctos)
1 records from UiO NHM Herpetile collection
1 records from ZUEC-AMP - Coleção de Anfíbios do Museu de Zoologia da UNICAMP
1 records from Littlewood Species List
1 records from ECOLINC: BIODIVERSITY OF THE WESTERN VOLCANIC PLAINS SIGHTINGS
1 records from HSU Vertebrate Museum Amphibian Collection
1 records from Herpetology Collection
2 records from Fonoteca Zoológica, Museo Nacional de Ciencias Naturales, Madrid: FZ_AMPHIBIA
2 records from Herps Specimens
2 records from ACT BioBlitz
2 records from Logan City Council Species Sightings
2 records from UMNH Reptiles and Amphibians Collection (Arctos)
3 records from UTEP Herpetology Osteology (Arctos)
4 records from MSUM Ichthyology and Herpetology Collections
4 records from Northern Gulf Fauna Survey
4 records from International Barcode of Life project (iBOL)
4 records from Herpetology Collection NRM
4 records from Arizona State University Herpetology Collection
6 records from UCM Amphibian and Reptile Collection (Arctos)
6 records from Herpetology Collection - Royal Ontario Museum
7 records from Great Eastern Ranges - Slopes to Summit
8 records from UTA Herpetology
8 records from PSM Vertebrates Collection
8 records from AM: Freshwater Invertebrates (1900-2005)
11 records from TNHC Herpetology Collection
12 records from Macaulay Library Audio and Video Collection
13 records from Vertebrate Zoology Division - Herpetology, Yale Peabody Museum
14 records from Geelong Field Naturalists Club
15 records from Atlas of Life in the Coastal Wilderness
18 records from SMNS Herpetologie
18 records from NatureShare
20 records from CM Herps Collection
22 records from Northern Territory Museum and Art Gallery provider for OZCAM
23 records from HerpMapper
25 records from CUMV Amphibian and Reptile Collection
26 records from LSUMZ Herps Collection
26 records from Herpetology
26 records from Natural History Museum (London) Collection Specimens
27 records from Tasmanian Museum and Art Gallery provider for OZCAM
46 records from naturgucker
69 records from Canberra Nature Map
90 records from Biodiversity Research and Teaching Collections - TCWC Vertebrates
92 records from Queen Victoria Museum Art Gallery provider for OZCAM
105 records from University of Florida Herpetology
106 records from MVZ Herp Collection (Arctos)
127 records from University of Michigan Museum of Zoology, Division of Reptiles &amp; Amphibians
129 records from ALA species sightings and OzAtlas
180 records from INSDC Sequences
216 records from Arthur Chapman Observations
221 records from CAS Herpetology (HERP)
263 records from Earth Guardians Weekly Feed
264 records from The distribution and host range of the pandemic disease chytridiomycosis in Australia, spanning surveys from 1956 to 2007.
282 records from Observation.org, Nature data from around the World
397 records from Field Museum of Natural History (Zoology) Amphibian and Reptile Collection
423 records from AMNH Herpetology Collections
595 records from ACT Wildlife Atlas
636 records from KUBI Herpetology Collection
664 records from Frogwatch ACT and Region
708 records from NMNH Extant Specimen Records (USNM, US)
710 records from Australian National Wildlife Collection provider for OZCAM
736 records from Ditsong National Museum of Natural History Collection: 1805-2008
758 records from LACM Vertebrate Collection
1305 records from Western Australian Museum provider for OZCAM
1337 records from South Australian Museum Australia provider for OZCAM
1385 records from Queensland Museum provider for OZCAM
1688 records from FrogWatch SA
2424 records from Tasmanian Natural Values Atlas
2594 records from WildNet - Queensland Wildlife Data
3110 records from Australian Museum provider for OZCAM
3481 records from Melbourne Water Frog Census
5306 records from Museums Victoria provider for OZCAM
10727 records from SA Fauna (BDBSA)
12828 records from Victorian Biodiversity Atlas
32335 records from frogid_dataset
56011 records from NSW BioNet Atlas</para>
    </abstract>
      <contact>
    <individualName>
          <surName>GBIF Download Service</surName>
    </individualName>
<electronicMailAddress>support@gbif.org</electronicMailAddress>      </contact>

</dataset>

<additionalMetadata>
    <metadata>
      <gbif>
        <dateStamp>2022-02-07T04:35:03Z</dateStamp>
      <citation identifier="10.15468/dl.48nqwt">GBIF Occurrence Download 10.15468/dl.48nqwt</citation>
              <physical>
                  <objectName>Darwin Core Archive</objectName>
                  <characterEncoding>UTF-8</characterEncoding>
                  <dataFormat>
                      <externallyDefinedFormat>
                          <formatName>Darwin Core Archive</formatName>
                      </externallyDefinedFormat>
                  </dataFormat>
                  <distribution>
                      <online>
                          <url function="download">https://api.gbif.org/v1/occurrence/download/request/0128886-210914110416597.zip</url>
                      </online>
                  </distribution>
              </physical>
      </gbif>
    </metadata>
</additionalMetadata>

</eml:eml>
