<?xml version="1.0" encoding="utf-8"?>
<eml:eml xmlns:eml="eml://ecoinformatics.org/eml-2.1.1" xmlns:xsi="http://www.w3.org/2001/XMLSchema-instance"
         xsi:schemaLocation="eml://ecoinformatics.org/eml-2.1.1 http://rs.gbif.org/schema/eml-gbif-profile/1.1/eml.xsd"
        packageId="10.15468/dl.kwzkgc"  system="http://gbif.org" scope="system"
  xml:lang="en">

<dataset>
        <alternateIdentifier>0128634-210914110416597</alternateIdentifier>
    <title>GBIF Occurrence Download 10.15468/dl.kwzkgc</title>
    <creator>
    <individualName>
          <surName>GBIF Download Service</surName>
    </individualName>
<electronicMailAddress>support@gbif.org</electronicMailAddress>    </creator>
    <metadataProvider>
    <individualName>
          <surName>GBIF Download Service</surName>
    </individualName>
<electronicMailAddress>support@gbif.org</electronicMailAddress>    </metadataProvider>
      <pubDate>
      2022-02-07
      </pubDate>
    <language>ENGLISH</language>
    <abstract>
        <para>A dataset containing all occurrences available in GBIF matching the query:
{
  &quot;and&quot; : [
    {
      &quot;or&quot; : [
        &quot;Geometry POLYGON((113.08318 -19.92952,112.46777 -36.17795,147.85913 -47.05129,159.50563 -27.66985,145.06047 -10.31978,132.51192 -9.99047,113.08318 -19.92952))&quot;,
        &quot;Geometry POLYGON((29.05101 -21.52551,21.24592 -26.74377,20.00776 -24.40266,19.71895 -28.25368,16.68392 -28.89764,18.10105 -37.08314,33.31111 -32.07842,31.48878 -22.50746,29.05101 -21.52551))&quot;,
        &quot;Geometry POLYGON((-85.90355 11.1787,-86.15624 10.87476,-86.11211 9.10526,-82.85617 7.89207,-82.81283 9.47326,-82.47434 9.68668,-83.46752 11.0091,-85.90355 11.1787))&quot;
      ]
    },
    &quot;HasCoordinate is true&quot;,
    &quot;HasGeospatialIssue is false&quot;,
    &quot;OccurrenceStatus is Present&quot;,
    {
      &quot;or&quot; : [
        &quot;VerbatimScientificName is Xenopus laevis&quot;,
        &quot;VerbatimScientificName is Breviceps adspersus&quot;,
        &quot;VerbatimScientificName is Chiromantis xerampelina&quot;,
        &quot;VerbatimScientificName is Arthroleptella lightfooti&quot;,
        &quot;VerbatimScientificName is Cacosternum namaquense&quot;,
        &quot;VerbatimScientificName is Agalychnis callidryas&quot;,
        &quot;VerbatimScientificName is Dendrobates auratus&quot;,
        &quot;VerbatimScientificName is Rhinophrynus dorsalis&quot;,
        &quot;VerbatimScientificName is Atelopus senex&quot;,
        &quot;VerbatimScientificName is Hyalinobatrachium colymbiphyllum&quot;,
        &quot;VerbatimScientificName is Austrochaperina pluvialis&quot;,
        &quot;VerbatimScientificName is Crinia glauerti&quot;,
        &quot;VerbatimScientificName is Crinia signifera&quot;,
        &quot;VerbatimScientificName is Ranoidea australis&quot;,
        &quot;VerbatimScientificName is Litoria fallax&quot;
      ]
    }
  ]
}
The dataset includes records from the following constituent datasets. The full metadata for each constituent is also included in this archive:
1 records from Albury Wodonga Nature Map
1 records from City of Sydney Council Fauna Sightings
1 records from Southern Highlands Nature Map
1 records from Herpetology Collection - Royal Ontario Museum
1 records from Database of Australasian Vertebrate Occurrences
1 records from Macquarie University Biodiversity and Conservation Student Observations
1 records from MSB Amphibian and Reptile Collection (Arctos)
1 records from Littlewood Species List
1 records from ECOLINC: BIODIVERSITY OF THE WESTERN VOLCANIC PLAINS SIGHTINGS
2 records from ACT BioBlitz
2 records from Logan City Council Species Sightings
3 records from UTEP Herpetology Osteology (Arctos)
3 records from Arizona State University Herpetology Collection
4 records from Northern Gulf Fauna Survey
4 records from International Barcode of Life project (iBOL)
4 records from Herpetology Collection NRM
6 records from University of Florida Herpetology
6 records from UCM Amphibian and Reptile Collection (Arctos)
7 records from Great Eastern Ranges - Slopes to Summit
7 records from Macaulay Library Audio and Video Collection
8 records from AM: Freshwater Invertebrates (1900-2005)
10 records from CM Herps Collection
12 records from Biodiversity Research and Teaching Collections - TCWC Vertebrates
13 records from Vertebrate Zoology Division - Herpetology, Yale Peabody Museum
14 records from Geelong Field Naturalists Club
15 records from SMNS Herpetologie
15 records from Atlas of Life in the Coastal Wilderness
18 records from NatureShare
22 records from Northern Territory Museum and Art Gallery provider for OZCAM
24 records from CUMV Amphibian and Reptile Collection
27 records from Tasmanian Museum and Art Gallery provider for OZCAM
47 records from naturgucker
69 records from Canberra Nature Map
73 records from INSDC Sequences
92 records from Queen Victoria Museum Art Gallery provider for OZCAM
96 records from MVZ Herp Collection (Arctos)
119 records from University of Michigan Museum of Zoology, Division of Reptiles &amp; Amphibians
129 records from ALA species sightings and OzAtlas
216 records from Arthur Chapman Observations
220 records from CAS Herpetology (HERP)
263 records from Earth Guardians Weekly Feed
264 records from The distribution and host range of the pandemic disease chytridiomycosis in Australia, spanning surveys from 1956 to 2007.
283 records from Observation.org, Nature data from around the World
398 records from LACM Vertebrate Collection
446 records from KUBI Herpetology Collection
516 records from Ditsong National Museum of Natural History Collection: 1805-2008
595 records from ACT Wildlife Atlas
654 records from NMNH Extant Specimen Records (USNM, US)
664 records from Frogwatch ACT and Region
686 records from Australian National Wildlife Collection provider for OZCAM
1291 records from South Australian Museum Australia provider for OZCAM
1293 records from Western Australian Museum provider for OZCAM
1366 records from Queensland Museum provider for OZCAM
1688 records from FrogWatch SA
2424 records from Tasmanian Natural Values Atlas
2594 records from WildNet - Queensland Wildlife Data
3109 records from Australian Museum provider for OZCAM
3481 records from Melbourne Water Frog Census
5295 records from Museums Victoria provider for OZCAM
10727 records from SA Fauna (BDBSA)
12828 records from Victorian Biodiversity Atlas
32335 records from frogid_dataset
56010 records from NSW BioNet Atlas</para>
    </abstract>
      <contact>
    <individualName>
          <surName>GBIF Download Service</surName>
    </individualName>
<electronicMailAddress>support@gbif.org</electronicMailAddress>      </contact>

</dataset>

<additionalMetadata>
    <metadata>
      <gbif>
        <dateStamp>2022-02-07T02:30:02Z</dateStamp>
      <citation identifier="10.15468/dl.kwzkgc">GBIF Occurrence Download 10.15468/dl.kwzkgc</citation>
              <physical>
                  <objectName>Darwin Core Archive</objectName>
                  <characterEncoding>UTF-8</characterEncoding>
                  <dataFormat>
                      <externallyDefinedFormat>
                          <formatName>Darwin Core Archive</formatName>
                      </externallyDefinedFormat>
                  </dataFormat>
                  <distribution>
                      <online>
                          <url function="download">https://api.gbif.org/v1/occurrence/download/request/0128634-210914110416597.zip</url>
                      </online>
                  </distribution>
              </physical>
      </gbif>
    </metadata>
</additionalMetadata>

</eml:eml>
