<?xml version="1.0" encoding="utf-8"?>
<eml:eml xmlns:eml="eml://ecoinformatics.org/eml-2.1.1" xmlns:xsi="http://www.w3.org/2001/XMLSchema-instance"
         xsi:schemaLocation="eml://ecoinformatics.org/eml-2.1.1 http://rs.gbif.org/schema/eml-gbif-profile/1.1/eml.xsd"
        packageId="2812fba1-cf15-471e-88f0-1a4e6f25f72c"  system="http://gbif.org" scope="system"
  xml:lang="en">

<dataset>
      <alternateIdentifier>10.15468/wyol5m</alternateIdentifier>
        <alternateIdentifier>https://collections.ala.org.au/public/show/dr356</alternateIdentifier>
        <alternateIdentifier>4c727ce8-bc0f-3525-a4ff-f14f70ecc553</alternateIdentifier>
        <alternateIdentifier>http://collections.ala.org.au/public/show/dr356</alternateIdentifier>
        <alternateIdentifier>2812fba1-cf15-471e-88f0-1a4e6f25f72c</alternateIdentifier>
        <alternateIdentifier>789715ac-fa65-37d3-b95b-8b8c6de6b364</alternateIdentifier>
        <alternateIdentifier>f81666ae-c666-30d8-bc3e-fa169c191b8f</alternateIdentifier>
    <title>Littlewood Species List</title>
    <creator>
<organizationName>Littlewood</organizationName>    <address>
<deliveryPoint>Valla Rd</deliveryPoint><city>Valla</city><administrativeArea>New South Wales</administrativeArea>    </address>
    </creator>
    <metadataProvider>
<organizationName>Littlewood</organizationName>    <address>
<deliveryPoint>Valla Rd</deliveryPoint><city>Valla</city><administrativeArea>New South Wales</administrativeArea>    </address>
    </metadataProvider>
    <associatedParty>
<organizationName>Atlas of Living Australia</organizationName>    <address>
<deliveryPoint>CSIRO Ecosystems Services</deliveryPoint><city>Canberra</city><administrativeArea>ACT</administrativeArea><postalCode>2601</postalCode><country>AUSTRALIA</country>    </address>
<electronicMailAddress>info@ala.org.au</electronicMailAddress>    <role>DISTRIBUTOR</role>
    </associatedParty>
      <pubDate>
      2019-09-26
      </pubDate>
    <language>ENGLISH</language>
    <abstract>
        <para>Species observations at Littlewood</para>
    </abstract>
      <intellectualRights>
        <para>This work is licensed under a <ulink url="http://creativecommons.org/licenses/by-nc/4.0/legalcode"><citetitle>Creative Commons Attribution Non Commercial (CC-BY-NC) 4.0 License</citetitle></ulink>.</para>
      </intellectualRights>
      <distribution scope="document">
          <online>
              <url function="information">https://collections.ala.org.au/public/show/dr356</url>
          </online>
      </distribution>
      <contact>
    <individualName>
<givenName>Paul</givenName>          <surName>Davies</surName>
    </individualName>
<positionName>Data Coordinator</positionName><electronicMailAddress>littlewood@activ8.net.au</electronicMailAddress>      </contact>
      <methods>
      </methods>

</dataset>

<additionalMetadata>
    <metadata>
      <gbif>
        <dateStamp>2022-02-07T04:34:58Z</dateStamp>
      <citation>Littlewood (2019). Littlewood Species List. Occurrence dataset https://doi.org/10.15468/wyol5m accessed via GBIF.org on 2022-02-07.</citation>
      </gbif>
    </metadata>
</additionalMetadata>

</eml:eml>
