<?xml version="1.0" encoding="utf-8"?>
<eml:eml xmlns:eml="eml://ecoinformatics.org/eml-2.1.1" xmlns:xsi="http://www.w3.org/2001/XMLSchema-instance"
         xsi:schemaLocation="eml://ecoinformatics.org/eml-2.1.1 http://rs.gbif.org/schema/eml-gbif-profile/1.1/eml.xsd"
        packageId="32e8c7c1-b6a8-41b3-8379-6528200ffcff"  system="http://gbif.org" scope="system"
  xml:lang="en">

<dataset>
      <alternateIdentifier>10.15468/y0gr6x</alternateIdentifier>
        <alternateIdentifier>https://collections.ala.org.au/public/show/dr1057</alternateIdentifier>
        <alternateIdentifier>a019aae5-93b6-30a1-9ac1-46e7926f203e</alternateIdentifier>
        <alternateIdentifier>http://collections.ala.org.au/public/show/dr1057</alternateIdentifier>
        <alternateIdentifier>32e8c7c1-b6a8-41b3-8379-6528200ffcff</alternateIdentifier>
        <alternateIdentifier>e6aae36f-a8d9-3597-9816-49f4592505f5</alternateIdentifier>
        <alternateIdentifier>b93ba1d6-d4ae-3cd5-abdd-da26bcaef613</alternateIdentifier>
    <title>ECOLINC: BIODIVERSITY OF THE WESTERN VOLCANIC PLAINS SIGHTINGS</title>
    <creator>
<organizationName>ECOLINC: BIODIVERSITY OF THE WESTERN VOLCANIC PLAINS SIGHTINGS</organizationName>    <address>
<deliveryPoint>17-23 Labilliere Street</deliveryPoint><city>Bacchus Marsh</city><administrativeArea>Victoria</administrativeArea><postalCode>3340</postalCode><country>AUSTRALIA</country>    </address>
<electronicMailAddress>ecolinc@edumail.vic.gov.au</electronicMailAddress><onlineUrl>http://www.ecolinc.vic.edu.au</onlineUrl>    </creator>
    <metadataProvider>
<organizationName>ECOLINC: BIODIVERSITY OF THE WESTERN VOLCANIC PLAINS SIGHTINGS</organizationName>    <address>
<deliveryPoint>17-23 Labilliere Street</deliveryPoint><city>Bacchus Marsh</city><administrativeArea>Victoria</administrativeArea><postalCode>3340</postalCode><country>AUSTRALIA</country>    </address>
<electronicMailAddress>ecolinc@edumail.vic.gov.au</electronicMailAddress><onlineUrl>http://www.ecolinc.vic.edu.au</onlineUrl>    </metadataProvider>
    <associatedParty>
<organizationName>Atlas of Living Australia</organizationName>    <address>
<deliveryPoint>CSIRO Ecosystems Services</deliveryPoint><city>Canberra</city><administrativeArea>ACT</administrativeArea><postalCode>2601</postalCode><country>AUSTRALIA</country>    </address>
<electronicMailAddress>info@ala.org.au</electronicMailAddress>    <role>DISTRIBUTOR</role>
    </associatedParty>
      <pubDate>
      2019-09-26
      </pubDate>
    <language>ENGLISH</language>
    <abstract>
        <para>Ecolinc is a Department of Education and Early Childhood Development (DEECD) Science Specialist Centre, specializing in the development and delivery of environmental science programs for students and teachers. The Biodiversity of the Western Volcanic Plains (BWVP) online educational program was funded by the DEECD and the Department of Environment and Primary Industries (DEPI). It includes the BWVP Flora and Fauna Field Guide app, which was launched in June 2013. The BWVP Flora and Fauna Field Guide is also available as a web-based learning object on the Ecolinc BWVP website. As part of the BWVP project, students and community members are encouraged to learn more about native grasslands by identifying and making sightings of plants and animals within the Victorian Volcanic Plain.</para>
    </abstract>
      <intellectualRights>
        <para>This work is licensed under a <ulink url="http://creativecommons.org/licenses/by-nc/4.0/legalcode"><citetitle>Creative Commons Attribution Non Commercial (CC-BY-NC) 4.0 License</citetitle></ulink>.</para>
      </intellectualRights>
      <distribution scope="document">
          <online>
              <url function="information">https://collections.ala.org.au/public/show/dr1057</url>
          </online>
      </distribution>
      <contact>
<organizationName>Atlas of Living Australia</organizationName>    <address>
<deliveryPoint>CSIRO Ecosystems Services</deliveryPoint><city>Canberra</city><administrativeArea>ACT</administrativeArea><postalCode>2601</postalCode><country>AUSTRALIA</country>    </address>
<electronicMailAddress>info@ala.org.au</electronicMailAddress>      </contact>
      <methods>
      </methods>

</dataset>

<additionalMetadata>
    <metadata>
      <gbif>
        <dateStamp>2022-02-07T04:34:58Z</dateStamp>
      <citation>Atlas of Living Australia (2019). ECOLINC: BIODIVERSITY OF THE WESTERN VOLCANIC PLAINS SIGHTINGS. Occurrence dataset https://doi.org/10.15468/y0gr6x accessed via GBIF.org on 2022-02-07.</citation>
              <resourceLogoUrl>https://collections.ala.org.au/data/dataResource/ecolinc_stic_sml.jpg</resourceLogoUrl>
      </gbif>
    </metadata>
</additionalMetadata>

</eml:eml>
