<?xml version="1.0" encoding="utf-8"?>
<eml:eml xmlns:eml="eml://ecoinformatics.org/eml-2.1.1" xmlns:xsi="http://www.w3.org/2001/XMLSchema-instance"
         xsi:schemaLocation="eml://ecoinformatics.org/eml-2.1.1 http://rs.gbif.org/schema/eml-gbif-profile/1.1/eml.xsd"
        packageId="4b75c0ac-f7c4-4883-942d-d1dfe6939754"  system="http://gbif.org" scope="system"
  xml:lang="en">

<dataset>
      <alternateIdentifier>10.15468/3qi5nj</alternateIdentifier>
        <alternateIdentifier>https://collections.ala.org.au/public/show/dr736</alternateIdentifier>
        <alternateIdentifier>1416264c-d3e5-3d90-8a13-679f0e66fa68</alternateIdentifier>
        <alternateIdentifier>http://collections.ala.org.au/public/show/dr736</alternateIdentifier>
        <alternateIdentifier>4b75c0ac-f7c4-4883-942d-d1dfe6939754</alternateIdentifier>
        <alternateIdentifier>ad3a355b-0595-3238-a0c4-3882cb3d89b1</alternateIdentifier>
        <alternateIdentifier>ff0f9c2b-207f-3cab-8865-edbb703c8c2c</alternateIdentifier>
    <title>Frogwatch ACT and Region</title>
    <creator>
<organizationName>NatureMapr</organizationName><electronicMailAddress>aaron@at3.am</electronicMailAddress><onlineUrl>http://naturemapr.org/</onlineUrl>    </creator>
    <metadataProvider>
<organizationName>NatureMapr</organizationName><electronicMailAddress>aaron@at3.am</electronicMailAddress><onlineUrl>http://naturemapr.org/</onlineUrl>    </metadataProvider>
    <associatedParty>
<organizationName>Atlas of Living Australia</organizationName>    <address>
<deliveryPoint>CSIRO Ecosystems Services</deliveryPoint><city>Canberra</city><administrativeArea>ACT</administrativeArea><postalCode>2601</postalCode><country>AUSTRALIA</country>    </address>
<electronicMailAddress>info@ala.org.au</electronicMailAddress>    <role>DISTRIBUTOR</role>
    </associatedParty>
      <pubDate>
      2020-12-30
      </pubDate>
    <language>ENGLISH</language>
    <abstract>
        <para>Frogwatch is an integral part of the Ginninderra Catchment Group and focuses on two things:

1. Frogwatch organises and maintains an annual community frog-monitoring program &amp;#61; Frogwatch Census that aims to involve large numbers of volunteers of all ages to undertake frog monitoring and protect frog habitats.

2. Frogwatch delivers free school education by providing information and resources for teachers and undertakes school visits to help students to learn all about the fascinating world of frogs not only within the ACT, but also from Yass to Cooma.</para>
    </abstract>
      <intellectualRights>
        <para>This work is licensed under a <ulink url="http://creativecommons.org/licenses/by/4.0/legalcode"><citetitle>Creative Commons Attribution (CC-BY) 4.0 License</citetitle></ulink>.</para>
      </intellectualRights>
      <distribution scope="document">
          <online>
              <url function="information">https://collections.ala.org.au/public/show/dr736</url>
          </online>
      </distribution>
      <contact>
<organizationName>Atlas of Living Australia</organizationName>    <address>
<deliveryPoint>CSIRO Ecosystems Services</deliveryPoint><city>Canberra</city><administrativeArea>ACT</administrativeArea><postalCode>2601</postalCode><country>AUSTRALIA</country>    </address>
<electronicMailAddress>info@ala.org.au</electronicMailAddress>      </contact>
      <methods>
      </methods>

</dataset>

<additionalMetadata>
    <metadata>
      <gbif>
        <dateStamp>2022-02-07T04:35:02Z</dateStamp>
      <citation>NatureMapr (2020). Frogwatch ACT and Region. Occurrence dataset https://doi.org/10.15468/3qi5nj accessed via GBIF.org on 2022-02-07.</citation>
              <resourceLogoUrl>https://collections.ala.org.au/data/dataProvider/naturemapr.png</resourceLogoUrl>
      </gbif>
    </metadata>
</additionalMetadata>

</eml:eml>
