<?xml version="1.0" encoding="utf-8"?>
<eml:eml xmlns:eml="eml://ecoinformatics.org/eml-2.1.1" xmlns:xsi="http://www.w3.org/2001/XMLSchema-instance"
         xsi:schemaLocation="eml://ecoinformatics.org/eml-2.1.1 http://rs.gbif.org/schema/eml-gbif-profile/1.1/eml.xsd"
        packageId="836c3a66-f762-11e1-a439-00145eb45e9a"  system="http://gbif.org" scope="system"
  xml:lang="en">

<dataset>
      <alternateIdentifier>10.15468/y98npb</alternateIdentifier>
        <alternateIdentifier>https://ipt.gbif.es/resource?r=fz_amphibia</alternateIdentifier>
        <alternateIdentifier>836c3a66-f762-11e1-a439-00145eb45e9a</alternateIdentifier>
        <alternateIdentifier>270</alternateIdentifier>
    <title>Fonoteca Zoológica, Museo Nacional de Ciencias Naturales, Madrid: FZ_AMPHIBIA</title>
    <creator>
    <individualName>
<givenName>Mercedes</givenName>          <surName>Pérez</surName>
    </individualName>
<organizationName>National Museum of Natural Science</organizationName>    <address>
<country>SPAIN</country>    </address>
<electronicMailAddress>fonoteca-zoologica@mncn.csic.es</electronicMailAddress>    </creator>
    <creator>
    <individualName>
<givenName>Laura</givenName>          <surName>González Ortiz</surName>
    </individualName>
<organizationName>National Museum of Natural Science</organizationName>    <address>
<country>SPAIN</country>    </address>
<electronicMailAddress>fonoteca-zoologica@mncn.csic.es</electronicMailAddress>    </creator>
    <metadataProvider>
    <individualName>
<givenName>Mercedes</givenName>          <surName>Pérez</surName>
    </individualName>
<organizationName>National Museum of Natural Science</organizationName>    <address>
<country>SPAIN</country>    </address>
<electronicMailAddress>fonoteca-zoologica@mncn.csic.es</electronicMailAddress>    </metadataProvider>
    <metadataProvider>
    <individualName>
<givenName>Laura</givenName>          <surName>González Ortiz</surName>
    </individualName>
<organizationName>National Museum of Natural Science</organizationName>    <address>
<country>SPAIN</country>    </address>
<electronicMailAddress>fonoteca-zoologica@mncn.csic.es</electronicMailAddress>    </metadataProvider>
      <pubDate>
      2020-06-18
      </pubDate>
    <language>ENGLISH</language>
    <abstract>
        <para>La FONOTECA ZOOLOGICA recopila, clasifica y almacena los registros sonoros de los principales animales acústicos, anfibios, anfibios, anfibios y mamíferos, en las denominadas colecciones bioacústicas. Así se conserva y actualiza la información, garantizando el acceso a la misma y ofreciendo una nueva herramienta de investigación de gran utilidad en los diferentes campos de la biología. METODOLOGIA. Todas las grabaciones en soporte vinilo, bobina, casete o DAT son sometidas a un proceso de digitalización y posterior edición y análisis espectrográfico para separar los distintos registros correspondientes a cada individuo de cada especie animal registrada en la grabación. La información referente a cada registro se introduce en una base de datos para permitir búsquedas por criterios taxonómicos y geográficos. Todos los registros procesados son numerados y almacenados en soporte disco compacto. La fonoteca se compone de dos colecciones, una de registros propios y otra de registros publicados. COLECCIONES. Los registros almacenados en la Fonoteca pueden dividirse en dos grupos según su origen. Por un lado están recopiladas todas las grabaciones que han sido publicadas en todo el mundo hasta la fecha. La colección de grabaciones publicadas se compone de 707 volúmenes (casete, vinilo y CD) con sonidos de animales de todas las partes del mundo, y cuenta con más de 24.000 registros, predominando las grabaciones de anfibios. Por otro lado se encuentra la colección de registros propios, compuesta por las grabaciones realizadas por el personal investigador de la Fonoteca y del Museo Nacional de Ciencias Naturales, así como grabaciones aportadas por investigadores de otros centros. Esta colección cuenta con más de 5.000 registros indizados. http://www.fonozoo.com</para>
        <para>Note: this dataset was previously orphaned. It has been rescued by ① extracting it from the GBIF.org index (see GBIF Download in External Data) and ② republishing it on this IPT data hosting centre as version 1.0.</para>
    </abstract>
        <keywordSet>
              <keyword>Occurrence</keyword>
              <keywordThesaurus>GBIF Dataset Type Vocabulary: http://rs.gbif.org/vocabulary/gbif/dataset_type.xml</keywordThesaurus>
        </keywordSet>
      <intellectualRights>
        <para>This work is licensed under a <ulink url="http://creativecommons.org/licenses/by-nc/4.0/legalcode"><citetitle>Creative Commons Attribution Non Commercial (CC-BY-NC) 4.0 License</citetitle></ulink>.</para>
      </intellectualRights>
      <distribution scope="document">
          <online>
              <url function="information">http://www.fonozoo.com</url>
          </online>
      </distribution>
      <maintenance>
          <description>
              <para></para>
          </description>
          <maintenanceUpdateFrequency>unkown</maintenanceUpdateFrequency>
      </maintenance>
      <contact>
    <individualName>
<givenName>Mercedes</givenName>          <surName>Pérez</surName>
    </individualName>
<organizationName>National Museum of Natural Science</organizationName>    <address>
<country>SPAIN</country>    </address>
<electronicMailAddress>fonoteca-zoologica@mncn.csic.es</electronicMailAddress>      </contact>
      <contact>
    <individualName>
<givenName>Laura</givenName>          <surName>González Ortiz</surName>
    </individualName>
<organizationName>National Museum of Natural Science</organizationName>    <address>
<country>SPAIN</country>    </address>
<electronicMailAddress>fonoteca-zoologica@mncn.csic.es</electronicMailAddress>      </contact>

</dataset>

<additionalMetadata>
    <metadata>
      <gbif>
        <dateStamp>2022-02-07T04:34:58Z</dateStamp>
      <citation>Pérez M, González Ortiz L (2020). Fonoteca Zoológica, Museo Nacional de Ciencias Naturales, Madrid: FZ_AMPHIBIA. Zoologic Audio, National Museum of Natural Science. Occurrence dataset https://doi.org/10.15468/y98npb accessed via GBIF.org on 2022-02-07.</citation>
              <physical>
                  <objectName>GBIF Occurrence Download</objectName>
                  <characterEncoding>UTF-8</characterEncoding>
                  <dataFormat>
                      <externallyDefinedFormat>
                          <formatName>Darwin Core Archive</formatName>
                      </externallyDefinedFormat>
                  </dataFormat>
                  <distribution>
                      <online>
                          <url function="download">http://api.gbif.org/v1/occurrence/download/request/0002122-180131172636756.zip</url>
                      </online>
                  </distribution>
              </physical>
      </gbif>
    </metadata>
</additionalMetadata>

</eml:eml>
