<?xml version="1.0" encoding="utf-8"?>
<eml:eml xmlns:eml="eml://ecoinformatics.org/eml-2.1.1" xmlns:xsi="http://www.w3.org/2001/XMLSchema-instance"
         xsi:schemaLocation="eml://ecoinformatics.org/eml-2.1.1 http://rs.gbif.org/schema/eml-gbif-profile/1.1/eml.xsd"
        packageId="847bbbde-f762-11e1-a439-00145eb45e9a"  system="http://gbif.org" scope="system"
  xml:lang="en">

<dataset>
      <alternateIdentifier>10.15468/5nvdeb</alternateIdentifier>
        <alternateIdentifier>http://ipt.vertnet.org:8080/ipt/resource?r=msum_fish_herps</alternateIdentifier>
        <alternateIdentifier>http://ipt.vertnet.org:8080/ipt/resource.do?r=msum_fish_herps</alternateIdentifier>
        <alternateIdentifier>847bbbde-f762-11e1-a439-00145eb45e9a</alternateIdentifier>
        <alternateIdentifier>541</alternateIdentifier>
    <title>MSUM Ichthyology and Herpetology Collections</title>
    <creator>
    <individualName>
<givenName>Laura</givenName>          <surName>Abraczinskas</surName>
    </individualName>
<organizationName>Michigan State University Museum</organizationName><positionName>Collections Manager</positionName>    <address>
<deliveryPoint>409 West Circle Drive</deliveryPoint><city>East Lansing</city><administrativeArea>MI</administrativeArea><postalCode>48824</postalCode><country>UNITED_STATES</country>    </address>
<phone>+01 517-355-1290</phone><electronicMailAddress>abraczi1@msu.edu</electronicMailAddress><onlineUrl>http://museum.msu.edu/</onlineUrl>    </creator>
    <metadataProvider>
    <individualName>
<givenName>Laura</givenName>          <surName>Abraczinskas</surName>
    </individualName>
<organizationName>Michigan State University Museum</organizationName><positionName>Collections Manager</positionName>    <address>
<deliveryPoint>409 West Circle Drive</deliveryPoint><city>East Lansing</city><administrativeArea>MI</administrativeArea><postalCode>48824</postalCode><country>UNITED_STATES</country>    </address>
<phone>+01 517-355-1290</phone><electronicMailAddress>abraczi1@msu.edu</electronicMailAddress><onlineUrl>http://museum.msu.edu/</onlineUrl>    </metadataProvider>
    <associatedParty>
    <individualName>
<givenName>David</givenName>          <surName>Bloom</surName>
    </individualName>
<organizationName>VertNet</organizationName><positionName>Programmer</positionName><electronicMailAddress>dbloom@vertnet.org</electronicMailAddress><onlineUrl>http://www.vertnet.org</onlineUrl>    <role>PROGRAMMER</role>
    </associatedParty>
    <associatedParty>
    <individualName>
<givenName>David</givenName>          <surName>Bloom</surName>
    </individualName>
<organizationName>VertNet</organizationName><positionName>Coordinator</positionName><electronicMailAddress>dbloom@vertnet.org</electronicMailAddress><onlineUrl>http://www.vertnet.org</onlineUrl>    <role>PROGRAMMER</role>
    </associatedParty>
    <associatedParty>
    <individualName>
<givenName>John</givenName>          <surName>Wieczorek</surName>
    </individualName>
<organizationName>Museum of Vertebrate Zoology at UC Berkeley</organizationName><positionName>Information Architect</positionName><electronicMailAddress>tuco@berkeley.edu</electronicMailAddress>    <role>PROGRAMMER</role>
    </associatedParty>
    <associatedParty>
    <individualName>
<givenName>Michael</givenName>          <surName>Gottfried</surName>
    </individualName>
<organizationName>Michigan State University Museum</organizationName><positionName>Curator of Vertebrate Paleontology, Ichthyology, and Herpetology</positionName>    <address>
<deliveryPoint>409 West Circle Drive</deliveryPoint><city>East Lansing</city><administrativeArea>MI</administrativeArea><postalCode>48824</postalCode><country>UNITED_STATES</country>    </address>
<phone>+01 517-432-7445</phone><electronicMailAddress>gottfrie@msu.edu</electronicMailAddress><onlineUrl>http://museum.msu.edu/</onlineUrl>    <role>CURATOR</role>
    </associatedParty>
      <pubDate>
      2016-12-22
      </pubDate>
    <language>ENGLISH</language>
    <abstract>
        <para>The Michigan State University Museum (MSUM) Ichthyology Research Collection includes 7,100 lots containing over 36,100 marine and freshwater specimens. Of the freshwater holdings, more than half are from Michigan, among them 1,100 specimens collected from the Red Cedar River, which flows through campus. Additional noteworthy series were collected in Ecuador, Mexico, and India. Both fluid-preserved specimens and skeletons (over 1,200) are represented.&lt;br /&gt;&lt;br /&gt;
The Michigan State University Museum (MSUM) Herpetology Research Collection includes over 18,600 reptile and amphibian specimens representing Michigan, Mexico, South America, Africa, and Australia. The collection includes fluid-preserved specimens, tanned skins, and over 4,600 skeletons.</para>
    </abstract>
        <keywordSet>
              <keyword>Occurrence</keyword>
              <keywordThesaurus>GBIF Dataset Type Vocabulary: http://rs.gbif.org/vocabulary/gbif/dataset_type.xml</keywordThesaurus>
        </keywordSet>
        <keywordSet>
              <keyword>Specimen</keyword>
              <keywordThesaurus>GBIF Dataset Subtype Vocabulary: http://rs.gbif.org/vocabulary/gbif/dataset_subtype.xml</keywordThesaurus>
        </keywordSet>
      <additionalInfo>
          <para>http://vertnet.org/resources/norms.html</para>
      </additionalInfo>
      <intellectualRights>
        <para>To the extent possible under law, the publisher has waived all rights to these data and has dedicated them to the <ulink url="http://creativecommons.org/publicdomain/zero/1.0/legalcode"><citetitle>Public Domain (CC0 1.0)</citetitle></ulink>. Users may copy, modify, distribute and use the work, including for commercial purposes, without restriction.</para>
      </intellectualRights>
      <distribution scope="document">
          <online>
              <url function="information">http://museum.msu.edu/?q=natural</url>
          </online>
      </distribution>
      <coverage>
            <geographicCoverage>
                  <geographicDescription>Of the freshwater holdings, more than half are from Michigan, among them 1,100 specimens collected from the Red Cedar River, which flows through campus. Additional noteworthy series were collected in Ecuador, Mexico, and India.&lt;br&gt;&lt;br&gt;
Herpetology holdings represent Michigan, Mexico, South America, Africa, and Australia.</geographicDescription>
                  <boundingCoordinates>
                      <westBoundingCoordinate>-180</westBoundingCoordinate>
                      <eastBoundingCoordinate>180</eastBoundingCoordinate>
                      <northBoundingCoordinate>90</northBoundingCoordinate>
                      <southBoundingCoordinate>-90</southBoundingCoordinate>
                  </boundingCoordinates>
            </geographicCoverage>
              <taxonomicCoverage>
                    <taxonomicClassification>
                          <taxonRankName>Class</taxonRankName>
                        <taxonRankValue>Amphibia</taxonRankValue>
                    </taxonomicClassification>
                    <taxonomicClassification>
                          <taxonRankName>Class</taxonRankName>
                        <taxonRankValue>Reptilia</taxonRankValue>
                    </taxonomicClassification>
                    <taxonomicClassification>
                          <taxonRankName>Class</taxonRankName>
                        <taxonRankValue>Cephalaspidomorphi</taxonRankValue>
                    </taxonomicClassification>
                    <taxonomicClassification>
                          <taxonRankName>Class</taxonRankName>
                        <taxonRankValue>Chondrichthyes</taxonRankValue>
                    </taxonomicClassification>
                    <taxonomicClassification>
                          <taxonRankName>Class</taxonRankName>
                        <taxonRankValue>Actinopterygii</taxonRankValue>
                    </taxonomicClassification>
                    <taxonomicClassification>
                          <taxonRankName>Class</taxonRankName>
                        <taxonRankValue>Sarcopterygii</taxonRankValue>
                    </taxonomicClassification>
              </taxonomicCoverage>
      </coverage>
      <maintenance>
          <description>
              <para></para>
          </description>
          <maintenanceUpdateFrequency>unkown</maintenanceUpdateFrequency>
      </maintenance>
      <contact>
    <individualName>
<givenName>Laura</givenName>          <surName>Abraczinskas</surName>
    </individualName>
<organizationName>Michigan State University Museum</organizationName><positionName>Collections Manager</positionName>    <address>
<deliveryPoint>409 West Circle Drive</deliveryPoint><city>East Lansing</city><administrativeArea>MI</administrativeArea><postalCode>48824</postalCode><country>UNITED_STATES</country>    </address>
<phone>+01 517-355-1290</phone><electronicMailAddress>abraczi1@msu.edu</electronicMailAddress><onlineUrl>http://museum.msu.edu/</onlineUrl>      </contact>

</dataset>

<additionalMetadata>
    <metadata>
      <gbif>
        <dateStamp>2022-02-07T04:34:59Z</dateStamp>
      <citation>Abraczinskas L (2016). MSUM Ichthyology and Herpetology Collections. Michigan State University Museum. Occurrence dataset https://doi.org/10.15468/5nvdeb accessed via GBIF.org on 2022-02-07.</citation>
      </gbif>
    </metadata>
</additionalMetadata>

</eml:eml>
