<?xml version="1.0" encoding="utf-8"?>
<eml:eml xmlns:eml="eml://ecoinformatics.org/eml-2.1.1" xmlns:xsi="http://www.w3.org/2001/XMLSchema-instance"
         xsi:schemaLocation="eml://ecoinformatics.org/eml-2.1.1 http://rs.gbif.org/schema/eml-gbif-profile/1.1/eml.xsd"
        packageId="8935e64a-f762-11e1-a439-00145eb45e9a"  system="http://gbif.org" scope="system"
  xml:lang="en">

<dataset>
      <alternateIdentifier>10.15468/1llmgl</alternateIdentifier>
        <alternateIdentifier>http://ipt.vertnet.org:8080/ipt/resource?r=ucm_herps</alternateIdentifier>
        <alternateIdentifier>http://ipt.vertnet.org:8080/ipt/resource.do?r=ucm_herps</alternateIdentifier>
        <alternateIdentifier>8935e64a-f762-11e1-a439-00145eb45e9a</alternateIdentifier>
        <alternateIdentifier>2556</alternateIdentifier>
    <title>UCM Amphibian and Reptile Collection (Arctos)</title>
    <creator>
    <individualName>
<givenName>Emily</givenName>          <surName>Braker</surName>
    </individualName>
<organizationName>University of Colorado Museum of Natural History</organizationName><positionName>Vertebrate Zoology Collections Manager</positionName>    <address>
<deliveryPoint>UCB 265</deliveryPoint><city>Boulder</city><administrativeArea>CO</administrativeArea><postalCode>80309</postalCode><country>UNITED_STATES</country>    </address>
<phone>303-492-8466</phone><electronicMailAddress>emily.braker@colorado.edu</electronicMailAddress><onlineUrl>https://www.colorado.edu/cumuseum/research-collections/vertebrates</onlineUrl>    </creator>
    <metadataProvider>
    <individualName>
<givenName>Emily</givenName>          <surName>Braker</surName>
    </individualName>
<organizationName>University of Colorado Museum of Natural History</organizationName><positionName>Vertebrate Zoology Collections Manager</positionName>    <address>
<deliveryPoint>UCB 265</deliveryPoint><city>Boulder</city><administrativeArea>CO</administrativeArea><postalCode>80309</postalCode><country>UNITED_STATES</country>    </address>
<phone>303-492-8466</phone><electronicMailAddress>emily.braker@colorado.edu</electronicMailAddress><onlineUrl>https://www.colorado.edu/cumuseum/research-collections/vertebrates</onlineUrl>    </metadataProvider>
    <associatedParty>
    <individualName>
<givenName>Laura</givenName>          <surName>Russell</surName>
    </individualName>
<organizationName>VertNet</organizationName><positionName>VertNet Programmer</positionName><electronicMailAddress>larussell@vertnet.org</electronicMailAddress><onlineUrl>http://www.vertnet.org</onlineUrl>    <role>PROGRAMMER</role>
    </associatedParty>
    <associatedParty>
    <individualName>
<givenName>David</givenName>          <surName>Bloom</surName>
    </individualName>
<organizationName>VertNet</organizationName><positionName>VertNet Coordinator</positionName><electronicMailAddress>dbloom@vertnet.org</electronicMailAddress><onlineUrl>http://www.vertnet.org</onlineUrl>    <role>PROGRAMMER</role>
    </associatedParty>
    <associatedParty>
    <individualName>
<givenName>John</givenName>          <surName>Wieczorek</surName>
    </individualName>
<organizationName>Museum of Vertebrate Zoology</organizationName><positionName>Information Architect</positionName><electronicMailAddress>tuco@berkeley.edu</electronicMailAddress>    <role>PROGRAMMER</role>
    </associatedParty>
    <associatedParty>
    <individualName>
<givenName>Emily</givenName>          <surName>Braker</surName>
    </individualName>
<organizationName>University of Colorado Museum of Natural History</organizationName><positionName>Vertebrate Zoology Collections Manager</positionName>    <address>
<deliveryPoint>UCB 265</deliveryPoint><city>Boulder</city><administrativeArea>CO</administrativeArea><postalCode>80309</postalCode><country>UNITED_STATES</country>    </address>
<phone>303-492-8466</phone><electronicMailAddress>emily.braker@colorado.edu</electronicMailAddress><onlineUrl>https://www.colorado.edu/cumuseum/research-collections/vertebrates</onlineUrl>    <role>POINT_OF_CONTACT</role>
    </associatedParty>
    <associatedParty>
    <individualName>
<givenName>Dusty</givenName>          <surName>McDonald</surName>
    </individualName>
<organizationName>University of Alaska Museum</organizationName><positionName>Arctos Database Programmer</positionName><electronicMailAddress>dlmcdonald@alaska.edu</electronicMailAddress><onlineUrl>http://arctos.database.museum</onlineUrl>    <role>POINT_OF_CONTACT</role>
    </associatedParty>
    <associatedParty>
    <individualName>
<givenName>Christy</givenName>          <surName>McCain</surName>
    </individualName>
<organizationName>University of Colorado Museum of Natural History</organizationName><positionName>Vertebrate Zoology Curator</positionName>    <address>
<deliveryPoint>UCB 265</deliveryPoint><city>Boulder</city><administrativeArea>CO</administrativeArea><postalCode>80309</postalCode><country>UNITED_STATES</country>    </address>
<phone>303-735-1016</phone><electronicMailAddress>christy.mccain@colorado.edu</electronicMailAddress><onlineUrl>https://www.colorado.edu/cumuseum/research-collections/vertebrates</onlineUrl>    <role>CURATOR</role>
    </associatedParty>
      <pubDate>
      2022-01-23
      </pubDate>
    <language>ENGLISH</language>
    <abstract>
        <para>Vertebrate Zoology in the CU Museum of Natural History is a biodiversity repository of more than 120,000 specimens from five taxa: Fishes, Amphibians and Reptiles (Herpetology), Birds, and Mammals.Since our specimens document changes in biodiversity over the last 200 years, they are treasures of biological and historical significance. The Herpetology collection spans 77 countries, with its geographic strength in Mexican and the southwestern United States species. It contains over 68,000 specimens, including over 22,000 from Mexico, which have been actively studied and cited in systematic herpetology publications over recent decades. Additionally, the whiptail lizards (genus &lt;i&gt;Aspidoscelis&lt;/i&gt;) are particularly well represented, including over 12,000 fluid-preserved specimens and two hundred dry skulls. The world-renowned herpetologists, Hobart M. Smith and T. Paul Maslin, as well as a number of their students and collaborators, were the major architects of our largest vertebrate collection. R. Earl Olson&amp;#39;s contribution of 3,800&amp;#43; specimens recently expanded our taxonomic and geographic coverage, including new material from Minnesota and Haiti. Most recently, Julio A. Lemos-Espinal contributed 2,600 specimens from the northern Mexican states of Sonora, Chihuahua, and Coahuila.</para>
    </abstract>
        <keywordSet>
              <keyword>Occurrence</keyword>
              <keywordThesaurus>GBIF Dataset Type Vocabulary: http://rs.gbif.org/vocabulary/gbif/dataset_type.xml</keywordThesaurus>
        </keywordSet>
        <keywordSet>
              <keyword>Specimen</keyword>
              <keywordThesaurus>GBIF Dataset Subtype Vocabulary: http://rs.gbif.org/vocabulary/gbif/dataset_subtype.xml</keywordThesaurus>
        </keywordSet>
        <keywordSet>
              <keyword>Occurrence</keyword>
              <keywordThesaurus>GBIF Dataset Type Vocabulary: http://rs.gbif.org/vocabulary/gbif/dataset_type_2015-07-10.xml</keywordThesaurus>
        </keywordSet>
      <additionalInfo>
          <para>http://vertnet.org/resources/norms.html</para>
      </additionalInfo>
      <intellectualRights>
        <para>To the extent possible under law, the publisher has waived all rights to these data and has dedicated them to the <ulink url="http://creativecommons.org/publicdomain/zero/1.0/legalcode"><citetitle>Public Domain (CC0 1.0)</citetitle></ulink>. Users may copy, modify, distribute and use the work, including for commercial purposes, without restriction.</para>
      </intellectualRights>
      <distribution scope="document">
          <online>
              <url function="information">http://cumuseum.colorado.edu/research/vertebrates</url>
          </online>
      </distribution>
      <coverage>
            <geographicCoverage>
                  <geographicDescription>The herpetology collection spans 77 countries, although its geographic strength is Mexico (more than 22,000) and the southwestern USA. There is new material from Minnesota and Haiti. Our Mexican reptile specimens have been most actively studied and cited in systematic herpetology publications over recent decades. Most recently, Julio A. Lemos-Espinal contributed 2,600 specimens from the northern Mexican states of Sonora, Chihuahua, and Coahuila.</geographicDescription>
                  <boundingCoordinates>
                      <westBoundingCoordinate>-180</westBoundingCoordinate>
                      <eastBoundingCoordinate>180</eastBoundingCoordinate>
                      <northBoundingCoordinate>90</northBoundingCoordinate>
                      <southBoundingCoordinate>-90</southBoundingCoordinate>
                  </boundingCoordinates>
            </geographicCoverage>
              <taxonomicCoverage>
                    <generalTaxonomicCoverage>More than 67,000 specimens. The whiptail lizards (genus Aspidoscelis) are particularly well represented. 342+ type specimens (16 holotypes &amp; 326+ paratypes).</generalTaxonomicCoverage>
                    <taxonomicClassification>
                          <taxonRankName>Class</taxonRankName>
                        <taxonRankValue>Amphibia</taxonRankValue>
                          <commonName>amphibians</commonName>
                    </taxonomicClassification>
                    <taxonomicClassification>
                          <taxonRankName>Class</taxonRankName>
                        <taxonRankValue>Reptilia</taxonRankValue>
                          <commonName>reptiles</commonName>
                    </taxonomicClassification>
              </taxonomicCoverage>
      </coverage>
      <maintenance>
          <description>
              <para></para>
          </description>
          <maintenanceUpdateFrequency>unkown</maintenanceUpdateFrequency>
      </maintenance>
      <contact>
    <individualName>
<givenName>Emily</givenName>          <surName>Braker</surName>
    </individualName>
<organizationName>University of Colorado Museum of Natural History</organizationName><positionName>Vertebrate Zoology Collections Manager</positionName>    <address>
<deliveryPoint>UCB 265</deliveryPoint><city>Boulder</city><administrativeArea>CO</administrativeArea><postalCode>80309</postalCode><country>UNITED_STATES</country>    </address>
<phone>303-492-8466</phone><electronicMailAddress>emily.braker@colorado.edu</electronicMailAddress><onlineUrl>https://www.colorado.edu/cumuseum/research-collections/vertebrates</onlineUrl>      </contact>
      <methods>
            <methodStep>
                <description>
                    <para></para>
                </description>
            </methodStep>
      </methods>

</dataset>

<additionalMetadata>
    <metadata>
      <gbif>
        <dateStamp>2022-02-07T04:34:59Z</dateStamp>
      <citation>Braker E (2022). UCM Amphibian and Reptile Collection (Arctos). University of Colorado Museum of Natural History. Occurrence dataset https://doi.org/10.15468/1llmgl accessed via GBIF.org on 2022-02-07.</citation>
              <livingTimePeriod>1800 to present</livingTimePeriod>
      </gbif>
    </metadata>
</additionalMetadata>

</eml:eml>
