<?xml version="1.0" encoding="utf-8"?>
<eml:eml xmlns:eml="eml://ecoinformatics.org/eml-2.1.1" xmlns:xsi="http://www.w3.org/2001/XMLSchema-instance"
         xsi:schemaLocation="eml://ecoinformatics.org/eml-2.1.1 http://rs.gbif.org/schema/eml-gbif-profile/1.1/eml.xsd"
        packageId="8d88898d-a2c4-4616-a1fe-431b9c06b671"  system="http://gbif.org" scope="system"
  xml:lang="en">

<dataset>
      <alternateIdentifier>10.15468/mlehrb</alternateIdentifier>
        <alternateIdentifier>http://ipt.vertnet.org:8080/ipt/resource?r=uta_herps</alternateIdentifier>
        <alternateIdentifier>http://ipt.vertnet.org:8080/ipt/resource.do?r=uta_herps</alternateIdentifier>
        <alternateIdentifier>8d88898d-a2c4-4616-a1fe-431b9c06b671</alternateIdentifier>
        <alternateIdentifier>14139</alternateIdentifier>
    <title>UTA Herpetology</title>
    <creator>
    <individualName>
<givenName>Gregory</givenName>          <surName>Pandelis</surName>
    </individualName>
<organizationName>University of Texas at Arlington Amphibian and Reptile Diversity Research Center</organizationName><positionName>Biological Curator and Collections Manager</positionName>    <address>
<deliveryPoint>901 S. Davis Dr.</deliveryPoint><city>Arlington</city><administrativeArea>Texas</administrativeArea><postalCode>76013</postalCode><country>UNITED_STATES</country>    </address>
<phone>817-272-3615</phone><electronicMailAddress>gregory.pandelis@uta.edu</electronicMailAddress><onlineUrl>https://ardrcenter.uta.edu</onlineUrl>    </creator>
    <metadataProvider>
    <individualName>
<givenName>Gregory</givenName>          <surName>Pandelis</surName>
    </individualName>
<organizationName>University of Texas at Arlington Amphibian and Reptile Diversity Research Center</organizationName><positionName>Biological Curator and Collections Manager</positionName>    <address>
<deliveryPoint>901 S. Davis Dr.</deliveryPoint><city>Arlington</city><administrativeArea>Texas</administrativeArea><postalCode>76013</postalCode><country>UNITED_STATES</country>    </address>
<phone>817-272-3615</phone><electronicMailAddress>gregory.pandelis@uta.edu</electronicMailAddress><onlineUrl>https://ardrcenter.uta.edu</onlineUrl>    </metadataProvider>
    <associatedParty>
    <individualName>
<givenName>Gregory</givenName>          <surName>Pandelis</surName>
    </individualName>
<organizationName>University of Texas at Arlington Amphibian and Reptile Diversity Research Center</organizationName><positionName>Biological Curator and Collections Manager</positionName>    <address>
<deliveryPoint>901 S. Davis Dr.</deliveryPoint><city>Arlington</city><administrativeArea>Texas</administrativeArea><postalCode>76013</postalCode><country>UNITED_STATES</country>    </address>
<phone>817-272-3615</phone><electronicMailAddress>gregory.pandelis@uta.edu</electronicMailAddress><onlineUrl>https://ardrcenter.uta.edu</onlineUrl>    <role>PRINCIPAL_INVESTIGATOR</role>
    </associatedParty>
    <associatedParty>
    <individualName>
<givenName>David</givenName>          <surName>Bloom</surName>
    </individualName>
<organizationName>VertNet</organizationName><positionName>VertNet Coordinator</positionName><electronicMailAddress>dbloom@vertnet.org</electronicMailAddress>    <role>PROGRAMMER</role>
    </associatedParty>
    <associatedParty>
    <individualName>
<givenName>John</givenName>          <surName>Wieczorek</surName>
    </individualName>
<organizationName>Museum of Vertebrate Zoology at Berkeley</organizationName><positionName>Information Architect</positionName><electronicMailAddress>tuco@berkeley.edu</electronicMailAddress>    <role>PROGRAMMER</role>
    </associatedParty>
    <associatedParty>
    <individualName>
<givenName>Matthew</givenName>          <surName>Fujita</surName>
    </individualName>
<organizationName>University of Texas at Arlington Amphibian and Reptile Diversity Research Center</organizationName><positionName>Curator</positionName>    <address>
<deliveryPoint>Box 19850</deliveryPoint><city>Arlington</city><administrativeArea>Texas</administrativeArea><postalCode>76010</postalCode><country>UNITED_STATES</country>    </address>
<phone>817-272-1464</phone><electronicMailAddress>mkfujita@exchange.uta.edu</electronicMailAddress><onlineUrl>http://www.fujitalab.com</onlineUrl>    <role>PRINCIPAL_INVESTIGATOR</role>
    </associatedParty>
    <associatedParty>
    <individualName>
<givenName>Eric</givenName>          <surName>Smith</surName>
    </individualName>
<organizationName>University of Texas at Arlington Amphibian and Reptile Diversity Research Center</organizationName><positionName>Curator</positionName>    <address>
<city>Arlington</city><administrativeArea>Texas</administrativeArea><postalCode>76010</postalCode><country>UNITED_STATES</country>    </address>
<phone>817-272-3616</phone><electronicMailAddress>e.smith@uta.edu</electronicMailAddress><onlineUrl>https://mentis.uta.edu/explore/profile/eric-smith</onlineUrl>    <role>PRINCIPAL_INVESTIGATOR</role>
    </associatedParty>
      <pubDate>
      2021-10-28
      </pubDate>
    <language>ENGLISH</language>
    <abstract>
        <para>University of Texas at Arlington Amphibian and Reptile Diversity Research Center: During the 1980s the herpetological collection witnessed an explosive session of growth.  Prior to the 1980s the collection contained approximately 8,000 herpetological specimens.  By the end of the decade more than 30,000 specimens were housed in the collection.  During the 1990s the size of the collection increased at an almost exponential rate.  During this time, the collection grew to contain more than 80,000 specimens.  This combined with efforts from  faculty and students helped to establish national and international recognition for the collection.  Since the turn of the century the herpetology collection at the University of Texas at Arlington has experienced more growth and the collection now houses over 200,000 specimens and is among the top 10 herpetological collections in the United States.  In 2004 the entire herpetological collection was moved from the basement of the Life Sciences building to the newly constructed Amphibian and Reptile Diversity Research Center.
     Asides from housing a major herpetological collection, the Department of Biology at the  University of Texas at Arlington has hosted and facilitated the academic pursuits of a diverse student body.  This has also provided inherent benefits to the museum collection as well.  The collection currently holds the worlds largest assemblage of reptiles and amphibians from Guatemala as well as significant holdings from Texas, Bolivia, Cameroon, Colombia, Costa Rica, Guyana, Honduras, and Mexico.  Along with hundreds of thousands of fluid preserved specimens, the collection maintains hundreds of type specimen, including over 130 primary types, a sizable osteological collection, cleared and stained specimens, audio recordings of frog calls, one of the largest collections of herpetological photographs in the United States, as well as a comprehensive herpetological library.  These resources can be made available for use by qualified individuals.  For questions regarding the use of the collection resources please call 817-272-3615.</para>
    </abstract>
        <keywordSet>
              <keyword>Occurrence</keyword>
              <keywordThesaurus>GBIF Dataset Type Vocabulary: http://rs.gbif.org/vocabulary/gbif/dataset_type.xml</keywordThesaurus>
        </keywordSet>
        <keywordSet>
              <keyword>Specimen</keyword>
              <keywordThesaurus>GBIF Dataset Subtype Vocabulary: http://rs.gbif.org/vocabulary/gbif/dataset_subtype.xml</keywordThesaurus>
        </keywordSet>
        <keywordSet>
              <keyword>Occurrence</keyword>
              <keywordThesaurus>GBIF Dataset Type Vocabulary: http://rs.gbif.org/vocabulary/gbif/dataset_type_2015-07-10.xml</keywordThesaurus>
        </keywordSet>
      <additionalInfo>
          <para>http://vertnet.org/resources/norms.html</para>
      </additionalInfo>
      <intellectualRights>
        <para>To the extent possible under law, the publisher has waived all rights to these data and has dedicated them to the <ulink url="http://creativecommons.org/publicdomain/zero/1.0/legalcode"><citetitle>Public Domain (CC0 1.0)</citetitle></ulink>. Users may copy, modify, distribute and use the work, including for commercial purposes, without restriction.</para>
      </intellectualRights>
      <distribution scope="document">
          <online>
              <url function="information">https://ardrcenter.uta.edu</url>
          </online>
      </distribution>
      <coverage>
            <geographicCoverage>
                  <geographicDescription>Emphasis in:
Latin America: Guatemala and Mexico
Texas Regional Collections
West Africa
Indonesia</geographicDescription>
                  <boundingCoordinates>
                      <westBoundingCoordinate>-180</westBoundingCoordinate>
                      <eastBoundingCoordinate>180</eastBoundingCoordinate>
                      <northBoundingCoordinate>90</northBoundingCoordinate>
                      <southBoundingCoordinate>-90</southBoundingCoordinate>
                  </boundingCoordinates>
            </geographicCoverage>
              <taxonomicCoverage>
                    <generalTaxonomicCoverage>Amphibians and Reptiles</generalTaxonomicCoverage>
                    <taxonomicClassification>
                          <taxonRankName>Class</taxonRankName>
                        <taxonRankValue>Amphibia</taxonRankValue>
                    </taxonomicClassification>
                    <taxonomicClassification>
                          <taxonRankName>Class</taxonRankName>
                        <taxonRankValue>Reptilia</taxonRankValue>
                    </taxonomicClassification>
              </taxonomicCoverage>
      </coverage>
      <maintenance>
          <description>
              <para></para>
          </description>
          <maintenanceUpdateFrequency>unkown</maintenanceUpdateFrequency>
      </maintenance>
      <contact>
    <individualName>
<givenName>Gregory</givenName>          <surName>Pandelis</surName>
    </individualName>
<organizationName>University of Texas at Arlington Amphibian and Reptile Diversity Research Center</organizationName><positionName>Biological Curator and Collections Manager</positionName>    <address>
<deliveryPoint>901 S. Davis Dr.</deliveryPoint><city>Arlington</city><administrativeArea>Texas</administrativeArea><postalCode>76013</postalCode><country>UNITED_STATES</country>    </address>
<phone>817-272-3615</phone><electronicMailAddress>gregory.pandelis@uta.edu</electronicMailAddress><onlineUrl>https://ardrcenter.uta.edu</onlineUrl>      </contact>

</dataset>

<additionalMetadata>
    <metadata>
      <gbif>
        <dateStamp>2022-02-07T04:34:59Z</dateStamp>
      <citation>Pandelis G (2021). UTA Herpetology. Version 8.2. University of Texas-Arlington. Occurrence dataset https://doi.org/10.15468/mlehrb accessed via GBIF.org on 2022-02-07.</citation>
              <livingTimePeriod>1956 to Present</livingTimePeriod>
      </gbif>
    </metadata>
</additionalMetadata>

</eml:eml>
