<?xml version="1.0" encoding="utf-8"?>
<eml:eml xmlns:eml="eml://ecoinformatics.org/eml-2.1.1" xmlns:xsi="http://www.w3.org/2001/XMLSchema-instance"
         xsi:schemaLocation="eml://ecoinformatics.org/eml-2.1.1 http://rs.gbif.org/schema/eml-gbif-profile/1.1/eml.xsd"
        packageId="94dce9c1-e2f0-45cb-a77b-8e5caa871a41"  system="http://gbif.org" scope="system"
  xml:lang="es">

<dataset>
      <alternateIdentifier>10.15472/dma300</alternateIdentifier>
        <alternateIdentifier>https://ipt.biodiversidad.co/iavh/resource?r=anfibios_coleccion_instituto_humboldt</alternateIdentifier>
        <alternateIdentifier>doi:10.15472/1zzafb</alternateIdentifier>
        <alternateIdentifier>10.15472/1zzafb</alternateIdentifier>
        <alternateIdentifier>10.15472/1zzafb</alternateIdentifier>
        <alternateIdentifier>10.15468/ubnxao</alternateIdentifier>
        <alternateIdentifier>http://ipt.biodiversidad.co/iavh/resource?r=anfibios_coleccion_instituto_humboldt</alternateIdentifier>
        <alternateIdentifier>http://data.biodiversidad.co/iavh/resource.do?r=anfibios_coleccion_instituto_humboldt</alternateIdentifier>
        <alternateIdentifier>http://ipt.sibcolombia.net/iavh/resource.do?r=anfibios_coleccion_instituto_humboldt</alternateIdentifier>
        <alternateIdentifier>94dce9c1-e2f0-45cb-a77b-8e5caa871a41</alternateIdentifier>
        <alternateIdentifier>14434</alternateIdentifier>
    <title>Colección de Anfibios del Instituto de Investigación de Recursos Biológicos Alexander von Humboldt (IAvH-Am)</title>
    <creator>
    <individualName>
<givenName>Kevin-Giancarlo</givenName>          <surName>Borja-Acosta</surName>
    </individualName>
<organizationName>Instituto de Investigación de Recursos Biológicos Alexander von Humboldt</organizationName><positionName>Curador de datos colecciones biológicas</positionName>    <address>
<deliveryPoint>Carrera 8 # 15-08</deliveryPoint><city>Villa de Leyva</city><administrativeArea>Boyacá</administrativeArea><country>COLOMBIA</country>    </address>
<phone>3202767</phone><electronicMailAddress>kborja@humboldt.org.co</electronicMailAddress><onlineUrl>http://www.humboldt.org.co</onlineUrl>    </creator>
    <metadataProvider>
    <individualName>
<givenName>Kevin-Giancarlo</givenName>          <surName>Borja-Acosta</surName>
    </individualName>
<organizationName>Instituto de Investigación de Recursos Biológicos Alexander von Humboldt</organizationName><positionName>Curador de datos colecciones biológicas</positionName>    <address>
<deliveryPoint>Carrera 8 # 15-08</deliveryPoint><city>Villa de Leyva</city><administrativeArea>Boyacá</administrativeArea><country>COLOMBIA</country>    </address>
<phone>3202767</phone><electronicMailAddress>kborja@humboldt.org.co</electronicMailAddress><onlineUrl>http://www.humboldt.org.co</onlineUrl>    </metadataProvider>
    <associatedParty>
    <individualName>
<givenName>Daniela</givenName>          <surName>García Cobos</surName>
    </individualName>
<organizationName>Instituto de Investigación de Recursos Biológicos Alexander von Humboldt</organizationName><positionName>Investigadora</positionName>    <address>
<deliveryPoint>Carrera 8 # 15-08</deliveryPoint><city>Villa de Leyva</city><administrativeArea>Boyacá</administrativeArea><country>COLOMBIA</country>    </address>
<phone>3202767</phone><electronicMailAddress>dgarcia@humboldt.org.co</electronicMailAddress><onlineUrl>http://www.humboldt.org.co</onlineUrl>    <role>PROCESSOR</role>
    </associatedParty>
    <associatedParty>
    <individualName>
<givenName>Julian Andrés</givenName>          <surName>Rojas Morales</surName>
    </individualName>
<organizationName>Instituto de Investigación de Recursos Biológicos Alexander von Humboldt</organizationName><positionName>Investigador de colecciones</positionName>    <address>
<deliveryPoint>Carrera 8 # 15-08</deliveryPoint><city>Villa de Leyva</city><administrativeArea>Boyacá</administrativeArea><country>COLOMBIA</country>    </address>
<phone>3202767</phone><electronicMailAddress>jrojas@humboldt.org.co</electronicMailAddress><onlineUrl>http://www.humboldt.org.co</onlineUrl>    <role>PROCESSOR</role>
    </associatedParty>
    <associatedParty>
    <individualName>
<givenName>Alejandra María</givenName>          <surName>Salazar Guzman</surName>
    </individualName>
<organizationName>Instituto de Investigación de Recursos Biológicos Alexander von Humboldt</organizationName><positionName>Investigadora colecciones</positionName>    <address>
<deliveryPoint>Carrera 8 # 15-08</deliveryPoint><city>Villa de Leyva</city><administrativeArea>Boyacá</administrativeArea><country>COLOMBIA</country>    </address>
<phone>3202767</phone><electronicMailAddress>asalazar@humboldt.org.co</electronicMailAddress><onlineUrl>http://www.humborldt.org.co</onlineUrl>    <role>PROCESSOR</role>
    </associatedParty>
    <associatedParty>
    <individualName>
<givenName>Carlos</givenName>          <surName>Montaña</surName>
    </individualName>
<organizationName>Instituto de Investigación de Recursos Biológicos Alexander von Humboldt</organizationName><positionName>Investigador</positionName>    <address>
<deliveryPoint>Carrera 8 # 15-08</deliveryPoint><city>Villa de Leyva</city><administrativeArea>Boyacá</administrativeArea><country>COLOMBIA</country>    </address>
<phone>3202767</phone><electronicMailAddress>crmontana@humboldt.org.co</electronicMailAddress><onlineUrl>http://www.humborldt.org.co</onlineUrl>    <role>PROCESSOR</role>
    </associatedParty>
    <associatedParty>
    <individualName>
<givenName>Erika Marcela</givenName>          <surName>Muñoz Martinez</surName>
    </individualName>
<organizationName>Instituto de Investigación de Recursos Biológicos Alexander von Humboldt</organizationName><positionName>Pasante sistematización</positionName>    <address>
<deliveryPoint>Carrera 8 # 15-08</deliveryPoint><city>Villa de Leyva</city><administrativeArea>Boyacá</administrativeArea><country>COLOMBIA</country>    </address>
<phone>3202767</phone><onlineUrl>http://www.humboldt.org.co</onlineUrl>    <role>PROCESSOR</role>
    </associatedParty>
    <associatedParty>
    <individualName>
          <surName>Infraestructura Institucional de Datos</surName>
    </individualName>
<organizationName>Instituto de Investigación de Recursos Biológicos Alexander Von Humboldt</organizationName>    <address>
<deliveryPoint>Calle 28A No. 15-09</deliveryPoint><city>Bogotá, D.C.</city><administrativeArea>Bogotá, D.C.</administrativeArea><country>COLOMBIA</country>    </address>
<electronicMailAddress>i2d@humboldt.org.co</electronicMailAddress><onlineUrl>http://www.humboldt.org.co</onlineUrl>    <role>CUSTODIAN_STEWARD</role>
    </associatedParty>
      <pubDate>
      2022-02-02
      </pubDate>
    <language>SPANISH</language>
    <abstract>
        <para>La colección de Anfibios del Instituto de Investigación de Recursos Biológicos Alexander von Humboldt es una de las colecciones más grandes y mejor representadas en el ámbito taxonómico y geográfico en el país. Actualmente se cuenta con cerca de 16.220 especímenes catalogados y sistematizados. Su representatividad taxonómica incluye a nivel nacional 577 especies, que son el 70% de la diversidad reportada en el país. La colección de anfibios para el 2018 está representada por los tres órdenes los cuales están distribuidos así: 1. Anuros cuenta con 15.973 registros que representan 542 especies, esto es cerca del 65% de las especies reportadas para Colombia. 2. Caudata cuenta con 185 registros que representan 16 especies, representando el 64% de las especies reportadas para Colombia.  3. Gymnophiona cuenta con 62 registros que representan 20 especies, donde esta representado el 51% de las especies reportadas para Colombia.

La clasificación de los ejemplares está actualizada siguiendo y evaluando varios archivos de autoridad taxonómica, a nivel nacional batrachia (www.batrachia.com) y a nivel internacional Amphibian Species of the World 6.0  (http://research.amnh.org/vz/herpetology/amphibia/) y amphibiaweb (http://amphibiaweb.org/).
Los ejemplares están identificados a nivel de especie y en algunos casos por su estado preparación, incertidumbre taxonómica, a un nivel superior.</para>
    </abstract>
        <keywordSet>
              <keyword>Specimen</keyword>
              <keywordThesaurus>GBIF Dataset Subtype Vocabulary: http://rs.gbif.org/vocabulary/gbif/dataset_subtype.xml</keywordThesaurus>
        </keywordSet>
        <keywordSet>
              <keyword>Occurrence</keyword>
              <keywordThesaurus>GBIF Dataset Type Vocabulary: http://rs.gbif.org/vocabulary/gbif/dataset_type.xml</keywordThesaurus>
        </keywordSet>
        <keywordSet>
              <keyword>Anura</keyword>
              <keyword>Colombia</keyword>
              <keyword>Caudata</keyword>
              <keyword>Amphibia</keyword>
              <keyword>Gymnophiona</keyword>
              <keywordThesaurus>n/a</keywordThesaurus>
        </keywordSet>
        <keywordSet>
              <keyword>Occurrence</keyword>
              <keywordThesaurus>GBIF Dataset Type Vocabulary: http://rs.gbif.org/vocabulary/gbif/dataset_type_2015-07-10.xml</keywordThesaurus>
        </keywordSet>
      <intellectualRights>
        <para>This work is licensed under a <ulink url="http://creativecommons.org/licenses/by-nc/4.0/legalcode"><citetitle>Creative Commons Attribution Non Commercial (CC-BY-NC) 4.0 License</citetitle></ulink>.</para>
      </intellectualRights>
      <distribution scope="document">
          <online>
              <url function="information">http://ipt.biodiversidad.co/iavh/resource.do?r=anfibios_coleccion_instituto_humboldt</url>
          </online>
      </distribution>
      <coverage>
            <geographicCoverage>
                  <geographicDescription>El 98% de los ejemplares depositados en la colección pertenecen a localidades Colombianas representando registros en localidades de los 32 departamentos, para la cual se sigue la clasificación departamental y municipal acorde a el DANE; en el contexto eco-regional,  la colección de anfibios esta mejor representada en las regiones naturales Andina, Orinoquia y Caribe.
A nivel internacional El 2% restante se encuentra ejemplares provenientes de países como Costa Rica, Uruguay, Brasil, Venezuela,  Perú, Ecuador y Estados Unidos.</geographicDescription>
                  <boundingCoordinates>
                      <westBoundingCoordinate>-117.23</westBoundingCoordinate>
                      <eastBoundingCoordinate>-51.77</eastBoundingCoordinate>
                      <northBoundingCoordinate>37.44</northBoundingCoordinate>
                      <southBoundingCoordinate>-34.82</southBoundingCoordinate>
                  </boundingCoordinates>
            </geographicCoverage>
          <temporalCoverage>
            <rangeOfDates>
              <beginDate>
                <calendarDate>      1905-05-24
</calendarDate>
              </beginDate>
              <endDate>
                <calendarDate>      2020-03-13
</calendarDate>
              </endDate>
            </rangeOfDates>
          </temporalCoverage>
              <taxonomicCoverage>
                    <generalTaxonomicCoverage>La colección de anfibios para el 2020esta representada por los tres ordenes los cuales están distribuidos en así:
1. Anuros cuenta con 15.973 registros que representan 542 especies, esto es cerca del 65% de las especies reportadas para Colombia. 2. Caudata cuenta con 185 registros que representan 16 especies, representando el 64% de las especies reportadas para Colombia.  3. Gymnophiona cuenta con 62 registros que representan 20 especies, donde esta representado el 51% de las especies reportadas para Colombia
La clasificación de los ejemplares está actualizada siguiendo y evaluando varios archivos de autoridad taxonómica, a nivel nacional batrachia (www.batrachia.com) y a nivel internacional Amphibian Species of the World 6.0  (http://research.amnh.org/vz/herpetology/amphibia/) y amphibianweb (http://amphibiaweb.org/); Las categorías de amenaza siguen el criterio a nivel nacional libro rojo de los anfibios de Colombia y a nivel internacional la UICN red list (http://www.iucnredlist.org/).
Los ejemplares están identificados a nivel de especie y en algunos casos por su estado preparación, incertidumbre taxonómica, a un nivel superior.</generalTaxonomicCoverage>
                    <taxonomicClassification>
                          <taxonRankName>Family</taxonRankName>
                        <taxonRankValue>Leptodactylidae</taxonRankValue>
                    </taxonomicClassification>
                    <taxonomicClassification>
                          <taxonRankName>Family</taxonRankName>
                        <taxonRankValue>Phyllomedusidae</taxonRankValue>
                    </taxonomicClassification>
                    <taxonomicClassification>
                          <taxonRankName>Family</taxonRankName>
                        <taxonRankValue>Aromobatidae</taxonRankValue>
                    </taxonomicClassification>
                    <taxonomicClassification>
                          <taxonRankName>Family</taxonRankName>
                        <taxonRankValue>Bufonidae</taxonRankValue>
                    </taxonomicClassification>
                    <taxonomicClassification>
                          <taxonRankName>Family</taxonRankName>
                        <taxonRankValue>Dendrobatidae</taxonRankValue>
                    </taxonomicClassification>
                    <taxonomicClassification>
                          <taxonRankName>Family</taxonRankName>
                        <taxonRankValue>Hylidae</taxonRankValue>
                    </taxonomicClassification>
                    <taxonomicClassification>
                          <taxonRankName>Family</taxonRankName>
                        <taxonRankValue>Plethodontidae</taxonRankValue>
                    </taxonomicClassification>
                    <taxonomicClassification>
                          <taxonRankName>Family</taxonRankName>
                        <taxonRankValue>Caeciliidae</taxonRankValue>
                    </taxonomicClassification>
                    <taxonomicClassification>
                          <taxonRankName>Family</taxonRankName>
                        <taxonRankValue>Centrolenidae</taxonRankValue>
                    </taxonomicClassification>
                    <taxonomicClassification>
                          <taxonRankName>Family</taxonRankName>
                        <taxonRankValue>Ceratophryidae</taxonRankValue>
                    </taxonomicClassification>
                    <taxonomicClassification>
                          <taxonRankName>Family</taxonRankName>
                        <taxonRankValue>Microhylidae</taxonRankValue>
                    </taxonomicClassification>
                    <taxonomicClassification>
                          <taxonRankName>Family</taxonRankName>
                        <taxonRankValue>Craugastoridae</taxonRankValue>
                    </taxonomicClassification>
                    <taxonomicClassification>
                          <taxonRankName>Family</taxonRankName>
                        <taxonRankValue>Hemiphractidae</taxonRankValue>
                    </taxonomicClassification>
                    <taxonomicClassification>
                          <taxonRankName>Family</taxonRankName>
                        <taxonRankValue>Eleutherodactylidae</taxonRankValue>
                    </taxonomicClassification>
                    <taxonomicClassification>
                          <taxonRankName>Family</taxonRankName>
                        <taxonRankValue>Rhinatrematidae</taxonRankValue>
                    </taxonomicClassification>
                    <taxonomicClassification>
                          <taxonRankName>Family</taxonRankName>
                        <taxonRankValue>Alsodidae</taxonRankValue>
                    </taxonomicClassification>
                    <taxonomicClassification>
                          <taxonRankName>Family</taxonRankName>
                        <taxonRankValue>Ranidae</taxonRankValue>
                    </taxonomicClassification>
                    <taxonomicClassification>
                          <taxonRankName>Family</taxonRankName>
                        <taxonRankValue>Odontophrynidae</taxonRankValue>
                    </taxonomicClassification>
                    <taxonomicClassification>
                          <taxonRankName>Family</taxonRankName>
                        <taxonRankValue>Pipidae</taxonRankValue>
                    </taxonomicClassification>
                    <taxonomicClassification>
                          <taxonRankName>Family</taxonRankName>
                        <taxonRankValue>Typhlonectidae</taxonRankValue>
                    </taxonomicClassification>
                    <taxonomicClassification>
                          <taxonRankName>Family</taxonRankName>
                        <taxonRankValue>Siphonopidae</taxonRankValue>
                    </taxonomicClassification>
                    <taxonomicClassification>
                          <taxonRankName>Family</taxonRankName>
                        <taxonRankValue>Scaphiopodidae</taxonRankValue>
                    </taxonomicClassification>
              </taxonomicCoverage>
      </coverage>
      <purpose>
          <para>Brindar libre acceso a la información para los investigadores y personas interesadas, con el objetivo de ser útiles en investigación científica y en promover el diálogo común entre ciencia, educación y conservación de la biodiversidad.</para>
      </purpose>
      <maintenance>
          <description>
              <para></para>
          </description>
          <maintenanceUpdateFrequency>unkown</maintenanceUpdateFrequency>
      </maintenance>
      <contact>
    <individualName>
<givenName>Carolina</givenName>          <surName>Gómez-Posada</surName>
    </individualName>
<organizationName>Instituto de Investigación de Recursos Biológicos Alexander von Humboldt</organizationName><positionName>Coordinadora</positionName>    <address>
<deliveryPoint>Carrera 8 # 15-08</deliveryPoint><city>Villa de Leyva</city><administrativeArea>Boyacá</administrativeArea><country>COLOMBIA</country>    </address>
<phone>3202767</phone><electronicMailAddress>cgomez@humboldt.org.co</electronicMailAddress><onlineUrl>http://www.humboldt.org.co</onlineUrl>      </contact>
      <methods>
            <methodStep>
                <description>
                    <para>Transcripción de catálogos físicos en Hoja de Excel (Archivo de Migración), validación de información geográfica de registros por parte de I2D, verificación de número de ejemplares por registro e identificación taxonómica hasta el nivel más detallado posible, ingreso de nuevos Números de Catálogo directamente en el Archivo de Migración, migración de registros desde Archivo de Migración a Specify y generación de archivo Darwin Core desde Specify.</para>
                </description>
            </methodStep>
            <sampling>
                <studyExtent>
                    <description>
                        <para>La colección cuenta con registros de diferentes países como Ecuador, Perú, Brasil, Uruguay, Venezuela, Costa Rica, Estados Unidos, pero principalmente cuenta con registros de Colombia.</para>
                    </description>
                </studyExtent>
                <samplingDescription>
                    <para>Los ejemplares fueron colectados manualmente y con ayuda de equipo especializado ganchos herpetológicos, implementando el muestreo VES.</para>
                </samplingDescription>
            </sampling>
            <qualityControl>
                <description>
                    <para>1. Calidad de preservación
2. Curaduría taxonómica 
3. Sistematización en Specify, que requiere la previa creación de árboles taxonómicos y geográficos, para controlar la información que se está sistematizando.</para>
                </description>
            </qualityControl>
      </methods>

      <project >
          <title>Colecciones Biológicas del Instituto de Investigación de Recursos Biológicos Alexander von Humboldt</title>
          <personnel>
    <individualName>
<givenName>Carolina</givenName>          <surName>Goméz-Posada</surName>
    </individualName>
    <role>ADMINISTRATIVE_POINT_OF_CONTACT</role>
          </personnel>
          <abstract>
              <para></para>
          </abstract>
          <funding>
              <para>Instituto de Investigación de Recursos Biológicos Alexander von Humboldt</para>
          </funding>
            <designDescription>
                <description>
                    <para>Ejemplares depositados en las colecciones biológicas del Instituto de Investigación de Recursos Biológicos Alexander von Humboldt.</para>
                </description>
            </designDescription>
      </project>
</dataset>

<additionalMetadata>
    <metadata>
      <gbif>
        <dateStamp>2022-02-07T04:34:57Z</dateStamp>
      <citation identifier="https://doi.org/10.15472/dma300">Borja-Acosta K (2022). Colección de Anfibios del Instituto de Investigación de Recursos Biológicos Alexander von Humboldt (IAvH-Am). Version 37.5. Instituto de Investigación de Recursos Biológicos Alexander von Humboldt. Occurrence dataset https://doi.org/10.15472/dma300 accessed via GBIF.org on 2022-02-07.</citation>
              <physical>
                  <objectName>Colección de Anfibios del Instituto de Investigación de Recursos Biológicos Alexander von Humboldt (IAvH-Am)</objectName>
                  <characterEncoding>UTF-8</characterEncoding>
                  <dataFormat>
                      <externallyDefinedFormat>
                          <formatName>txt</formatName>
                      </externallyDefinedFormat>
                  </dataFormat>
                  <distribution>
                      <online>
                          <url function="download">http://i2d.humboldt.org.co/ceiba/resource.do?r=anfibios_coleccion_instituto_humboldt</url>
                      </online>
                  </distribution>
              </physical>
              <resourceLogoUrl>https://statics.sibcolombia.net/sib-resources/images/logos-socios/500px/iavh.jpg</resourceLogoUrl>
              <collection>
                <parentCollectionIdentifier>IAvH</parentCollectionIdentifier>
                <collectionIdentifier>Registro Nacional de Colecciones Biológicas: 3</collectionIdentifier>
                <collectionName>Instituto Alexander von Humboldt</collectionName>
              </collection>
                <specimenPreservationMethod>ALCOHOL</specimenPreservationMethod>
      </gbif>
    </metadata>
</additionalMetadata>

</eml:eml>
