<?xml version="1.0" encoding="utf-8"?>
<eml:eml xmlns:eml="eml://ecoinformatics.org/eml-2.1.1" xmlns:xsi="http://www.w3.org/2001/XMLSchema-instance"
         xsi:schemaLocation="eml://ecoinformatics.org/eml-2.1.1 http://rs.gbif.org/schema/eml-gbif-profile/1.1/eml.xsd"
        packageId="9ffdd244-3e59-40a8-b064-cfdd84d40231"  system="http://gbif.org" scope="system"
  xml:lang="en">

<dataset>
      <alternateIdentifier>10.15468/07xias</alternateIdentifier>
        <alternateIdentifier>http://collections.mnhn.fr/ipt/resource?r=mnhn-za</alternateIdentifier>
        <alternateIdentifier>9ffdd244-3e59-40a8-b064-cfdd84d40231</alternateIdentifier>
        <alternateIdentifier>http://collections.mnhn.fr/ipt/resource.do?r=mnhn-za</alternateIdentifier>
    <title>The reptiles, amphibians and fishes collection (ZA) in the Comparative Anatomy Collection of the Muséum national d&apos;Histoire naturelle (MNHN - Paris)</title>
    <creator>
    <individualName>
          <surName>MNHN</surName>
    </individualName>
<organizationName>MNHN</organizationName><positionName>Provider</positionName>    </creator>
    <metadataProvider>
    <individualName>
<givenName>Simon</givenName>          <surName>Chagnoux</surName>
    </individualName>
<organizationName>MNHN</organizationName><electronicMailAddress>gbifprovider@mnhn.fr</electronicMailAddress>    </metadataProvider>
    <associatedParty>
    <individualName>
<givenName>Cécile</givenName>          <surName>Callou</surName>
    </individualName>
    <role>CONTENT_PROVIDER</role>
    </associatedParty>
    <associatedParty>
    <individualName>
<givenName>Salvador</givenName>          <surName>Bailon</surName>
    </individualName>
    <role>CONTENT_PROVIDER</role>
    </associatedParty>
    <associatedParty>
    <individualName>
<givenName>Philippe</givenName>          <surName>Béarez</surName>
    </individualName>
    <role>CONTENT_PROVIDER</role>
    </associatedParty>
      <pubDate>
      2022-02-03
      </pubDate>
    <language>FRENCH</language>
    <abstract>
        <para>The collection of mammals of the Muséum national d’Histoire naturelle (MNHN) started during the XVIIIth century. The collection consists of skeletons (mounted or not), skins (mounted or not), casts, specimens or organs in fluid (alcohol or formalin), and tissues, belonging to different classes and orders.
The database ZAC (acronym for “Zoology, Comparative anatomy”) exists since 2010. It is the result of the merger of MAMMALIA (former collection of “Zoologie, Mammifères et Oiseaux”) and ANATOMIC (former collection of “Anatomie comparée”). For many groups, computerization is at a preliminary stage, and most entries have not yet been proofed for errors or verified against the collections. Acronym ZM is used for Mammals, ZO for birds and ZA is used for the other classes present in the collection: Reptiles, Amphibians and Fishes.
More detailed information can be obtained by writing to the curators and collection managers.
The database will help you prepare loan requests or visits to the collection. For any request contact: http://colhelper.mnhn.fr/</para>
    </abstract>
        <keywordSet>
              <keyword>Occurrence</keyword>
              <keywordThesaurus>GBIF Dataset Type Vocabulary: http://rs.gbif.org/vocabulary/gbif/dataset_type.xml</keywordThesaurus>
        </keywordSet>
        <keywordSet>
              <keyword>Specimen</keyword>
              <keywordThesaurus>GBIF Dataset Subtype Vocabulary: http://rs.gbif.org/vocabulary/gbif/dataset_subtype.xml</keywordThesaurus>
        </keywordSet>
        <keywordSet>
              <keyword>Reptiles</keyword>
              <keyword>Vertebrates</keyword>
              <keyword>Types</keyword>
              <keyword>Taxonomy</keyword>
              <keyword>Fishes</keyword>
              <keyword>Zoology</keyword>
              <keyword>Specimens</keyword>
              <keyword>Collections</keyword>
              <keyword>Amphibians</keyword>
              <keywordThesaurus>No keyword thesaurus designated</keywordThesaurus>
        </keywordSet>
      <intellectualRights>
        <para>This work is licensed under a <ulink url="http://creativecommons.org/licenses/by/4.0/legalcode"><citetitle>Creative Commons Attribution (CC-BY) 4.0 License</citetitle></ulink>.</para>
      </intellectualRights>
      <maintenance>
          <description>
              <para></para>
          </description>
          <maintenanceUpdateFrequency>unkown</maintenanceUpdateFrequency>
      </maintenance>
      <contact>
    <individualName>
<givenName>Cécile</givenName>          <surName>Callou</surName>
    </individualName>
<organizationName>MNHN</organizationName><positionName>Correspondant</positionName>      </contact>

</dataset>

<additionalMetadata>
    <metadata>
      <gbif>
        <dateStamp>2022-02-07T04:34:57Z</dateStamp>
      <citation>MNHN, Chagnoux S (2022). The reptiles, amphibians and fishes collection (ZA) in the Comparative Anatomy Collection of the Muséum national d&apos;Histoire naturelle (MNHN - Paris). Version 53.242. MNHN - Museum national d&apos;Histoire naturelle. Occurrence dataset https://doi.org/10.15468/07xias accessed via GBIF.org on 2022-02-07.</citation>
      </gbif>
    </metadata>
</additionalMetadata>

</eml:eml>
