<?xml version="1.0" encoding="utf-8"?>
<eml:eml xmlns:eml="eml://ecoinformatics.org/eml-2.1.1" xmlns:xsi="http://www.w3.org/2001/XMLSchema-instance"
         xsi:schemaLocation="eml://ecoinformatics.org/eml-2.1.1 http://rs.gbif.org/schema/eml-gbif-profile/1.1/eml.xsd"
        packageId="a79a2ab2-5de8-4ac6-a0de-3e994cd8f7f5"  system="http://gbif.org" scope="system"
  xml:lang="en">

<dataset>
      <alternateIdentifier>10.15468/a8v3ra</alternateIdentifier>
        <alternateIdentifier>a79a2ab2-5de8-4ac6-a0de-3e994cd8f7f5</alternateIdentifier>
        <alternateIdentifier>https://collections.ala.org.au/public/show/dr15273</alternateIdentifier>
        <alternateIdentifier>bd3a56a5-273f-3d00-a7a6-bbc043ec2662</alternateIdentifier>
    <title>Southern Highlands Nature Map</title>
    <creator>
<organizationName>NatureMapr</organizationName><electronicMailAddress>aaron@at3.am</electronicMailAddress><onlineUrl>http://naturemapr.org/</onlineUrl>    </creator>
    <metadataProvider>
<organizationName>NatureMapr</organizationName><electronicMailAddress>aaron@at3.am</electronicMailAddress><onlineUrl>http://naturemapr.org/</onlineUrl>    </metadataProvider>
    <associatedParty>
<organizationName>Atlas of Living Australia</organizationName>    <address>
<deliveryPoint>CSIRO Ecosystems Services</deliveryPoint><city>Canberra</city><administrativeArea>ACT</administrativeArea><postalCode>2601</postalCode><country>AUSTRALIA</country>    </address>
<electronicMailAddress>info@ala.org.au</electronicMailAddress>    <role>DISTRIBUTOR</role>
    </associatedParty>
      <pubDate>
      2021-10-02
      </pubDate>
    <language>ENGLISH</language>
      <intellectualRights>
        <para>This work is licensed under a <ulink url="http://creativecommons.org/licenses/by/4.0/legalcode"><citetitle>Creative Commons Attribution (CC-BY) 4.0 License</citetitle></ulink>.</para>
      </intellectualRights>
      <distribution scope="document">
          <online>
              <url function="information">https://collections.ala.org.au/public/show/dr15273</url>
          </online>
      </distribution>
      <contact>
<organizationName>Atlas of Living Australia</organizationName>    <address>
<deliveryPoint>CSIRO Ecosystems Services</deliveryPoint><city>Canberra</city><administrativeArea>ACT</administrativeArea><postalCode>2601</postalCode><country>AUSTRALIA</country>    </address>
<electronicMailAddress>info@ala.org.au</electronicMailAddress>      </contact>
      <methods>
      </methods>

</dataset>

<additionalMetadata>
    <metadata>
      <gbif>
        <dateStamp>2022-02-07T04:34:58Z</dateStamp>
      <citation>NatureMapr (2021). Southern Highlands Nature Map. Occurrence dataset https://doi.org/10.15468/a8v3ra accessed via GBIF.org on 2022-02-07.</citation>
              <resourceLogoUrl>https://collections.ala.org.au/data/dataProvider/naturemapr.png</resourceLogoUrl>
      </gbif>
    </metadata>
</additionalMetadata>

</eml:eml>
