<?xml version="1.0" encoding="utf-8"?>
<eml:eml xmlns:eml="eml://ecoinformatics.org/eml-2.1.1" xmlns:xsi="http://www.w3.org/2001/XMLSchema-instance"
         xsi:schemaLocation="eml://ecoinformatics.org/eml-2.1.1 http://rs.gbif.org/schema/eml-gbif-profile/1.1/eml.xsd"
        packageId="bf7cb159-620a-4d8b-8c62-e2658712b3ae"  system="http://gbif.org" scope="system"
  xml:lang="en">

<dataset>
      <alternateIdentifier>10.15468/nh6xae</alternateIdentifier>
        <alternateIdentifier>https://collections.ala.org.au/public/show/dr746</alternateIdentifier>
        <alternateIdentifier>7266dd75-8c00-3804-b0b4-6d822938e9ed</alternateIdentifier>
        <alternateIdentifier>http://collections.ala.org.au/public/show/dr746</alternateIdentifier>
        <alternateIdentifier>bf7cb159-620a-4d8b-8c62-e2658712b3ae</alternateIdentifier>
        <alternateIdentifier>3253faec-d27d-3bec-b988-1c9111bd7b07</alternateIdentifier>
        <alternateIdentifier>82f8799a-5835-3d4a-8ca0-de6b4bf0744c</alternateIdentifier>
    <title>Arthur Chapman Observations</title>
    <creator>
<organizationName>Arthur Chapman Observations</organizationName>    </creator>
    <metadataProvider>
<organizationName>Arthur Chapman Observations</organizationName>    </metadataProvider>
    <associatedParty>
<organizationName>Atlas of Living Australia</organizationName>    <address>
<deliveryPoint>CSIRO Ecosystems Services</deliveryPoint><city>Canberra</city><administrativeArea>ACT</administrativeArea><postalCode>2601</postalCode><country>AUSTRALIA</country>    </address>
<electronicMailAddress>info@ala.org.au</electronicMailAddress>    <role>DISTRIBUTOR</role>
    </associatedParty>
      <pubDate>
      2019-09-26
      </pubDate>
    <language>ENGLISH</language>
    <abstract>
        <para>Some 6,000 plus observation records (mostly birds, but also mammals, reptiles and amphibians).</para>
    </abstract>
      <intellectualRights>
        <para>This work is licensed under a <ulink url="http://creativecommons.org/licenses/by-nc/4.0/legalcode"><citetitle>Creative Commons Attribution Non Commercial (CC-BY-NC) 4.0 License</citetitle></ulink>.</para>
      </intellectualRights>
      <distribution scope="document">
          <online>
              <url function="information">https://collections.ala.org.au/public/show/dr746</url>
          </online>
      </distribution>
      <contact>
<organizationName>Atlas of Living Australia</organizationName>    <address>
<deliveryPoint>CSIRO Ecosystems Services</deliveryPoint><city>Canberra</city><administrativeArea>ACT</administrativeArea><postalCode>2601</postalCode><country>AUSTRALIA</country>    </address>
<electronicMailAddress>info@ala.org.au</electronicMailAddress>      </contact>
      <methods>
      </methods>

</dataset>

<additionalMetadata>
    <metadata>
      <gbif>
        <dateStamp>2022-02-07T04:35:01Z</dateStamp>
      <citation>Atlas of Living Australia (2019). Arthur Chapman Observations. Occurrence dataset https://doi.org/10.15468/nh6xae accessed via GBIF.org on 2022-02-07.</citation>
      </gbif>
    </metadata>
</additionalMetadata>

</eml:eml>
