<?xml version="1.0" encoding="utf-8"?>
<eml:eml xmlns:eml="eml://ecoinformatics.org/eml-2.1.1" xmlns:xsi="http://www.w3.org/2001/XMLSchema-instance"
         xsi:schemaLocation="eml://ecoinformatics.org/eml-2.1.1 http://rs.gbif.org/schema/eml-gbif-profile/1.1/eml.xsd"
        packageId="d3e6fa33-75a8-481b-bae4-7bafd683da67"  system="http://gbif.org" scope="system"
  xml:lang="en">

<dataset>
      <alternateIdentifier>10.15468/q3cw6r</alternateIdentifier>
        <alternateIdentifier>https://collections.ala.org.au/public/show/dr2289</alternateIdentifier>
        <alternateIdentifier>8a854848-0f03-376a-9925-74a27c278e02</alternateIdentifier>
        <alternateIdentifier>http://collections.ala.org.au/public/show/dr2289</alternateIdentifier>
        <alternateIdentifier>d3e6fa33-75a8-481b-bae4-7bafd683da67</alternateIdentifier>
        <alternateIdentifier>752e0e29-67c8-360b-8d63-77f2f61e2159</alternateIdentifier>
        <alternateIdentifier>e8e0cf62-25a0-3b25-920e-15294a8e9c01</alternateIdentifier>
    <title>Database of Australasian Vertebrate Occurrences</title>
    <creator>
<organizationName>Database of Australasian Vertebrate Occurrences</organizationName>    <address>
<deliveryPoint>Central Park West at 79th Street</deliveryPoint><city>New York</city><administrativeArea>NY</administrativeArea><postalCode>10024-5192</postalCode><country>UNITED_STATES</country>    </address>
    </creator>
    <creator>
<organizationName>American Museum of Natural History</organizationName>    <address>
<deliveryPoint>Central Park West at 79th Street</deliveryPoint><city>New York</city><administrativeArea>NY</administrativeArea><postalCode>10024-5192</postalCode><country>UNITED_STATES</country>    </address>
<phone>212-769-5100</phone><onlineUrl>http://www.amnh.org/</onlineUrl>    </creator>
    <creator>
<organizationName>Australian Museum</organizationName>    <address>
<deliveryPoint>1 William Street</deliveryPoint><city>Sydney</city><administrativeArea>New South Wales</administrativeArea><postalCode>2010</postalCode><country>AUSTRALIA</country>    </address>
<phone>(612) 9320 6000</phone><onlineUrl>http://australian.museum/</onlineUrl>    </creator>
    <creator>
<organizationName>Flinders University</organizationName>    <address>
<deliveryPoint>Sturt Road</deliveryPoint><city>Bedford Park</city><administrativeArea>South Australia</administrativeArea><postalCode>5042</postalCode><country>AUSTRALIA</country>    </address>
<phone>08 8201 3911</phone><onlineUrl>http://www.flinders.edu.au/</onlineUrl>    </creator>
    <creator>
<organizationName>Geological Survey of NSW</organizationName>    <address>
<deliveryPoint>516 High Street</deliveryPoint><city>Maitland</city><administrativeArea>NSW</administrativeArea><postalCode>2320</postalCode>    </address>
<phone>02 4931 6724</phone><electronicMailAddress>geologicalsurvey.info@trade.nsw.gov.au</electronicMailAddress><onlineUrl>http://www.resourcesandenergy.nsw.gov.au/miners-and-explorers/geoscience-information/about/geological-survey-of-nsw</onlineUrl>    </creator>
    <creator>
<organizationName>Geological Survey of South Australia</organizationName>    <address>
<deliveryPoint>101 Grenfell Street</deliveryPoint><city>Adelaide</city><administrativeArea>South Australia</administrativeArea><postalCode>5000</postalCode>    </address>
<onlineUrl>http://minerals.dmitre.sa.gov.au/geological_survey_of_sa</onlineUrl>    </creator>
    <creator>
<organizationName>James Cook University</organizationName>    <address>
<deliveryPoint>101 Angus Smith Drive</deliveryPoint><city>Townsville</city><administrativeArea>Queensland</administrativeArea><postalCode>4811</postalCode><country>AUSTRALIA</country>    </address>
<phone>(07) 4781 5255</phone><electronicMailAddress>EnquiriesTownsville@jcu.edu.au</electronicMailAddress><onlineUrl>https://www.jcu.edu.au/</onlineUrl>    </creator>
    <creator>
<organizationName>Museum of Central Australia</organizationName>    <address>
<deliveryPoint>Corner Larapinta Drive and Memorial Avenue</deliveryPoint><city>Alice Springs</city><administrativeArea>Northern Territory</administrativeArea><postalCode>0871</postalCode>    </address>
<phone>08 8951 1121</phone><onlineUrl>http://www.artsandmuseums.nt.gov.au/araluen-cultural-precinct/mca</onlineUrl>    </creator>
    <creator>
<organizationName>Museums Victoria</organizationName>    <address>
<deliveryPoint>11 Nicholson Street</deliveryPoint><city>Carlton</city><administrativeArea>Victoria</administrativeArea><postalCode>3053</postalCode><country>AUSTRALIA</country>    </address>
<onlineUrl>https://collections.museumsvictoria.com.au/</onlineUrl>    </creator>
    <creator>
<organizationName>Natural History Museum UK</organizationName>    <address>
<deliveryPoint>Cromwell Road</deliveryPoint><city>London</city><postalCode>SW7 5BD</postalCode><country>UNITED_KINGDOM</country>    </address>
<onlineUrl>http://www.nhm.ac.uk</onlineUrl>    </creator>
    <creator>
<organizationName>Queen Victoria Museum and Art Gallery</organizationName>    <address>
<deliveryPoint>2 Invermay Road</deliveryPoint><city>Launceston</city><administrativeArea>Tasmania</administrativeArea><postalCode>7248</postalCode><country>AUSTRALIA</country>    </address>
<phone>+61 (3) 6323 3777</phone><electronicMailAddress>enquiries@qvmag.tas.gov.au</electronicMailAddress><onlineUrl>http://www.qvmag.tas.gov.au/</onlineUrl>    </creator>
    <creator>
<organizationName>The Australian National University</organizationName>    <address>
<deliveryPoint>The Australian National University</deliveryPoint><city>Canberra</city><administrativeArea>Australian Capital Territory</administrativeArea><postalCode>0200</postalCode><country>AUSTRALIA</country>    </address>
<phone>(02) 6125 5111</phone><onlineUrl>http://www.anu.edu.au/</onlineUrl>    </creator>
    <creator>
<organizationName>University of New South Wales</organizationName>    <address>
<deliveryPoint>Union Road, UNSW Kensington Campus</deliveryPoint><city>Sydney</city><administrativeArea>NSW</administrativeArea><postalCode>2052</postalCode><country>AUSTRALIA</country>    </address>
<phone>(02) 9385 1000</phone><onlineUrl>http://www.unsw.edu.au</onlineUrl>    </creator>
    <creator>
<organizationName>Geoscience Australia</organizationName>    <address>
<deliveryPoint>Cnr Jerrabomberra Ave and Hindmarsh Drive</deliveryPoint><city>Symonston</city><administrativeArea>Australian Capital Territory</administrativeArea><postalCode>2609</postalCode>    </address>
<phone>1800 800 173</phone><electronicMailAddress>clientservices@ga.gov.au</electronicMailAddress><onlineUrl>http://www.ga.gov.au/</onlineUrl>    </creator>
    <creator>
<organizationName>Field Museum of Natural History</organizationName>    <address>
<deliveryPoint>1400 S. Lake Shore Drive</deliveryPoint><city>Chicago</city><administrativeArea>IL</administrativeArea><postalCode>60605-2496</postalCode><country>UNITED_STATES</country>    </address>
<phone>(312) 922-9410</phone><onlineUrl>http://www.fieldmuseum.org/</onlineUrl>    </creator>
    <creator>
<organizationName>Geological Survey of Queensland</organizationName><onlineUrl>https://www.business.qld.gov.au/industry/mining/geoscience-data-information/gsq</onlineUrl>    </creator>
    <creator>
<organizationName>Hunterian Museum</organizationName>    <address>
<deliveryPoint>Gilbert Scott Building, University Avenue</deliveryPoint><city>Glasgow</city><postalCode>G12 8QQ</postalCode><country>UNITED_KINGDOM</country>    </address>
<onlineUrl>http://www.gla.ac.uk/hunterian/</onlineUrl>    </creator>
    <creator>
<organizationName>The University of Melbourne</organizationName>    <address>
<deliveryPoint>Elizabeth Street in the Melbourne suburb of</deliveryPoint><city>Parkville</city><administrativeArea>Victoria</administrativeArea><postalCode>3010</postalCode><country>AUSTRALIA</country>    </address>
<phone>(03) 8344 4000</phone><onlineUrl>https://www.unimelb.edu.au/</onlineUrl>    </creator>
    <creator>
<organizationName>Museum and Art Gallery of the Northern Territory</organizationName>    <address>
<deliveryPoint>19 Conacher Street</deliveryPoint><city>The Gardens</city><administrativeArea>Northern Territory</administrativeArea><postalCode>0820</postalCode><country>AUSTRALIA</country>    </address>
<onlineUrl>http://www.magnt.net.au</onlineUrl>    </creator>
    <creator>
<organizationName>Queensland Museum</organizationName>    <address>
<deliveryPoint>Corner of Grey &amp; Melbourne Streets, South Bank, South Brisbane</deliveryPoint><city>Brisbane</city><administrativeArea>Queensland</administrativeArea><postalCode>4101</postalCode>    </address>
<onlineUrl>http://www.qm.qld.gov.au/</onlineUrl>    </creator>
    <creator>
<organizationName>South Australian Museum</organizationName>    <address>
<deliveryPoint>North Terrace</deliveryPoint><city>Adelaide</city><administrativeArea>South Australia</administrativeArea><postalCode>5000</postalCode><country>AUSTRALIA</country>    </address>
<onlineUrl>https://www.samuseum.sa.gov.au/</onlineUrl>    </creator>
    <creator>
<organizationName>Texas Memorial Museum</organizationName>    <address>
<deliveryPoint>2400 Trinity St</deliveryPoint><city>Austin</city><administrativeArea>TX</administrativeArea><postalCode>78712-1621</postalCode><country>UNITED_STATES</country>    </address>
<onlineUrl>http://tmm.utexas.edu/</onlineUrl>    </creator>
    <creator>
<organizationName>University of California Museum of Palaeontology</organizationName>    <address>
<deliveryPoint>1101 Valley Life Sciences Building</deliveryPoint><city>Berkeley</city><administrativeArea>CA</administrativeArea><postalCode>94720-4780</postalCode><country>UNITED_STATES</country>    </address>
<onlineUrl>http://www.ucmp.berkeley.edu/</onlineUrl>    </creator>
    <creator>
<organizationName>University of Tasmania</organizationName><onlineUrl>http://www.utas.edu.au/</onlineUrl>    </creator>
    <creator>
<organizationName>Western Australian Museum</organizationName>    <address>
<deliveryPoint>Perth Cultural Centre, James Street</deliveryPoint><city>Perth</city><administrativeArea>Western Australia</administrativeArea><postalCode>6000</postalCode><country>AUSTRALIA</country>    </address>
<onlineUrl>http://www.museum.wa.gov.au/</onlineUrl>    </creator>
    <creator>
<organizationName>Archer Collection</organizationName>    <address>
<deliveryPoint>Union Road, UNSW Kensington Campus</deliveryPoint><city>Sydney</city><administrativeArea>NSW</administrativeArea><postalCode>2052</postalCode><country>AUSTRALIA</country>    </address>
    </creator>
    <creator>
<organizationName>Australian Museum Palaeontology Collection</organizationName>    <address>
<deliveryPoint>1 William Street</deliveryPoint><city>Sydney</city><administrativeArea>New South Wales</administrativeArea><postalCode>2010</postalCode><country>AUSTRALIA</country>    </address>
<onlineUrl>https://australian.museum/learn/collections/natural-science/palaeontology/</onlineUrl>    </creator>
    <creator>
<organizationName>Commonwealth Palaeontological Collection</organizationName>    <address>
<deliveryPoint>Cnr Jerrabomberra Ave and Hindmarsh Drive</deliveryPoint><city>Symonston</city><administrativeArea>Australian Capital Territory</administrativeArea><postalCode>2609</postalCode>    </address>
    </creator>
    <creator>
<organizationName>Fossil collection of the Geological Survey of NSW</organizationName>    <address>
<deliveryPoint>516 High Street</deliveryPoint><city>Maitland</city><administrativeArea>NSW</administrativeArea><postalCode>2320</postalCode>    </address>
<onlineUrl>http://www.resourcesandenergy.nsw.gov.au/miners-and-explorers/geoscience-information/about/geological-survey-of-nsw</onlineUrl>    </creator>
    <creator>
<organizationName>The University of Melbourne, Department of Geology Fossil Collection</organizationName>    <address>
<deliveryPoint>Elizabeth Street in the Melbourne suburb of</deliveryPoint><city>Parkville</city><administrativeArea>Victoria</administrativeArea><postalCode>3010</postalCode><country>AUSTRALIA</country>    </address>
    </creator>
    <creator>
<organizationName>Queensland Museum Palaeontology</organizationName>    <address>
<deliveryPoint>Corner of Grey &amp; Melbourne Streets, South Bank, South Brisbane</deliveryPoint><city>Brisbane</city><administrativeArea>Queensland</administrativeArea><postalCode>4101</postalCode>    </address>
<onlineUrl>http://www.qm.qld.gov.au/Collections/Biodiversity+and+Geosciences/Geosciences+Collections/Queensland+Museum+collection</onlineUrl>    </creator>
    <creator>
<organizationName>American Museum of Natural History Palaeontology Collections</organizationName>    <address>
<deliveryPoint>Central Park West at 79th Street</deliveryPoint><city>New York</city><administrativeArea>NY</administrativeArea><postalCode>10024-5192</postalCode><country>UNITED_STATES</country>    </address>
<onlineUrl>http://www.amnh.org/our-research/paleontology/collections</onlineUrl>    </creator>
    <creator>
<organizationName>ANU Research School of Earth Sciences Geology Collection</organizationName>    <address>
<deliveryPoint>The Australian National University</deliveryPoint><city>Canberra</city><administrativeArea>Australian Capital Territory</administrativeArea><postalCode>0200</postalCode><country>AUSTRALIA</country>    </address>
<onlineUrl>http://rses.anu.edu.au/give/geological-collections</onlineUrl>    </creator>
    <creator>
<organizationName>Field Museum of Natural History Fossils and Minerals Collection</organizationName>    <address>
<deliveryPoint>1400 S. Lake Shore Drive</deliveryPoint><city>Chicago</city><administrativeArea>IL</administrativeArea><postalCode>60605-2496</postalCode><country>UNITED_STATES</country>    </address>
<onlineUrl>http://www.fieldmuseum.org/science/research/area/fossils-meteorites</onlineUrl>    </creator>
    <creator>
<organizationName>Flinders University Vertebrate Palaeontology Collection</organizationName>    <address>
<deliveryPoint>Sturt Road</deliveryPoint><city>Bedford Park</city><administrativeArea>South Australia</administrativeArea><postalCode>5042</postalCode><country>AUSTRALIA</country>    </address>
    </creator>
    <creator>
<organizationName>Fossil collection of the Geological Survey of Queensland</organizationName>    </creator>
    <creator>
<organizationName>Fossil collection of the Geological Survey of South Australia</organizationName>    <address>
<deliveryPoint>101 Grenfell Street</deliveryPoint><city>Adelaide</city><administrativeArea>South Australia</administrativeArea><postalCode>5000</postalCode>    </address>
    </creator>
    <creator>
<organizationName>Hunterian Museum Dinosaurs and Fossils Collection</organizationName>    <address>
<deliveryPoint>Gilbert Scott Building, University Avenue</deliveryPoint><city>Glasgow</city><postalCode>G12 8QQ</postalCode><country>UNITED_KINGDOM</country>    </address>
<onlineUrl>http://www.gla.ac.uk/hunterian/collections/collectionsummaries/dinosaursandfossils/</onlineUrl>    </creator>
    <creator>
<organizationName>James Cook University Fossil Collection</organizationName>    <address>
<deliveryPoint>101 Angus Smith Drive</deliveryPoint><city>Townsville</city><administrativeArea>Queensland</administrativeArea><postalCode>4811</postalCode><country>AUSTRALIA</country>    </address>
    </creator>
    <creator>
<organizationName>Museum and Art Gallery of the Northern Territory Palaeontology Collection</organizationName>    <address>
<deliveryPoint>19 Conacher St</deliveryPoint><city>The Gardens</city><administrativeArea>NT</administrativeArea><postalCode>0820</postalCode><country>AUSTRALIA</country>    </address>
<onlineUrl>http://magnt.net.au</onlineUrl>    </creator>
    <creator>
<organizationName>Museums Victoria Vertebrate Palaeontology Collection</organizationName>    <address>
<deliveryPoint>11 Nicholson Street</deliveryPoint><city>Carlton</city><administrativeArea>Victoria</administrativeArea><postalCode>3053</postalCode><country>AUSTRALIA</country>    </address>
<onlineUrl>http://museumvictoria.com.au/collections-research/sciences/palaeontology/vertebrate-palaeontology-collection/</onlineUrl>    </creator>
    <creator>
<organizationName>Natural History Museum UK Fossil Vertebrate Collection</organizationName>    <address>
<deliveryPoint>Cromwell Road</deliveryPoint><city>London</city><postalCode>SW7 5BD</postalCode><country>UNITED_KINGDOM</country>    </address>
<onlineUrl>http://www.nhm.ac.uk/research-curation/collections/our-collections/fossil-vertebrate-collections/index.html</onlineUrl>    </creator>
    <creator>
<organizationName>Queen Victoria Museum and Art Gallery - Geology and Fossil Vertebrates</organizationName>    <address>
<deliveryPoint>2 Invermay Road</deliveryPoint><city>Launceston</city><administrativeArea>Tasmania</administrativeArea><postalCode>7248</postalCode><country>AUSTRALIA</country>    </address>
<onlineUrl>http://www.qvmag.tas.gov.au/qvmag/index.php?c=112</onlineUrl>    </creator>
    <creator>
<organizationName>South Australian Museum Palaeontology Collection</organizationName>    <address>
<deliveryPoint>North Terrace</deliveryPoint><city>Adelaide</city><administrativeArea>South Australia</administrativeArea><postalCode>5000</postalCode><country>AUSTRALIA</country>    </address>
<onlineUrl>https://www.samuseum.sa.gov.au/collections/palaeontology</onlineUrl>    </creator>
    <creator>
<organizationName>University of California Museum of Palaeontology Vertebrate Collection</organizationName>    <address>
<deliveryPoint>1101 Valley Life Sciences Building</deliveryPoint><city>Berkeley</city><administrativeArea>CA</administrativeArea><postalCode>94720-4780</postalCode><country>UNITED_STATES</country>    </address>
<onlineUrl>http://www.ucmp.berkeley.edu/science/vertebrate_coll.php</onlineUrl>    </creator>
    <creator>
<organizationName>Western Australian Museum Fossil Collection</organizationName>    <address>
<deliveryPoint>Perth Cultural Centre, James Street</deliveryPoint><city>Perth</city><administrativeArea>Western Australia</administrativeArea><postalCode>6000</postalCode><country>AUSTRALIA</country>    </address>
<onlineUrl>http://museum.wa.gov.au/research/collections/biostratigraphy/fossil-collection</onlineUrl>    </creator>
    <metadataProvider>
<organizationName>Database of Australasian Vertebrate Occurrences</organizationName>    <address>
<deliveryPoint>Central Park West at 79th Street</deliveryPoint><city>New York</city><administrativeArea>NY</administrativeArea><postalCode>10024-5192</postalCode><country>UNITED_STATES</country>    </address>
    </metadataProvider>
    <associatedParty>
<organizationName>Atlas of Living Australia</organizationName>    <address>
<deliveryPoint>CSIRO Ecosystems Services</deliveryPoint><city>Canberra</city><administrativeArea>ACT</administrativeArea><postalCode>2601</postalCode><country>AUSTRALIA</country>    </address>
<electronicMailAddress>info@ala.org.au</electronicMailAddress>    <role>DISTRIBUTOR</role>
    </associatedParty>
      <pubDate>
      2019-09-26
      </pubDate>
    <language>ENGLISH</language>
    <abstract>
        <para>The Database of Australasian Vertebrate Occurrences (DAVO) is a terrestrial, Cenozoic dataset collated in the 2000s by Dirk Megirian and Gavin Prideaux to develop the Australian Land Mammal Age biochronological scheme (Megirian et al. 2010, Paleobiology), primarily via an exhaustive literature review. Mammals were the main focus of the dataset, but it includes occurrence data for other vertebrates and terrestrial molluscs found in association with vertebrate fossils.</para>
    </abstract>
      <intellectualRights>
        <para>This work is licensed under a <ulink url="http://creativecommons.org/licenses/by/4.0/legalcode"><citetitle>Creative Commons Attribution (CC-BY) 4.0 License</citetitle></ulink>.</para>
      </intellectualRights>
      <distribution scope="document">
          <online>
              <url function="information">https://collections.ala.org.au/public/show/dr2289</url>
          </online>
      </distribution>
      <contact>
    <individualName>
<givenName>Grant</givenName>          <surName>Gully</surName>
    </individualName>
<positionName>editor</positionName><phone>08 8201 2764</phone><electronicMailAddress>grant.gully@flinders.edu.au</electronicMailAddress>      </contact>
      <methods>
      </methods>

</dataset>

<additionalMetadata>
    <metadata>
      <gbif>
        <dateStamp>2022-02-07T04:34:58Z</dateStamp>
      <citation>Flinders University (2019). Database of Australasian Vertebrate Occurrences. Occurrence dataset https://doi.org/10.15468/q3cw6r accessed via GBIF.org on 2022-02-07.</citation>
      </gbif>
    </metadata>
</additionalMetadata>

</eml:eml>
