decimalLatitude,decimalLongitude,occurrenceStatus
-34.130907,150.603024,1
-33.703979,150.301906,0
-33.709317,150.598369,1
-33.77865,151.017143,0
-33.989385,150.845131,0
-33.7175,150.46,0
-33.414196,150.191039,0
-33.6925,150.715,0
-33.838698,151.068165,1
-33.785338,150.978873,0
-34.13724,151.113859,0
-33.749379,150.863687,0
-33.838575,151.071142,1
-33.7849,150.76,0
-34.074759,151.043504,0
-33.911041,151.141507,0
-33.835933,151.062409,1
-33.842265,151.071826,1
-33.610536,151.09812,0
-34.071184,150.88936,0
-33.840416,151.07044,1
-33.442868,150.640739,0
-33.8488,151.101,1
-33.623903,151.027686,0
-33.837952,151.073009,1
-33.7179,150.427,0
-33.692524,150.946546,1
-33.839939,151.065573,1
-33.842354,151.071187,1
-33.7407,150.466,0
-34.06906,150.448163,0
-33.756378,150.623366,0
-33.6346,150.292,0
-33.424138,150.196922,0
-33.947754,150.822056,0
-34.1478,150.827,0
-33.758118,150.858161,0
-33.441732,150.280516,0
-33.835931,151.062409,1
-33.6172,151.081,1
-34.188951,150.546743,0
-34.069172,150.44819,0
-33.713595,150.33474,0
-33.3609,150.179,0
-33.434583,150.223178,0
-33.3667,150.709,0
-33.7331,150.633,0
-34.087346,150.99694,0
-33.695384,150.552416,0
-33.413418,150.227368,0
-33.832215,151.069319,1
-33.697014,150.557257,0
-33.6854,151.092,0
-34.23891,150.918296,0
-34.216944,150.710567,0
-34.066986,150.769699,0
-33.6187,151.015,0
-33.447549,150.299122,0
-33.414249,150.223815,0
-33.756216,150.623266,1
-33.835933,151.062409,0
-33.7173,150.951,0
-33.378183,150.171782,0
-33.396467,150.225671,0
-33.631184,150.966536,0
-33.756038,150.623325,1
-34.0681,150.80722,1
-33.931321,150.633522,0
-33.9354,150.981,1
-33.833166,151.0147,0
-34.003815,150.863843,1
-33.700445,150.584082,0
-33.837557,151.060273,1
-33.614621,151.039152,0
-33.841657,151.062406,1
-33.837995,151.074188,1
-34.028068,150.73688,0
-33.673326,150.920987,1
-33.839938,151.065574,1
-33.40664,150.212588,0
-33.41585,150.261778,0
-33.593189,150.918943,0
-33.755225,150.623728,1
-33.688695,151.003489,1
-33.6742,150.969,0
-33.5175,150.874,0
-33.608789,150.884132,0
-33.699738,151.043349,1
-33.714539,151.082904,0
-34.237019,150.917337,1
-34.140383,151.025995,0
-33.4747,150.172,0
-33.388695,150.264619,0
-33.749773,150.465056,0
-33.389783,150.212654,0
-33.4732,150.173,0
-34.074769,151.043488,0
-33.715474,150.910134,1
-33.797481,150.169931,0
-33.63132,150.966492,0
-33.836872,151.075848,1
-33.8458,151.056,1
-33.769712,150.491055,0
-33.717179,150.69748,0
-33.832097,150.573831,0
-34.031025,150.710538,1
-33.781399,150.992694,0
-33.8247,151.142,0
-33.366653,150.159187,0
-33.683794,150.911869,1
-33.840441,151.064338,1
-34.083679,150.784974,1
-34.187279,150.68972,0
-33.756198,150.62317,1
-33.5056,150.375,0
-33.8248,151.143,0
-33.505995,150.792098,0
-34.168659,150.589737,0
-33.7645,151.122,0
-34.18232,150.561142,1
-33.832605,151.06744,0
-33.38162,150.157281,0
-34.1993,150.543,0
-33.822478,150.655461,0
-34.038491,150.676645,1
-33.955805,150.571557,0
-33.342384,150.192103,0
-33.963309,150.953773,0
-33.71051,150.623676,0
-33.631209,150.966354,0
-33.8232,151.138,0
-33.614538,151.039716,0
-34.036219,150.623022,0
-33.9039,151.073,0
-33.849395,151.078029,1
-33.837991,151.074188,1
-34.189346,150.545547,0
-33.728564,150.623516,0
-33.659407,151.094,1
-33.344013,150.17727,0
-33.370966,150.226686,0
-33.707109,150.965834,0
-33.372847,150.749208,0
-33.756165,150.623385,0
-33.5453,150.809,1
-34.131343,150.90468,0
-33.7579,151.11,0
-33.4733,150.172,0
-33.755341,150.623616,1
-33.251121,150.195039,0
-33.754364,150.632332,0
-33.841428,151.069915,1
-33.836398,151.059792,0
-33.931364,150.633322,0
-33.8637,150.813,0
-33.5181,150.875,0
-33.931468,150.632847,0
-33.710538,151.053005,1
-33.699624,150.384475,0
-34.2156,150.545,0
-33.83964,151.067747,1
-33.782764,151.019491,0
-33.398721,150.241636,0
-33.8423,151.060897,1
-33.840633,151.061522,1
-33.771513,151.113861,1
-33.5069,150.371385,0
-33.7042,150.988,0
-33.809533,150.656334,0
-33.743439,150.70672,1
-33.841557,151.072879,1
-34.2238,150.961,0
-33.931366,150.632807,0
-33.785173,150.735818,0
-33.826425,151.060011,0
-33.7412,150.467,0
-33.932903,150.635642,0
-33.9355,150.981,1
-33.7044,150.988,0
-33.7058,150.366,0
-34.0819,151.126,0
-33.959876,150.957164,1
-33.709987,150.601739,0
-33.5177,150.874,0
-34.020371,150.709506,0
-33.84156,151.072878,0
-33.7131,150.896,0
-33.759992,150.859431,0
-33.710864,150.623558,0
-34.143,150.986,0
-33.8356,151.062,1
-33.84156,151.072878,1
-33.5833,150.212,0
-33.571865,150.674229,1
-33.413674,150.210654,0
-33.4574,150.982,0
-33.8391,151.073,1
-33.537903,150.42281,0
-33.838365,151.068694,1
-33.840811,151.061334,1
-33.5432,150.243,0
-34.0517,151.013,0
-33.836398,151.059792,1
-33.699676,150.384589,0
-33.842237,151.071773,1
-33.838048,151.075361,0
-33.945221,150.93339,0
-33.699881,151.043433,0
-34.058947,150.773808,1
-33.365771,150.1818,0
-33.5612,150.918,1
-33.707736,150.985161,0
-33.726616,150.968411,0
-34.069287,150.448333,0
-34.0522,150.528,0
-33.416723,150.218748,0
-34.026763,150.70593,1
-33.726447,150.698413,0
-33.699444,150.873611,0
-33.800629,150.674746,0
-33.757446,150.622532,0
-33.769733,150.491374,0
-34.0624,150.861,1
-33.84239,151.071186,1
-34.17392,150.58078,0
-34.137086,151.114161,0
-33.785424,150.978874,0
-33.832234,151.069296,1
-34.237184,150.917284,1
-33.82489,151.0659,1
-33.8353,151.063,1
-33.448264,150.231023,0
-33.377672,150.199715,0
-33.832215,151.069319,0
-33.374025,150.202701,0
-33.587145,150.856038,0
-33.4725,150.171,0
-33.7818,151.01,0
-34.050496,151.003695,0
-33.750178,150.464939,0
-33.6189,151.015,0
-33.834057,151.063262,0
-34.2389,150.918,0
-33.7171,150.951,0
-33.851801,150.633865,1
-34.1574,150.799,0
-33.396918,150.226097,0
-34.071694,150.794725,0
-33.533479,150.660181,1
-34.0669,150.769,0
-34.163414,150.826261,0
-33.782826,150.975029,0
-33.513782,150.579329,0
-33.4748,150.172,0
-34.066888,150.769951,0
-33.7055,151.081,0
-33.699897,151.043434,0
-33.4681,150.188,0
-33.3656,150.71,0
-33.5226,150.885,1
-33.7687,151.14,0
-33.931586,150.632802,0
-33.911171,151.141549,0
-33.6194,150.801,0
-33.698687,150.365494,0
-33.835905,151.076382,0
-33.726,150.3,1
-33.752814,151.120489,1
-33.361483,150.162546,0
-33.526359,150.704863,0
-33.75538,150.623994,1
-34.043682,151.038656,0
-33.839939,151.065573,0
-33.75642,150.623438,0
-33.826253,150.926436,1
-34.072963,150.71614,1
-34.0549,151.055,0
-33.9807,151.079,0
-34.023801,151.053503,0
-33.756523,150.623336,0
-33.425634,150.789261,1
-33.4779,150.166,0
-33.83701,151.068926,1
-33.658158,150.750163,1
-33.975708,151.005241,1
-34.120278,150.831085,1
-33.290944,150.9736,1
-34.1013,150.819,1
-33.5622,150.934,0
-33.774676,150.732328,1
-33.825116,151.057392,1
-34.192898,150.601452,0
-34.0381,150.77,0
-33.730135,150.623286,0
-33.7079,150.292,0
-33.7137,150.896,1
-33.4723,150.172,0
-33.836756,151.076488,1
-33.756484,150.623102,0
-33.82649,151.054628,0
-33.562561,150.241799,0
-33.5735,150.716,0
-33.7151,150.317,0
-33.643219,150.658674,1
-33.448701,150.22076,0
-34.0521,150.528,1
-34.066981,150.769371,0
-33.789857,151.131471,1
-33.831832,150.823801,1
-33.507323,150.371527,0
-33.8232,151.144,0
-33.714414,151.082821,0
-33.615,151.02,0
-34.06022,150.798955,1
-33.848374,151.068103,1
-33.835931,151.062409,0
-33.608412,150.890452,0
-33.839258,151.065133,0
-33.835908,151.06147,1
-33.631325,150.966366,0
-34.024301,150.702014,0
-33.760875,151.107993,0
-33.8409,151.064,0
-33.755268,150.623704,1
-33.779669,151.033115,0
-33.618898,151.082947,0
-33.756195,150.623208,0
-33.826425,151.060011,1
-33.734351,151.112315,0
-33.361066,150.179051,0
-33.755743,150.616651,1
-33.758921,150.636889,0
-33.7028,151.081,0
-33.838836,151.068262,1
-33.64073,150.78584,1
-33.331532,150.189433,0
-33.57064,150.908082,1
-33.91967,150.93269,0
-33.838032,151.072732,1
-34.0425,151.076,0
-33.708124,150.983586,1
-34.144355,150.929203,0
-33.619,151.015,0
-33.7255,150.697,1
-33.706642,150.909796,1
-33.833958,151.066611,1
-33.839102,151.067364,1
-33.832448,151.068557,1
-34.239014,150.918096,0
-33.77,151.145,0
-33.931617,150.632748,0
-33.779272,151.016749,0
-33.7124,151.084,0
-33.750234,150.953715,0
-33.815743,150.717893,0
-33.756322,150.623366,0
-33.771487,151.10499,0
-33.6949,150.547,0
-33.524173,150.6237,1
-34.127154,150.850693,0
-33.37196,150.227202,0
-33.96,150.957,1
-34.0917,151.036,0
-34.052,150.528,1
-33.5801,150.831,0
-33.914671,150.982829,0
-33.7113,150.911,0
-33.9599,150.957,1
-34.094924,150.734382,1
-33.358193,150.164941,0
-33.833116,150.773977,0
-33.756205,150.623293,0
-34.043644,151.038575,0
-34.160189,150.962668,0
-33.74967,150.465014,0
-33.701887,151.092709,0
-33.4771,150.172,0
-33.667566,151.140641,0
-33.704878,150.881998,1
-33.4709,150.171,0
-33.980662,151.079249,0
-33.853626,150.633555,1
-34.2392,150.918,1
-33.45191,150.28294,0
-33.841994,151.07126,1
-34.147349,151.108791,0
-33.66308,150.754048,0
-33.714417,151.082946,0
-33.838385,151.060189,1
-33.7269,150.699,1
-33.702148,150.935457,0
-33.526284,150.704865,1
-33.6336,150.292,0
-33.757419,150.618229,1
-33.709254,150.598903,0
-33.6694,150.919,0
-33.83284,151.068807,0
-33.833748,151.066884,1
-33.597021,150.26146,0
-33.6647,151.097,0
-33.7683,151.124,0
-33.840986,151.073119,1
-33.708396,150.985482,0
-33.692178,150.530077,0
-34.1504,150.823,0
-33.781016,150.242885,0
-33.70622,150.698645,0
-33.66748,150.920352,0
-33.7549,151.116,0
-33.608419,150.890444,0
-34.168442,150.591003,0
-33.254363,150.192777,0
-33.71921,150.298839,0
-33.7078,150.292,0
-33.511449,150.696507,1
-33.83299,151.070196,1
-33.755786,150.736292,0
-33.746467,150.952814,0
-33.351594,150.17565,0
-33.452891,150.22709,0
-33.7188,150.385,0
-33.840831,151.061985,0
-33.52306,150.68501,0
-34.075741,151.055485,1
-34.203692,150.583815,0
-34.040946,151.006192,0
-33.825205,151.066038,1
-33.551,150.241,0
-33.690384,151.017457,0
-33.463671,150.196951,0
-33.725975,150.4602,0
-33.94104,150.84079,0
-33.45035,150.99738,0
-33.631281,150.966601,0
-33.7163,151.014,0
-33.656034,151.037254,0
-33.658764,150.750104,1
-33.8356,151.061,1
-33.7339,150.968,1
-33.7313,150.965,1
-34.199394,150.870368,0
-33.841242,151.073913,1
-34.069172,150.448201,0
-33.8484,151.074,1
-33.758179,150.626532,0
-33.510182,150.744163,0
-34.069064,150.448222,0
-33.71075,151.073025,0
-33.840943,151.063074,1
-33.709257,150.598405,0
-34.0842,151.141,0
-33.750188,151.149601,1
-33.6692,150.919,0
-33.75526,150.631883,0
-33.7155,150.43,0
-33.838864,151.068315,1
-33.526776,150.705155,0
-33.5614,150.918,1
-33.932739,150.634792,0
-33.536774,150.193307,0
-33.83884,151.067723,1
-34.199,150.543,0
-34.085453,151.056003,1
-33.7853,150.648,0
-33.6711,150.918,0
-34.209686,150.628622,0
-33.990229,150.967289,0
-34.082,151.145,0
-33.7008,150.572,0
-33.873874,150.754633,1
-33.7848,150.76,0
-33.965292,150.968563,0
-33.366628,150.167181,0
-34.139109,151.027478,0
-33.838815,151.068083,0
-33.7597,151.093,0
-33.699036,151.043868,0
-33.8892,150.827,0
-34.170922,150.573485,0
-34.1495,150.83,0
-33.809,150.656,0
-33.358247,150.181967,0
-33.654365,150.847164,1
-33.94105,150.964102,1
-34.201747,150.857948,0
-33.7605,151.105,0
-34.168621,150.589691,0
-34.071082,150.766333,0
-33.759989,151.113328,0
-33.686208,150.534465,0
-33.416317,150.226405,0
-33.749528,150.866185,0
-33.664019,151.063163,1
-33.79837,151.149091,0
-33.7298,151.125,0
-33.618679,150.994559,0
-33.838365,151.068694,0
-34.1478,150.827,1
-33.7054,151.081,0
-34.05011,151.015409,0
-33.355286,150.181783,0
-34.211067,150.69142,0
-33.251439,150.194738,0
-33.75522,150.623602,1
-33.9677,150.809,0
-33.987971,150.91109,0
-33.621002,150.16138,0
-34.161646,150.473424,0
-33.691959,150.991372,1
-33.742634,150.479477,0
-33.6188,151.015,0
-33.691052,150.371561,0
-34.200351,150.87207,0
-33.702957,150.617444,0
-33.9091,150.622,0
-33.421083,150.218598,0
-33.5277,150.935,0
-34.052,150.528,0
-33.673475,150.676264,1
-33.430165,150.260458,0
-33.960349,150.978852,0
-34.056435,150.770565,0
-33.82627,150.644367,0
-34.162628,150.585281,0
-33.674123,150.92292,1
-34.189511,150.544489,1
-33.754501,150.904614,0
-33.363466,150.171603,0
-33.7847,151.011,0
-33.7827,150.993,0
-33.833445,151.065412,1
-33.6345,150.753,1
-33.8076,150.81,0
-33.717,150.951,0
-34.076499,151.054045,1
-34.077472,150.777366,1
-33.837991,151.074188,0
-33.83847,151.060086,1
-33.842118,151.073205,0
-33.70693,151.084331,0
-33.646494,151.132571,0
-33.63129,150.966423,0
-33.673428,150.913873,0
-34.1444,150.826,1
-33.341952,150.192138,0
-33.617204,150.715308,0
-33.842987,151.062195,0
-33.837782,151.072338,1
-33.7253,150.697,1
-34.095552,150.979378,0
-33.7042,150.989,1
-33.8066,151.133,0
-33.960349,150.978852,1
-33.524109,150.624188,0
-33.641841,150.904232,1
-33.8097,151.143,0
-33.958835,150.958155,1
-33.675809,150.9702,0
-34.066254,151.100978,1
-33.834415,151.065174,1
-33.717488,150.993366,0
-33.768527,150.631826,0
-33.941234,151.092468,1
-33.8636,150.813,0
-33.7008,150.984,0
-33.826253,150.926436,0
-33.834957,151.064371,1
-33.70487,150.314445,0
-33.701857,150.371143,0
-34.2373,150.917,0
-33.756226,150.623195,0
-34.038621,150.676739,1
-33.700754,150.483815,0
-33.6881,151.092,0
-34.177,151.056,1
-33.842631,151.072747,1
-34.161129,150.584887,0
-33.537871,150.413388,0
-33.75543,150.623832,1
-34.231196,150.750865,0
-33.832792,151.067157,0
-33.747454,151.128305,1
-34.204081,150.702972,0
-33.6473,150.267,0
-34.00367,151.066699,0
-33.624343,151.13906,0
-33.774508,150.64033,0
-33.931404,150.633592,0
-33.7025,150.565,0
-33.704704,150.314687,0
-33.674123,150.92292,0
-33.835905,151.076382,1
-33.717356,151.012423,0
-34.19347,150.876083,0
-34.0824,151.125,0
-34.2333,150.965,0
-33.518,150.875,0
-33.7029,150.286,0
-33.417686,150.206655,0
-34.208096,150.68971,1
-33.688843,150.320358,0
-33.748912,150.864193,0
-34.237053,150.917021,1
-34.0648,151.136,0
-33.6636,151.099,0
-33.800496,150.674564,0
-33.397785,150.226553,0
-33.833476,151.065576,0
-33.619042,151.082645,0
-34.120797,151.134998,0
-33.688,151.092,0
-33.619725,150.99433,0
-33.7465,150.942,0
-33.842738,151.072691,1
-33.83519,151.06344,1
-33.692258,150.95259,1
-33.6536,151.113,0
-33.8427,151.07,0
-33.83371,151.067098,1
-33.756256,150.623237,0
-33.5648,150.934,0
-34.07721,150.53519,0
-33.778856,151.017049,0
-33.89579,150.97546,0
-34.139611,151.114374,0
-33.7048,151.084,0
-33.8363,151.062,1
-33.967095,150.92697,1
-33.716486,150.991534,0
-34.073432,150.756731,0
-33.6132,151.043,0
-33.699133,150.584372,0
-33.838575,151.071142,0
-33.826424,151.060011,1
-34.174011,150.581161,1
-33.362237,150.17782,0
-34.05805,150.993932,0
-33.839938,151.065574,0
-33.57267,150.921313,1
-33.655482,150.871097,0
-33.726636,150.968501,0
-33.617344,150.928097,1
-33.82,151.057,0
-33.699768,150.584142,0
-33.836933,151.075845,1
-33.83299,151.070196,0
-34.194517,150.694464,0
-33.82765,151.061642,1
-33.7041,150.988,0
-33.8249,151.143,0
-33.838766,151.070349,0
-33.7689,151.124,0
-33.684083,150.893242,0
-33.713455,150.336492,0
-33.755291,150.623262,1
-33.743063,150.613905,0
-33.59495,150.195434,0
-33.694972,150.72546,0
-33.615,151.02,1
-33.756505,150.623268,0
-34.036964,151.046755,0
-33.8638,150.813,0
-33.374801,150.199969,0
-33.689255,151.003769,1
-33.8077,151.133,0
-33.717049,151.07578,0
-33.7088,150.817,0
-33.756104,150.623197,0
-33.700325,150.584004,0
-33.841557,151.072879,0
-33.756256,150.623158,0
-33.837995,151.074188,0
-33.841813,151.072366,1
-34.058947,150.773808,0
-33.758142,151.109816,1
-34.033497,150.7396,0
-33.9596,150.957,1
-34.136502,150.86864,0
-33.8387,151.074,0
-33.825205,151.066038,0
-33.6595,151.094,0
-33.6224,151.055,1
-33.837007,151.068925,1
-34.041366,151.056882,0
-34.021093,150.705067,1
-33.744364,150.684826,0
-33.707539,150.493011,0
-33.70613,151.074776,1
-33.61547,151.09811,1
-33.833336,151.064743,1
-33.369499,150.241592,0
-33.62,151.05,1
-33.670943,150.691111,1
-33.794611,150.659482,1
-33.569147,150.623417,1
-33.624095,150.856642,1
-34.033497,150.7396,1
-33.833635,151.065237,0
-33.842411,151.056997,1
-33.5154,150.871,0
-33.737953,150.448107,0
-33.3763,150.185,0
-33.709283,150.598759,0
-33.71448,151.082811,0
-33.699851,150.584102,0
-34.120278,150.831085,0
-34.039604,150.839837,0
-34.0861,151.145,0
-34.172134,150.575842,0
-33.836739,151.07651,1
-34.087112,151.055271,1
-33.35115,150.176331,0
-34.189537,150.545319,0
-33.507228,151.019571,1
-33.691988,150.529745,0
-33.826288,151.053592,0
-33.668161,150.943058,0
-33.84133,151.062345,1
-34.058833,150.774183,0
-34.137488,150.867303,0
-33.7067,150.548,0
-33.756038,150.623325,0
-33.837962,151.073069,1
-34.1477,150.827,1
-33.615779,150.904098,0
-33.841886,151.072408,0
-33.473,150.173,0
-33.679901,151.124341,0
-33.837913,151.073025,1
-33.755341,150.623316,1
-33.626796,151.138748,0
-33.813863,151.129384,0
-33.6186,151.015,0
-33.726914,150.968302,0
-33.506915,150.371428,0
-33.8271,150.917,0
-33.743225,150.706782,1
-33.653001,150.871345,1
-33.710613,150.493498,0
-34.220591,150.852804,0
-33.7819,151.01,0
-33.692178,150.529729,0
-33.710604,151.053099,1
-33.700771,150.584464,0
-33.83884,151.067723,0
-34.195787,150.817062,0
-33.385733,150.172751,0
-33.698665,150.365442,0
-33.710556,151.066269,0
-33.586699,150.644543,1
-34.137104,151.114182,0
-33.833958,151.066611,0
-33.84356,151.072186,0
-33.4796,150.171,0
-33.726717,150.968582,0
-33.361014,150.178762,0
-33.6854,150.884,0
-33.835678,151.061686,1
-33.370913,150.22673,0
-33.419015,150.262991,0
-33.741434,150.613287,0
-33.49074,150.72834,1
-33.833434,151.067789,1
-33.7056,151.088,0
-33.684083,150.893242,1
-33.931358,150.633362,0
-34.183416,150.560268,0
-33.7342,151.112,0
-33.756394,150.623291,0
-33.9021,150.905,0
-33.768565,150.857155,0
-33.842478,151.072772,1
-34.067047,151.01685,0
-34.1984,150.576,1
-33.836913,150.646106,1
-33.680079,150.233845,0
-34.192726,150.601578,0
-33.4186,150.204433,0
-33.755351,150.623992,1
-34.2372,150.917,0
-33.9889,151.026,0
-34.205925,150.580072,1
-34.0526,150.528,0
-33.704,150.988,0
-34.2392,150.917,0
-33.811601,150.658799,0
-33.570477,150.206555,0
-34.080078,151.018653,0
-34.059303,150.800897,1
-33.795825,151.123742,0
-33.817674,150.93038,1
-33.834292,151.065954,1
-33.4666,150.184,0
-34.065186,150.730025,0
-33.800935,150.617187,0
-33.7602,151.109,0
-33.786971,151.113011,0
-33.781062,151.134083,0
-33.833888,151.066677,1
-33.86254,150.75131,0
-33.257141,150.943122,1
-33.837557,151.060273,0
-33.813552,150.932394,0
-33.709442,150.598453,0
-34.204573,150.706149,1
-33.3667,150.709,1
-34.069934,150.76057,1
-33.6878,151.092,0
-33.6894,150.945,0
-33.42162,150.202003,0
-33.7586,151.141,0
-34.182259,150.56134,0
-33.5164,150.872,0
-33.36588,150.186588,0
-33.7331,151.056,0
-34.2453,150.976,1
-33.71641,150.991761,0
-33.7298,151.124,0
-33.697083,150.542501,0
-33.689059,151.003646,1
-34.161129,150.584887,1
-33.376148,150.185355,0
-33.715512,150.909622,1
-33.75592,150.622932,0
-33.8398,151.073373,1
-33.617198,150.928735,0
-33.4732,150.172,0
-33.533909,150.692612,0
-34.072516,150.7838,1
-33.552011,150.686258,0
-33.778778,151.028398,0
-33.683018,150.930451,0
-33.6682,150.255,0
-33.769625,150.491097,0
-33.528546,150.866527,0
-34.027021,150.705113,0
-33.7421,151.021,0
-33.825679,151.063956,1
-33.66442,151.114782,0
-33.835141,151.063192,1
-33.251209,150.195038,0
-33.701803,151.092696,0
-33.708407,150.985369,0
-33.749379,150.863687,1
-33.824927,151.069666,1
-33.701912,150.935379,0
-33.946536,150.571983,0
-33.6856,151.015,0
-33.832675,151.067525,1
-33.428738,150.217816,0
-33.700027,150.584291,0
-33.7301,150.484,0
-33.505034,150.371727,0
-33.70067,150.583827,0
-34.17323,150.944499,0
-33.6337,150.293,0
-33.726431,150.698346,0
-33.726562,150.968532,0
-33.700119,150.58414,0
-33.8617,150.794,0
-33.506773,150.37137,0
-33.675543,151.107213,1
-33.6757,150.912,0
-33.747223,150.862255,1
-34.0522,151.013,0
-33.699921,150.584216,0
-33.416319,150.260968,0
-33.998958,150.91458,1
-33.631174,150.966386,0
-33.82515,151.066074,0
-33.986252,150.806677,0
-33.376229,150.185384,0
-33.8353,151.063,0
-33.842762,151.072086,0
-33.780072,151.118978,0
-33.662537,150.878302,1
-33.6813,151.104,0
-33.69405,151.03494,1
-34.130381,150.367083,0
-34.150872,150.816331,0
-33.789751,151.131347,1
-33.373479,150.187332,0
-33.6579,151.037,0
-33.824035,151.04623,0
-33.756256,150.623334,0
-33.835706,151.062241,0
-33.93131,150.63347,0
-34.074771,151.043475,0
-33.9526,150.93596,0
-34.041772,150.772385,0
-33.60498,150.883117,0
-33.9548,150.939,0
-33.810962,150.763783,1
-33.73909,151.011752,0
-33.60835,150.888005,0
-33.626442,150.278688,0
-33.791,151.146,0
-33.700745,150.583836,0
-34.215465,150.709565,0
-34.0753,151.055,1
-33.779938,150.956917,0
-34.069213,150.448232,0
-33.555804,150.602587,0
-33.717224,150.908445,0
-33.841179,151.073904,1
-33.83844,151.060117,1
-33.5163,150.821,0
-33.783885,151.117063,0
-33.959876,150.957164,0
-33.624861,150.910087,0
-33.70554,150.983988,0
-33.924275,150.858987,0
-33.756287,150.623236,0
-33.774497,150.640408,0
-33.978589,151.089162,1
-33.795627,151.037227,0
-33.672175,150.933762,0
-33.714487,151.083287,0
-33.72662,150.96849,0
-33.704134,151.140431,0
-33.793365,150.892528,0
-33.7182,151.094,0
-33.725861,150.329699,0
-33.7863,151.149,0
-34.1075,151.06,1
-34.058551,151.015703,0
-33.6665,150.918,0
-33.437271,150.225652,0
-33.756195,150.623198,0
-33.70622,150.698645,1
-33.72659,150.341961,0
-33.699881,151.043367,1
-33.95579,150.976815,0
-33.755278,150.623221,1
-33.755291,150.623651,1
-33.951844,150.87043,1
-33.698834,150.365609,0
-34.200613,150.705572,1
-33.76916,150.481731,0
-34.0382,150.77,0
-34.178561,150.586416,0
-33.699744,151.043382,0
-33.4741,150.173,0
-33.697029,150.557322,0
-33.669692,150.918587,0
-33.958835,150.958155,0
-33.439196,150.226698,0
-34.2263,150.951,0
-33.631424,150.96654,0
-33.805873,151.047258,0
-34.2026,150.572,0
-33.70082,150.950837,0
-33.836298,151.0737,1
-33.733568,150.65308,0
-33.577124,150.893559,0
-34.077828,151.055528,1
-33.773201,150.973266,1
-33.7091,150.909,0
-33.841543,151.072977,0
-33.82319,150.796147,0
-33.721919,150.597635,0
-33.714121,151.082753,0
-33.757069,150.623562,1
-33.842751,151.073512,0
-33.6002,150.928,0
-33.7064,150.548,0
-33.7178,150.46,0
-33.6887,150.78,0
-33.897491,150.785018,0
-34.241353,150.831671,0
-33.423204,150.187534,0
-33.756197,150.623289,0
-33.935357,150.729774,0
-33.697764,150.48451,0
-33.7582,151.11,0
-33.8092,150.655,0
-33.828837,151.064869,1
-33.95883,150.95816,0
-33.571865,150.674229,0
-33.715607,151.06547,0
-33.832463,151.068529,1
-33.826288,151.053592,1
-33.5537,150.28,0
-33.36208,150.186001,0
-34.2391,150.918,0
-33.614484,151.040337,0
-33.6879,151.092,0
-34.070955,150.766366,0
-33.789703,151.131294,1
-34.0739,151.057,1
-34.114079,151.139015,0
-33.832488,151.068531,1
-33.4675,150.185,0
-33.5174,150.875,0
-33.756166,150.623332,1
-33.756378,150.623358,0
-33.743561,150.860466,0
-33.842351,151.071565,1
-33.6744,150.969,0
-33.59447,150.25184,0
-33.4731,150.173,0
-34.137239,151.114005,0
-34.090927,150.77124,1
-33.752727,151.033234,0
-33.6338,150.291,0
-33.756287,150.623326,0
-33.6664,150.921,0
-33.591943,150.191989,0
-34.179,150.996,0
-33.717871,150.848963,0
-33.734969,150.620173,0
-34.048248,151.068863,0
-33.8226,150.655,1
-33.7245,150.917,0
-33.6677,150.254,0
-33.733732,150.481795,0
-34.226652,150.730298,0
-33.807263,151.102048,0
-33.58587,151.04381,0
-34.076173,151.040147,0
-33.770097,150.940983,0
-33.619,151.016,1
-34.072556,150.756592,1
-33.835,151.063,0
-33.749406,150.863467,0
-34.169685,150.574478,0
-33.755404,151.112049,0
-34.041,151.079,0
-34.074001,150.778152,0
-33.737,151.079,0
-34.099622,150.84935,0
-33.480304,150.817475,0
-34.1814,150.988,1
-33.557322,150.799918,1
-33.699881,151.043433,1
-33.6814,151.104,0
-33.490239,150.515521,0
-33.797389,150.248958,0
-33.717871,150.848963,1
-33.837082,151.073142,0
-34.031393,151.037264,0
-33.664,151.034,1
-33.90444,151.076559,0
-33.644319,151.135392,0
-33.743866,150.861559,0
-33.84098,151.069813,1
-33.887291,151.047838,0
-34.0643,151.026,0
-33.94882,150.937246,1
-33.839198,151.071667,1
-34.0522,150.528,1
-33.700039,150.252416,0
-34.18411,150.699672,1
-33.719571,150.567008,0
-34.1413,150.987,0
-33.501099,150.68967,0
-33.832438,151.068628,1
-33.839704,151.06781,1
-33.729022,150.961609,0
-33.76476,151.121596,0
-33.699873,150.584069,0
-33.841314,151.062349,0
-33.6196,151.141,0
-33.7787,150.861,0
-34.2372,150.918,1
-34.058839,150.91569,0
-33.931261,150.635011,0
-33.488178,150.959598,0
-33.7271,150.699,1
-33.702296,150.579168,0
-33.614479,151.040411,1
-33.71451,151.083021,0
-33.841543,151.072977,1
-33.755432,150.623279,1
-33.760224,150.64976,0
-33.840551,151.060864,1
-33.623848,151.027777,0
-33.757014,150.629647,0
-33.413068,150.206169,0
-33.905177,150.935638,0
-33.703009,150.93582,0
-33.828549,150.906387,0
-33.752001,150.952593,0
-33.981094,150.840264,0
-33.937,151.118,0
-33.6873,150.55,0
-33.828633,150.906442,0
-33.841265,151.061774,1
-34.041491,150.771791,1
-33.329174,150.168577,0
-33.9143,151.141,1
-33.699897,151.043434,1
-33.381449,150.183787,0
-33.705695,150.366365,0
-33.839792,151.071731,1
-34.036219,150.623022,1
-33.974058,150.944771,1
-33.7653,151.144,0
-33.836509,151.061885,1
-33.914619,150.982265,0
-33.931312,150.633406,0
-33.51805,150.583688,0
-34.173998,150.58225,0
-33.7043,150.988,0
-33.75647,150.623053,0
-33.70207,150.89271,0
-33.744105,150.864978,0
-33.850965,150.633023,1
-33.639221,151.045339,0
-33.5227,150.885,0
-33.931348,150.633431,0
-34.19944,150.710346,0
-33.690082,150.722926,0
-34.038593,150.676779,0
-33.495023,150.939654,0
-33.507323,150.371404,0
-34.091728,151.036152,0
-33.839085,151.060098,1
-33.93333,150.975315,0
-33.839859,151.071967,1
-33.7106,150.60227,0
-34.030109,150.809093,0
-34.197052,150.593506,0
-33.702077,150.579305,0
-33.747781,150.462915,0
-33.382779,150.230029,0
-33.7344,151.113,0
-34.174229,150.579575,0
-34.17395,150.580368,0
-33.7024,151.081,0
-33.774321,151.015178,0
-33.826043,151.063212,1
-34.0521,150.529,0
-33.700653,150.951039,0
-33.809526,150.656345,0
-34.0918,151.029,0
-34.230883,150.848429,0
-33.704796,150.314656,0
-34.173931,150.580505,0
-34.152882,150.658757,0
-33.842286,151.070853,1
-33.719,151.052,0
-33.834925,151.064341,1
-33.649452,151.106869,0
-33.2583,150.194,0
-34.075574,150.75697,0
-34.12725,150.668712,0
-33.756262,150.623227,1
-33.5918,150.249,0
-34.086498,150.99329,0
-33.838706,151.068243,1
-33.700191,150.584144,0
-34.13645,150.667028,0
-33.70958,151.027032,1
-33.832062,151.069486,0
-34.013249,150.848878,0
-33.4504,150.996,0
-34.216568,150.852188,0
-33.742672,151.108156,0
-33.805114,151.026878,0
-33.396848,150.212514,0
-34.174084,150.581146,0
-33.700175,150.58399,0
-33.645477,151.109653,0
-33.837719,151.060156,0
-33.837819,151.072489,0
-33.618847,151.082931,0
-33.756348,150.623297,0
-33.607523,150.911259,0
-34.21928,150.553328,1
-33.6191,151.015,0
-34.069556,150.771274,1
-34.162151,150.585953,0
-33.70047,150.584086,0
-33.836196,151.074686,1
-33.794598,151.034935,0
-33.717783,150.994184,0
-33.704989,150.709687,0
-33.79292,150.82198,1
-33.55579,150.602534,0
-33.610616,151.09819,0
-33.726047,150.460305,0
-34.038593,150.676779,1
-34.075782,150.710737,1
-33.832853,151.067392,1
-33.532928,150.192965,0
-33.719549,150.336572,0
-33.706331,150.909594,1
-33.712812,150.453723,0
-33.536908,150.193704,0
-34.115497,150.791761,0
-33.736784,151.021847,0
-33.893165,151.112814,1
-33.717315,151.012347,0
-33.86702,151.052967,0
-33.838404,151.059905,0
-33.496221,150.519077,0
-34.114209,150.730429,0
-33.873874,150.754633,0
-33.766595,150.743537,0
-33.5683,150.209,0
-33.6193,150.161,0
-33.9828,151.072,1
-33.708986,150.37497,0
-33.6185,151.015,0
-33.836073,151.070396,1
-33.6815,151.104,0
-33.732,150.925,0
-34.057773,151.011603,0
-33.948639,150.937339,1
-33.6665,150.92,0
-33.570793,150.908134,1
-33.695416,150.552487,0
-33.755267,150.623794,1
-34.2083,150.978,0
-34.0519,151.013,0
-34.189713,150.544296,0
-33.749421,150.863712,0
-33.756104,150.623227,0
-34.2458,150.939,0
-33.619241,150.930346,1
-33.978342,151.088133,1
-33.713542,150.604453,0
-33.72666,150.968481,0
-33.668156,150.922882,0
-33.750078,150.464382,0
-33.810947,150.763638,1
-34.239012,150.918201,0
-34.057939,150.773858,1
-33.686932,151.096953,0
-33.836484,151.074429,0
-33.684662,150.308395,0
-33.346864,150.186899,0
-33.931305,150.633486,0
-33.717385,151.012511,0
-33.254074,150.168063,0
-33.833635,151.065237,1
-33.6173,150.308,0
-34.218933,150.869377,0
-34.187667,150.811195,0
-33.664142,151.009745,1
-33.7043,151.145,0
-33.253612,150.19512,0
-33.50212,150.951279,1
-33.75621,150.623253,0
-33.718,150.427,0
-33.727146,150.956676,0
-33.7668,151.145,0
-33.72736,150.96799,0
-33.69995,151.043214,1
-33.840551,151.060864,0
-34.20899,150.700831,0
-34.182667,150.56073,0
-33.723612,150.371252,0
-33.541888,150.765209,0
-33.7229,150.476,0
-33.76503,151.031593,0
-34.023073,150.703301,0
-33.751337,151.119476,1
-34.22958,150.876067,0
-33.933573,150.634498,0
-33.713781,150.62033,0
-34.062357,150.775176,1
-33.840503,151.064129,1
-34.0669,150.77,0
-33.840287,151.069926,1
-33.535662,150.192627,0
-34.189075,150.546387,0
-33.37993,150.975979,0
-33.6594,151.094,1
-33.749419,150.863528,1
-33.3623,150.774,0
-33.825195,151.062683,1
-33.620502,151.140436,0
-33.693029,150.324305,0
-33.818289,150.854165,1
-33.712755,150.602852,0
-33.755421,150.623374,1
-33.835,151.063,1
-33.609755,150.888403,0
-34.199,150.543,1
-33.67557,151.107074,0
-34.075112,151.055812,1
-33.667887,150.876888,0
-33.618912,151.082895,0
-33.7082,150.614,0
-33.709118,150.909221,1
-33.840481,151.069682,0
-34.21228,150.905717,1
-33.50119,150.95574,0
-33.839788,151.067587,1
-33.931325,150.633153,0
-33.829917,151.07038,0
-33.691825,150.99227,0
-34.08609,151.019151,0
-33.756118,150.623231,0
-33.759162,150.755747,0
-33.755496,150.623364,1
-33.837007,151.068925,0
-33.818958,150.930488,0
-33.848374,151.068103,0
-33.257128,150.943255,1
-33.506602,150.371393,0
-33.676881,150.876033,0
-33.88407,150.613242,0
-34.193031,150.601425,0
-33.363099,150.173301,0
-33.931333,150.632966,0
-33.764648,151.121644,0
-33.842405,150.608218,0
-33.832377,151.068499,0
-33.414762,150.190182,0
-33.654542,151.069969,1
-33.639099,150.904746,0
-33.824979,151.066217,1
-34.189476,150.545074,0
-33.831426,151.069794,0
-33.754933,150.632084,0
-33.7575,151.145,0
-33.291418,150.973425,1
-33.6465,150.289,0
-33.827843,151.06127,1
-33.640879,151.044384,1
-33.7042,151.145,0
-33.5619,150.82,0
-33.61,150.808,1
-33.695006,151.037972,0
-33.376202,150.185385,0
-33.63114,150.966452,0
-33.9527,150.963,1
-33.74753,150.624484,0
-33.980141,151.079193,0
-33.841424,151.062476,0
-34.2319,150.586,0
-33.631164,150.966495,0
-33.6756,150.547,0
-33.775654,150.866907,0
-33.911194,151.141521,0
-34.0813,151.126,1
-33.699744,151.043382,1
-34.2391,150.919,0
-34.160081,150.5013,0
-33.619443,150.930293,1
-33.839198,151.071667,0
-34.03208,150.86215,0
-33.378932,150.198052,0
-33.82151,150.929831,0
-33.897503,150.785105,1
-33.817639,150.930932,1
-34.118233,150.574227,1
-33.79277,151.110704,0
-34.1477,150.827,0
-33.756192,150.623249,0
-33.5612,150.919,1
-33.347748,150.186517,0
-33.837276,151.072416,0
-33.34488,150.192055,0
-33.70404,150.301644,0
-33.397766,150.226522,0
-34.198689,150.882278,0
-33.5852,150.258,0
-33.5625,150.82,0
-33.5947,150.26,0
-33.7111,151.143,0
-33.82599,151.063268,1
-33.7495,151.081,1
-34.0545,150.689,0
-33.976959,151.066447,1
-34.2233,150.892549,0
-33.833037,151.068714,1
-33.508623,150.375059,0
-33.756181,150.623271,1
-33.840943,151.063074,0
-33.949982,150.936951,0
-33.782837,151.017019,0
-33.712611,150.454034,0
-34.159908,150.59984,1
-33.756421,150.623394,0
-33.842079,151.073786,1
-33.838663,151.068147,1
-34.1394,150.994,0
-33.621495,150.278631,0
-33.780039,150.722278,0
-33.888172,150.859536,0
-33.68271,150.30367,0
-33.755414,150.623276,1
-33.727963,151.102566,0
-34.028142,150.696734,0
-33.537474,150.904384,0
-33.755341,150.62332,1
-33.707079,151.141519,0
-34.0398,151.073,0
-34.087,150.993,0
-33.5029,150.824,0
-34.0669,150.769,1
-33.7714,151.116,1
-33.4551,150.994,1
-33.759827,151.113158,0
-33.757261,151.105238,0
-34.0841,151.143,1
-33.839522,150.759291,1
-33.833068,151.068424,0
-33.715309,150.990728,0
-33.691191,150.932817,0
-33.778,150.861,1
-33.714458,151.082952,0
-33.4223,150.201766,0
-34.043536,151.038588,0
-33.838553,151.068634,1
-33.839775,151.064739,1
-33.98855,150.755138,0
-33.654269,151.069994,0
-33.692963,150.324431,0
-33.506853,150.371285,0
-34.06395,150.808671,0
-33.618805,151.083017,0
-33.7602,151.106,0
-34.183239,150.560394,0
-34.030153,150.677163,1
-33.7685,151.124,0
-33.715654,150.909468,1
-33.600189,150.894099,0
-33.390723,150.204369,0
-33.500885,150.689557,1
-34.2499,150.938,0
-33.388013,150.265984,0
-33.540494,150.999989,1
-33.704795,150.31465,0
-33.4726,150.171,0
-33.700171,150.484565,0
-33.833658,151.065245,1
-33.761914,151.065105,0
-33.837962,151.073069,0
-34.1524,151.029,0
-34.0795,150.998,0
-33.671225,150.957821,0
-34.168502,150.590349,0
-34.041215,150.844838,0
-34.04837,151.040751,0
-34.055871,151.007584,0
-33.705614,151.148449,1
-34.11018,150.83655,0
-33.700364,150.98068,0
-33.714468,151.082855,0
-33.669402,150.918557,0
-33.918549,150.943637,0
-33.532257,150.191206,0
-33.75547,150.623314,1
-33.832951,151.066628,1
-33.7564,150.623304,0
-33.700364,150.584106,0
-33.779213,150.97042,1
-33.7258,150.3,0
-33.47343,150.236256,0
-33.756179,150.623277,1
-33.952197,151.13688,0
-34.195225,150.700478,0
-33.251254,150.195087,0
-33.4811,150.549,0
-34.167654,150.679359,0
-33.476891,151.149147,0
-33.747253,150.86225,1
-33.764203,151.110922,0
-34.162856,150.826956,0
-33.251288,150.194961,0
-34.008691,150.794872,0
-33.5833,150.214,0
-33.370868,150.226732,0
-33.756204,150.623291,0
-33.421621,150.202035,0
-33.361019,150.178998,0
-33.6355,150.811,0
-33.569597,150.656124,0
-33.7712,151.013,0
-33.759817,151.113229,0
-33.842084,151.072371,1
-33.368218,150.186749,0
-33.756262,150.623306,0
-33.941234,151.092468,0
-33.779938,150.956917,1
-33.83526,151.063318,1
-33.75635,150.62335,0
-33.680805,150.882667,1
-33.550787,150.931667,0
-33.480835,150.699998,0
-33.384923,150.241748,0
-33.770742,151.115372,1
-33.633318,150.313061,0
-33.760163,150.826482,1
-33.770645,151.115403,1
-33.605936,151.142989,0
-33.63434,150.312413,0
-34.074806,151.05578,1
-33.701413,150.586554,0
-33.480712,150.699979,0
-33.845987,151.052817,1
-33.706873,150.378781,0
-33.808821,150.638117,0
-33.756073,150.623343,0
-33.7052,150.562,0
-33.841314,151.062349,1
-33.839933,151.069908,1
-34.066455,150.78719,0
-33.6645,150.283,0
-33.557827,150.660452,1
-33.832717,151.06883,1
-33.361599,150.185469,0
-33.836577,151.061878,0
-33.614437,151.039661,0
-33.7389,150.469,0
-34.167954,150.954075,0
-33.838048,151.075361,1
-33.78013,151.117355,0
-34.052,151.013,0
-33.844009,151.073001,0
-33.850965,150.633023,0
-33.506808,150.371489,0
-34.066986,150.769468,0
-34.0524,150.528,0
-33.84164,151.062359,1
-33.662231,151.149944,0
-33.913445,151.142151,0
-33.4768,150.166,0
-33.7269,151.103,0
-33.69871,150.365441,0
-34.000079,150.823642,0
-33.461938,150.22649,0
-33.998958,150.91458,0
-33.328054,150.192316,0
-34.178899,150.560092,0
-33.699738,151.043349,0
-33.6607,151.132,0
-34.168533,150.590454,0
-33.6186,151.015,1
-33.6182,151.015,0
-33.9425,150.843,0
-33.706532,151.148213,0
-34.0765,150.725,0
-33.635176,150.304041,0
-33.945221,150.933307,0
-33.981265,151.079221,0
-33.779636,150.722237,0
-33.83588,151.061467,1
-33.750011,151.149536,1
-33.524308,150.623755,0
-33.756179,150.623277,0
-33.83414,151.06491,1
-33.94105,150.964102,0
-33.480633,150.699869,0
-34.094795,150.734305,1
-33.4733,150.173,0
-33.835906,151.076367,1
-34.011702,150.69534,0
-33.817757,150.930846,1
-34.0812,150.524,1
-34.091728,151.036152,1
-34.0861,151.144,0
-33.533479,150.660181,0
-33.69836,150.365578,0
-33.756195,150.623178,0
-33.6687,150.919,0
-33.887232,150.83435,0
-33.756348,150.623661,0
-33.425753,150.789332,1
-33.833434,151.067789,0
-33.69865,150.365558,0
-33.6693,151.113,0
-33.795989,151.10767,0
-34.0871,150.993,0
-33.682757,150.558255,0
-33.736725,151.016674,0
-33.92044,150.62224,0
-33.6879,151.092,1
-33.593189,150.918943,1
-33.83588,151.061467,0
-33.724592,150.433441,0
-33.6246,151.024,0
-33.617198,150.928988,0
-33.59503,150.195541,0
-33.773727,151.093515,0
-33.779633,151.022882,0
-33.750529,151.106957,0
-34.159193,151.073826,0
-33.4671,150.185,0
-33.700837,150.251546,0
-33.5158,150.872,0
-33.75529,150.623698,1
-33.832877,151.068791,1
-34.083876,151.055939,1
-33.7396,150.447,0
-33.604369,150.883329,1
-33.977265,151.002477,0
-33.8409,151.064,1
-34.057877,150.802838,1
-33.841786,151.072356,0
-33.7042,150.988,1
-33.754135,150.861878,1
-33.836684,151.061432,1
-34.094727,151.033106,0
-34.172737,150.586456,0
-33.707046,150.37871,0
-33.730251,150.459241,0
-33.6178,150.894,0
-33.84227,151.07161,1
-33.678621,151.031014,1
-33.84164,151.062359,0
-33.723441,150.960352,0
-34.137146,151.113904,0
-33.755364,150.631853,0
-33.837319,151.072985,0
-33.6872,150.55,0
-33.78385,150.878885,0
-33.767872,150.730873,0
-33.5164,150.873,0
-33.756195,150.62328,0
-33.706428,151.148149,0
-33.7343,151.112,0
-34.048401,151.040841,0
-33.715048,150.909524,1
-33.727431,150.298227,0
-34.239004,150.918231,0
-33.680167,150.23377,0
-33.9602,150.957,1
-33.342,150.193082,0
-33.918528,150.943109,0
-34.056794,150.678841,0
-33.8321,150.895,0
-33.7712,150.64,0
-33.413437,150.227421,0
-33.710784,150.623463,0
-33.63123,150.966288,0
-33.412296,150.214321,0
-33.362015,150.185928,0
-33.80954,150.873149,0
-34.06472,150.723236,0
-33.501466,150.689505,1
-33.422282,150.201799,0
-33.756188,150.623266,0
-34.196983,150.594284,0
-34.048623,151.040732,0
-33.654309,151.070219,0
-33.925143,150.703124,1
-33.633755,150.292071,0
-33.840416,151.07044,0
-34.014179,151.054288,0
-33.832488,151.068531,0
-33.575278,150.688056,0
-33.749473,150.863386,0
-33.675417,151.107411,1
-34.1503,150.823,1
-33.924979,150.697149,0
-33.832851,151.068894,0
-33.361247,150.178282,0
-33.7407,150.949,1
-34.0527,150.806,0
-33.837219,151.06352,0
-33.833748,151.066884,0
-33.719525,150.566994,0
-33.756192,150.623249,1
-34.091151,151.074207,0
-33.840434,151.064346,1
-33.756181,150.623271,0
-33.8201,150.654,0
-33.800935,150.617187,1
-33.835906,151.076367,0
-34.0901,150.989,0
-34.236929,150.419974,0
-34.148,150.827,0
-34.170109,150.573975,1
-33.673326,150.920987,0
-33.376283,150.185372,0
-34.011473,150.718862,0
-33.931214,150.633147,0
-33.875457,150.812759,0
-34.084794,151.055871,0
-33.70148,150.935354,0
-33.517483,150.852033,0
-34.239,150.918,0
-33.719524,150.300838,1
-34.096352,150.766083,0
-33.701432,150.935287,0
-33.532959,150.192718,0
-33.689351,150.889855,1
-33.4668,150.185,0
-33.841215,151.073881,1
-33.759125,150.755851,0
-33.364404,150.182735,0
-33.614522,151.039362,0
-33.5828,150.216,0
-33.796424,150.819161,0
-33.6743,150.969,0
-33.7551,150.724,0
-33.52353,150.63396,0
-33.5478,150.259,0
-33.752855,151.090736,0
-33.756274,150.623464,0
-33.747253,150.86225,0
-33.756256,150.623104,0
-33.698781,150.365318,0
-33.726037,150.697254,1
-33.5155,150.871,0
-34.170101,150.574028,0
-33.608806,150.884049,0
-34.22545,150.53637,1
-33.836577,151.061878,1
-33.756484,150.623102,1
-33.836761,150.64647,1
-33.496463,150.519241,0
-33.8419,151.061,0
-34.052586,150.567012,0
-34.134773,150.994332,0
-33.712336,151.082373,0
-34.1357,150.988,1
-33.688691,150.989406,0
-34.0411,151.079,0
-34.051133,150.775132,0
-33.722898,151.009948,0
-34.162266,150.586182,0
-33.614603,151.040541,0
-34.1992,150.871,0
-33.7018,150.565,0
-33.706273,150.909303,0
-33.719241,150.908572,0
-33.745861,150.69526,0
-33.706861,150.378768,0
-33.376204,150.185439,0
-34.0812,150.524,0
-33.7075,150.985,0
-33.84133,151.062345,0
-33.654385,151.069933,1
-33.841428,151.069915,0
-33.835202,151.063081,1
-34.0711,150.766,0
-33.717718,150.42617,0
-33.769087,150.481652,0
-33.756226,150.623317,0
-33.7659,151.124,0
-34.192192,150.602066,0
-33.411436,150.206146,0
-34.140756,150.816234,0
-33.833076,151.068954,1
-33.755341,150.623228,1
-33.842118,151.073205,1
-34.073515,150.735259,0
-33.584235,150.912327,0
-33.617786,150.91293,0
-33.836196,151.074686,0
-33.9547,150.939,0
-33.7907,150.662,0
-33.756594,150.629932,0
-34.21214,150.823499,0
-33.841592,151.072641,1
-34.23103,150.743315,0
-33.4252,150.887119,1
-33.841349,151.062294,1
-33.787471,151.007329,1
-33.837428,151.076152,1
-33.764771,151.121578,0
-33.842166,151.071277,1
-33.698326,150.365513,0
-33.716263,150.907388,1
-33.98855,150.755138,1
-33.716271,150.991883,0
-33.5293,150.761,1
-33.699614,150.384699,0
-34.23897,150.922725,0
-33.526273,150.705073,0
-33.621246,151.144398,0
-33.715365,150.909202,1
-33.726617,150.968495,0
-33.840393,151.060362,1
-33.931345,150.633521,0
-33.702105,150.935414,0
-34.033982,151.045984,0
-33.86771,150.68807,1
-34.096044,150.976241,0
-33.7684,151.124,0
-33.840348,151.069784,1
-34.2254,150.596,0
-33.8765,151.085,1
-33.756134,150.623058,0
-34.083876,151.055939,0
-33.698746,150.36544,0
-33.421969,150.201884,0
-33.706642,150.909796,0
-33.782807,151.088038,0
-33.958588,150.964538,0
-33.691047,150.667468,0
-33.726573,150.870901,1
-33.388032,150.266037,0
-33.526225,150.704848,1
-34.095501,150.979344,0
-34.0744,150.804,0
-33.827628,151.061383,1
-33.932666,150.641492,0
-33.712652,150.608075,0
-33.84245,151.071574,1
-33.698702,150.365337,0
-33.838371,151.059887,1
-34.084808,150.997769,0
-33.760071,151.11311,0
-34.0523,151.013,0
-33.747314,150.862256,0
-33.726079,150.698653,1
-33.625983,150.648374,0
-34.000079,150.823642,1
-33.7176,150.348,0
-33.463474,150.195011,0
-33.756283,150.623333,0
-33.755424,150.623321,1
-33.893616,151.072325,0
-34.23879,150.92218,0
-33.8079,150.66,0
-33.7084,150.985,0
-34.162186,150.586151,1
-33.425692,150.789361,1
-33.756378,150.62332,0
-33.83804,151.073111,1
-33.711677,150.984839,0
-33.8371,151.068,0
-33.726119,150.460259,0
-33.524322,150.624328,0
-33.614515,151.039622,0
-33.902912,150.686983,1
-33.382346,150.229215,0
-33.626442,151.139617,0
-33.421651,150.201787,0
-34.069044,150.448181,0
-33.911189,151.141733,0
-33.839127,151.067812,1
-33.720007,150.943878,1
-34.217805,150.904386,0
-33.448433,150.299138,0
-33.614504,151.040383,1
-33.587752,150.250252,0
-33.818139,151.068119,0
-34.203008,150.765917,0
-33.729693,150.314625,0
-33.74939,150.863423,0
-33.72592,150.460271,0
-33.715335,150.909185,1
-33.731692,150.448382,0
-33.779386,150.970318,1
-33.626597,151.139668,0
-33.842119,151.070081,0
-33.931256,150.63361,0
-33.832833,151.068948,1
-33.929697,150.634336,0
-33.4745,150.172,0
-33.8408,150.759,1
-33.44966,150.99714,0
-34.103613,150.968042,0
-33.714405,151.082888,0
-33.794126,151.132577,0
-33.833778,151.066952,0
-33.608182,150.89018,0
-33.749406,150.863467,1
-33.77839,151.01739,0
-33.710726,150.910022,0
-33.7841,150.965,1
-33.7091,150.913,0
-34.137445,151.11386,0
-33.701782,151.092671,0
-33.694028,151.034862,1
-33.654513,151.069868,1
-34.009964,150.868985,0
-33.51805,150.583688,1
-33.929699,151.127859,0
-33.980813,151.079135,0
-33.771,151.114,1
-33.664019,151.063163,0
-33.833401,151.067801,1
-33.714489,151.083032,0
-34.17775,150.5867,0
-33.6342,150.291,1
-33.7767,151.15,1
-33.756134,150.623448,0
-34.178167,150.933498,0
-33.635619,150.92508,0
-33.71738,150.992743,0
-33.695343,150.552483,0
-34.087855,151.145786,0
-33.902912,150.686983,0
-33.428749,150.198333,0
-33.501251,150.689404,0
-33.7192,151.052,0
-33.7206,150.951,0
-33.806684,150.218895,0
-33.626311,150.279295,0
-33.680001,151.107978,1
-33.704632,150.480172,0
-33.740852,150.976593,0
-33.631277,150.966366,0
-33.786475,151.144407,0
-33.5061,150.89,1
-33.7341,151.112,0
-34.082161,151.1223,0
-33.253728,150.193038,0
-33.738437,150.447814,0
-33.705932,151.148717,0
-33.7601,151.109,0
-33.7553,151.127,0
-34.026786,150.696067,0
-34.1425,150.987,0
-34.2334,150.966,0
-33.558023,150.659961,1
-33.378829,150.153933,0
-33.779277,150.970339,1
-34.1428,150.986,0
-33.831818,151.071234,1
-34.212189,150.905776,1
-33.7175,150.992,0
-34.041822,150.772402,0
-34.247058,150.826954,0
-33.735,150.482,1
-34.207095,150.699287,1
-33.796561,150.736088,0
-33.69497,150.96888,0
-34.001306,150.914267,1
-33.774446,150.640454,0
-33.5412,150.229,0
-33.3843,150.221,0
-34.010323,150.788986,1
-33.840851,151.069426,0
-33.691079,150.371467,0
-33.755127,150.622943,1
-34.067342,150.771601,1
-34.213301,150.797151,0
-33.7077,150.301,0
-34.177656,150.61202,0
-33.845092,151.071698,0
-33.6337,150.292,0
-33.839328,151.062578,0
-33.840864,151.063501,1
-33.826591,151.054668,1
-33.4746,150.173,0
-33.506042,150.791932,0
-33.396113,150.193922,0
-34.210584,151.003784,1
-34.2442,150.94,0
-33.5453,150.81,1
-33.695789,150.934774,0
-33.834907,151.064363,1
-33.526203,150.704906,1
-33.699813,151.04317,0
-33.9601,150.957,1
-33.508241,150.371521,0
-33.41325,150.227513,0
-33.840546,151.069629,0
-33.838714,151.069122,0
-33.5282,150.2,0
-33.833977,151.066567,1
-33.524299,150.624275,0
-33.848158,150.632874,1
-33.789754,151.131349,1
-33.980652,151.079115,0
-33.378719,150.15383,0
-33.346397,150.176635,0
-33.477,150.173,0
-34.066879,150.769388,0
-33.253578,150.195142,0
-33.7413,150.949,0
-34.185325,150.957127,0
-33.726213,150.329771,0
-33.682853,150.903911,0
-34.090569,151.073688,0
-33.7801,151.035,0
-33.744965,151.029125,0
-34.173065,150.585724,0
-33.591174,150.257947,0
-34.003777,151.06675,0
-34.2376,150.578,0
-33.812958,151.027329,0
-33.756161,150.623234,1
-33.7682,151.124,0
-34.082904,150.76523,1
-33.835706,151.062241,1
-34.177723,150.586731,0
-34.194924,150.980082,0
-33.351114,150.176321,0
-33.572091,150.158841,0
-33.5313,150.769,1
-34.069195,150.448138,0
-34.21568,150.534267,0
-34.1299,150.986,0
-33.704706,150.966183,0
-33.679984,151.108007,1
-33.709351,150.598359,1
-33.837819,151.072489,1
-33.524246,150.624341,0
-33.7563,151.111,0
-33.639718,150.680693,1
-33.960414,150.955034,0
-33.45012,150.99739,1
-33.75539,150.623764,1
-33.709747,150.908819,0
-33.9182,150.945,0
-33.927126,151.139468,0
-33.6347,150.753,1
-33.620035,150.930192,0
-33.8355,151.062,1
-33.787471,151.007329,0
-33.918048,150.943734,0
-34.057886,150.802829,1
-33.699879,151.043393,1
-33.568153,150.205014,0
-33.759888,150.650658,0
-33.584093,150.911617,0
-34.134755,150.994386,0
-33.342231,150.192097,0
-34.084861,151.055922,0
-33.734125,150.249434,0
-33.756331,150.62335,0
-33.9801,150.839,0
-33.835996,151.061092,0
-34.0649,150.711,1
-33.6038,151.143,0
-33.932404,150.923761,1
-34.177,151.056,0
-33.72329,150.667811,0
-33.5179,150.875,0
-33.530005,150.910865,0
-34.115095,151.125968,0
-33.795627,151.037227,1
-34.162384,150.585829,0
-34.085144,150.569678,1
-33.59191,150.19201,0
-33.8246,151.142,0
-33.675672,151.10685,1
-33.71,150.302,0
-33.7285,150.301,0
-33.756226,150.623049,0
-33.681671,151.124854,0
-33.763824,151.084012,0
-33.5153,150.87,0
-33.533107,150.192955,0
-33.631285,150.966349,0
-34.079091,151.094529,0
-33.747284,150.862236,0
-33.700992,151.08081,0
-33.7675,151.117917,0
-33.908367,150.960817,1
-33.778557,151.017401,0
-33.673911,151.058603,1
-33.253463,150.195271,0
-33.779377,151.033353,0
-33.911096,151.14162,0
-33.705786,150.374202,0
-33.837195,151.071885,1
-34.084829,151.055975,0
-33.779958,150.722157,0
-33.75542,150.623513,1
-33.9373,151.119,0
-33.6236,151.02,0
-33.66416,151.009606,1
-33.6183,151.015,0
-33.749477,150.863519,0
-34.085409,150.78369,1
-33.732021,150.848814,0
-33.808095,151.046943,0
-33.702698,151.135554,0
-34.0972,150.823,0
-33.332735,150.188804,0
-33.798478,151.149355,0
-33.836933,151.075845,0
-34.158949,150.829876,1
-33.82627,150.644367,1
-33.361201,150.178283,0
-33.5179,150.874,0
-33.8356,151.061,0
-33.723085,150.751048,0
-33.4821,150.892,0
-33.756161,150.623234,0
-33.835355,151.063428,1
-33.361029,150.178786,0
-33.5953,150.206,0
-33.833068,151.068424,1
-34.129976,151.129208,0
-33.696944,150.557308,0
-33.749046,150.643178,0
-33.610995,150.69816,0
-33.932458,151.120606,0
-33.745924,150.952795,0
-33.7294,150.484,0
-34.051,151.006,0
-33.7528,151.075,0
-33.34387,150.192828,0
-33.8105,150.655,0
-33.832377,151.068499,1
-34.033052,150.906209,0
-33.835685,151.062238,1
-34.105652,151.079846,0
-33.963135,150.957314,0
-33.476939,151.149114,0
-33.7085,150.614,0
-33.727325,150.30068,0
-34.198655,150.701133,0
-33.6655,150.923,0
-33.845434,150.867343,1
-33.727,150.699,0
-33.727,150.699,1
-33.479,150.24,0
-33.858833,150.670253,1
-33.555484,150.422755,0
-33.723622,150.371312,0
-34.082161,151.1223,1
-33.778046,151.017206,0
-33.967095,150.92697,0
-33.7311,151.125,1
-33.7176,150.347,0
-34.0902,150.989,0
-33.704729,150.581415,0
-33.344369,150.191771,0
-33.779,150.618,0
-33.4493,150.635,1
-34.073119,151.004632,0
-33.558883,150.698676,0
-33.9406,150.846,0
-33.703752,150.372179,0
-33.675222,151.034208,1
-33.778408,151.017246,0
-33.6691,150.919,0
-33.771308,150.618645,0
-33.756317,150.623123,1
-33.931282,150.633767,0
-33.682759,150.676305,0
-33.726073,150.460245,0
-33.7317,150.236,0
-34.1698,150.574249,1
-33.95484,150.959209,0
-33.5816,150.229,0
-33.66126,151.13521,0
-33.74938,150.863671,0
-33.703218,150.926986,0
-33.654247,151.069896,0
-33.756394,150.623277,0
-33.416329,150.261,0
-33.7013,150.58625,0
-34.249929,150.857922,0
-33.707625,150.985242,0
-33.536795,150.193516,0
-33.5571,150.908,0
-34.088159,150.569643,0
-34.1856,150.944,0
-33.713257,150.47524,0
-33.817607,150.930826,1
-33.742453,150.48017,0
-34.0911,151.074,0
-33.876668,150.81795,0
-33.838846,151.06771,1
-33.79292,150.82198,0
-33.714438,151.083023,0
-33.747899,150.46299,0
-33.960643,150.975829,0
-33.7066,150.548,0
-33.783749,151.053821,1
-33.8388,150.9188,1
-33.901405,150.97737,1
-33.5543,150.697,0
-33.841414,151.062498,0
-34.187263,150.691754,1
-34.23824,150.91199,0
-33.791435,150.947776,0
-33.8133,151.136,0
-33.727501,150.960287,1
-33.50058,150.954526,0
-33.82515,151.066074,1
-33.4769,150.173,0
-33.715489,150.909628,1
-33.305287,150.778489,1
-33.364531,150.182753,0
-33.939938,150.716638,1
-33.63121,150.966793,0
-33.837016,150.645244,1
-33.839014,151.068416,1
-34.071124,150.766272,0
-33.714927,150.909673,1
-34.0906,151.074,0
-33.686202,150.534275,0
-33.83371,151.067098,0
-33.756348,150.623815,0
-34.1347,150.687,0
-33.682056,150.913472,0
-33.755787,150.623347,1
-33.358283,150.181955,0
-33.832951,151.066628,0
-33.6987,150.365446,0
-33.505493,150.792851,0
-33.6354,150.811,0
-34.1504,150.823,1
-33.5611,150.918,1
-33.397802,150.226531,0
-33.832605,151.06744,1
-33.708124,150.983586,0
-34.2025,150.572,0
-33.756348,150.623362,0
-33.44447,150.801203,0
-33.6338,150.292,0
-33.835141,151.063192,0
-34.069041,150.448169,0
-33.442924,150.988414,0
-33.6642,151.102,0
-33.379674,150.210172,0
-34.228629,150.881628,0
-33.736236,150.771489,0
-33.842751,151.073512,1
-33.914703,150.982822,0
-33.669343,150.304829,0
-34.056519,151.044881,0
-33.8371,151.068,1
-33.7004,150.97805,0
-34.12646,151.132666,0
-34.2366,150.58,0
-33.802711,150.685481,0
-33.630798,151.146501,0
-33.816719,150.905912,0
-33.8099,151.15,0
-33.9887,151.074,0
-33.746371,150.465159,0
-33.815142,151.145636,0
-33.932373,150.923733,1
-33.93333,150.975315,1
-34.0523,150.528,1
-33.932707,150.635573,0
-33.702316,150.579095,0
-34.183327,150.560318,1
-34.00347,151.06688,0
-33.726489,150.34086,0
-33.841422,151.062462,1
-34.0912,151.074,0
-33.780608,150.626181,0
-33.717349,151.012469,0
-33.756805,150.628148,0
-33.756271,150.623255,0
-33.706834,151.149759,0
-33.557893,150.659983,1
-34.080573,151.035787,0
-33.756378,150.623402,0
-33.368363,150.186755,0
-33.83522,151.06307,1
-33.425631,150.789333,0
-34.050507,151.003728,0
-33.718994,150.369425,0
-33.758672,151.143324,0
-33.77948,151.023278,0
-34.13126,150.79247,0
-33.762871,151.011641,0
-33.806075,151.047343,0
-33.971333,150.867992,0
-33.516,150.872,0
-33.751616,151.119753,1
-33.824931,151.069666,0
-33.931427,150.633167,0
-33.755913,150.616983,1
-33.5772,150.893,0
-33.7651,151.133,0
-33.832717,151.06883,0
-34.169964,150.573975,0
-33.9301,151.139,0
-33.699966,151.0431,0
-33.972122,150.868737,1
-33.723419,150.667827,0
-33.838766,151.070349,1
-33.7129,150.495742,0
-33.951665,150.970585,1
-33.727112,150.960121,1
-34.171272,150.573105,0
-33.842594,151.072716,0
-33.774375,150.640269,0
-33.8356,151.062,0
-33.654365,150.847164,0
-33.841424,151.062476,1
-33.7023,150.286,0
-33.52624,150.704907,0
-34.153,151.028,0
-33.707915,150.727731,0
-33.772586,151.132061,0
-33.686279,150.263662,0
-33.948425,150.974265,0
-33.755117,150.632005,0
-33.756317,150.623083,0
-33.887232,150.83435,1
-33.714511,151.082932,0
-33.772095,150.666487,0
-33.936779,150.877942,0
-33.8148,151.137,0
-33.743,150.83,0
-33.651856,150.606751,0
-34.056873,150.775821,1
-34.2178,150.995,1
-33.702635,150.95648,0
-34.0114,150.821,0
-33.7853,150.859,0
-33.893133,151.112865,1
-33.69877,150.365547,0
-34.2388,150.919,0
-33.6664,150.92,0
-33.699799,151.043205,1
-34.026848,150.705873,1
-34.239243,150.91799,0
-33.748534,150.644258,0
-33.4769,150.17,0
-33.968394,150.93393,0
-33.618159,150.928108,0
-34.2122,150.612,0
-33.703935,150.301647,0
-33.675417,151.107411,0
-33.5293,150.854,0
-33.734446,150.250022,0
-34.239243,150.915659,0
-33.840308,151.072378,1
-33.74938,150.863671,1
-33.764804,151.121537,0
-33.891781,151.03223,0
-33.547485,150.227349,0
-33.841937,151.075119,1
-33.69976,151.043301,0
-33.838043,151.072981,1
-33.835261,151.063361,1
-33.726975,150.968434,0
-33.561464,150.880455,0
-33.797197,150.686287,1
-33.738772,150.317834,0
-34.084974,151.056696,1
-33.421679,150.201829,0
-33.989,151.027,0
-33.983546,150.800533,0
-33.500458,150.955191,0
-33.707179,151.147231,0
-34.189419,150.544876,1
-33.368336,150.186745,0
-34.209285,150.700703,0
-34.0266,150.735,0
-33.808,151.134,0
-33.836239,151.074615,0
-33.421986,150.201851,0
-34.095607,150.979367,0
-34.170586,150.573669,0
-33.654385,151.069933,0
-33.7552,150.724,0
-34.081299,151.018415,1
-33.747345,150.861349,0
-33.714172,150.336786,0
-33.457794,151.146862,0
-33.930512,150.832156,0
-33.841455,151.06252,1
-33.6634,151.098,0
-34.0785,150.998,0
-33.710588,150.49337,0
-34.1453,150.828,1
-33.346486,150.176589,0
-33.7268,151.103,0
-33.631188,150.966414,0
-33.639344,151.005745,0
-33.832693,151.066969,0
-33.4734,150.173,0
-34.1766,150.84,0
-33.709317,150.598369,0
-33.948425,150.974265,1
-33.818555,150.82792,0
-34.0732,151.057,1
-34.109481,150.87498,0
-33.837952,151.072801,0
-33.481095,150.699956,1
-33.793346,151.142793,0
-33.708587,150.880602,1
-33.714409,151.082873,0
-33.840864,151.063501,0
-33.619478,150.930143,1
-33.978216,151.088118,1
-33.77909,150.970574,1
-33.720447,150.943745,0
-33.723496,150.969315,1
-33.6176,151.059,1
-34.0381,151.059,0
-33.981389,151.08,0
-34.249245,150.607086,0
-33.717336,151.012466,0
-33.382032,150.199167,0
-33.6134,151.147,0
-33.685455,151.114695,0
-33.5226,150.886,1
-33.690887,150.579719,1
-33.5253,150.666,1
-33.700592,150.583954,0
-34.226588,150.747384,0
-33.7609,151.105,0
-34.190222,150.985186,1
-33.748952,150.864222,0
-33.746321,150.465081,0
-33.826506,150.927033,1
-33.5511,150.241,0
-33.836364,151.075693,0
-33.701835,150.371219,0
-34.2468,150.94,0
-33.9805,151.08,0
-34.207095,150.699287,0
-33.931361,150.63341,0
-33.767104,150.732479,0
-33.859253,150.869937,0
-33.837196,151.072321,0
-33.740833,151.124444,0
-33.52434,150.623758,0
-34.064086,150.769302,0
-33.416263,150.226385,0
-33.7787,151.029,0
-33.716623,150.991729,0
-33.75531,150.623422,1
-33.84092,151.063114,1
-34.189228,150.546021,1
-33.530005,150.910865,1
-33.699581,150.384593,0
-33.939985,150.970441,1
-33.7501,150.956,0
-34.057939,150.773858,0
-33.725944,150.460369,0
-33.4745,150.173,0
-33.753665,150.865241,0
-33.659851,151.134481,1
-34.037848,151.026466,0
-34.0733,151.057,1
-34.224153,150.542746,1
-33.6636,150.283,0
-33.54873,150.728137,0
-33.756042,150.623401,0
-34.1368,151.114,0
-33.414771,150.190171,0
-33.709117,150.598546,0
-33.3965,150.225,0
-33.755408,150.623305,1
-33.437281,150.225716,0
-33.71759,150.375602,0
-33.70395,150.324505,0
-33.7703,151.116,0
-33.723331,150.343891,0
-33.540494,150.999989,0
-33.6378,150.803913,1
-34.111036,150.782409,0
-34.244244,150.806659,0
-34.03062,150.677062,1
-33.840871,151.06344,1
-33.7179,150.46,1
-33.685889,150.534012,0
-34.177463,150.989543,0
-33.618613,151.08269,0
-33.5466,150.224,0
-34.177273,150.612291,0
-34.1222,150.972,0
-33.5449,150.181,0
-33.86358,150.91451,0
-33.702221,150.579466,0
-33.474298,150.173039,0
-33.755402,150.623249,1
-33.517483,150.852033,1
-34.212006,150.905594,1
-33.893095,151.112821,1
-33.726079,150.698653,0
-33.5454,151.08,0
-33.75549,150.623898,1
-33.756187,150.623267,0
-33.756111,150.623374,0
-34.062357,150.775176,0
-34.094938,150.979467,0
-33.840665,151.069234,0
-33.699799,151.043205,0
-33.67574,151.107463,0
-34.067342,150.771601,0
-33.66681,151.10493,0
-34.075421,150.727125,0
-34.173698,150.586868,1
-33.83667,151.074104,1
-33.726013,150.32977,0
-33.6694,151.113,0
-33.710585,150.623602,0
-33.780149,150.97054,0
-34.2333,150.966,0
-33.9545,150.998,0
-34.067047,151.01685,1
-33.70216,150.935389,0
-34.199606,150.516919,1
-34.0742,150.805,0
-33.699913,150.584152,0
-33.781324,151.014709,0
-33.7057,150.366,0
-33.784386,151.13657,1
-33.785484,150.978769,0
-33.705719,150.366232,0
-33.5176,150.875,0
-33.826378,150.37174,0
-33.756243,150.62324,1
-33.614445,151.040367,0
-33.775689,151.095447,0
-33.7586,150.852,0
-34.170262,150.573891,0
-34.248174,150.36548,0
-34.1771,151.056,1
-33.931417,150.633215,0
-34.082205,150.768435,0
-34.238922,150.918284,0
-34.238811,150.914018,0
-33.6059,151.143,0
-34.0857,150.994,0
-34.038491,150.676645,0
-33.7912,150.875,0
-33.42564,150.789133,1
-33.712777,150.453723,0
-33.702017,150.935315,0
-34.235994,150.578245,0
-34.041066,151.006102,0
-33.915421,150.98195,0
-33.717303,150.42605,0
-34.064789,151.026732,0
-33.688577,150.91012,0
-33.770688,151.119055,0
-33.756202,150.623242,0
-33.618866,151.082931,0
-33.6853,151.092,0
-33.347587,150.186565,0
-33.69435,151.034743,1
-33.7855,150.999,0
-34.0549,150.69,0
-33.840914,151.073078,1
-33.699751,151.04333,0
-33.753159,150.952473,0
-33.7783,150.661,0
-34.125137,150.749283,0
-33.6679,150.92,0
-33.769544,150.491155,0
-33.757464,150.618228,1
-33.756376,150.623343,0
-33.759766,151.113259,0
-33.931353,150.63311,0
-33.841336,151.074924,0
-34.159908,150.59984,0
-33.988473,150.910381,0
-33.690521,150.321996,0
-33.361601,150.150402,0
-33.742667,150.479481,0
-33.827602,151.091699,0
-33.737798,150.624061,0
-33.976425,151.117738,0
-33.581938,150.709376,0
-33.716949,150.457533,0
-33.768499,151.126674,0
-33.789323,151.145436,0
-33.6152,151.021,0
-33.682935,150.676299,0
-33.536781,150.193344,0
-33.83884,151.068253,1
-33.736236,150.771489,1
-34.029946,150.725926,0
-34.0861,151.144,1
-33.36162,150.150433,0
-34.064093,150.808516,0
-33.865202,150.647653,0
-33.8048,151.134,0
-34.082904,150.76523,0
-33.7178,150.426,0
-33.83413,151.062875,0
-34.04741,150.733956,0
-33.6601,150.283,0
-34.056391,150.770544,0
-33.67489,150.94669,0
-33.836701,151.074593,1
-33.670821,150.958151,0
-34.071073,150.794784,0
-33.778712,150.711788,0
-33.5159,150.872,0
-33.65891,150.606087,0
-33.699748,151.043445,1
-33.755204,150.623701,1
-33.37647,150.185269,0
-33.9315,150.98002,0
-33.920207,150.759658,0
-33.6651,150.282,0
-33.9641,150.963,1
-33.917533,150.980007,0
-33.778884,151.01697,0
-34.02564,150.879961,0
-33.6245,150.804,1
-33.716292,150.991814,0
-33.837189,151.072386,0
-33.631176,150.966257,0
-33.841156,151.06222,0
-33.923634,150.761656,0
-33.717786,150.994031,0
-33.7356,151.085758,1
-33.7122,151.084,0
-33.682795,150.558268,0
-34.003418,151.067002,0
-34.2118,150.613,0
-33.491864,150.529472,0
-33.8385,150.792,0
-34.1766,151.056,1
-34.074812,151.043482,0
-34.0525,150.528,1
-33.506482,150.809026,1
-33.836805,150.645398,1
-33.798864,151.146683,0
-33.755378,150.623204,1
-33.524095,150.623645,0
-33.689351,150.889855,0
-33.691005,150.665155,1
-33.614603,151.039276,0
-34.137186,151.113933,0
-33.723781,150.371248,0
-33.8419,151.061,1
-33.524281,150.624329,0
-33.688926,150.320299,0
-33.945324,150.933712,0
-34.069556,150.771274,0
-33.904317,151.076564,0
-33.929785,150.634186,0
-33.71447,151.083245,0
-33.7658,151.145,0
-33.940503,150.961384,0
-33.784889,150.976833,0
-34.074803,151.043597,0
-33.841265,151.061774,0
-33.841,150.76,1
-33.561928,150.664808,1
-34.168602,150.590668,0
-33.6944,150.571,0
-33.935656,150.637411,1
-33.8374,151.059,0
-33.714429,151.082902,0
-33.7623,151.051,1
-33.8259,150.7873,1
-33.55006,150.911585,1
-33.723328,150.865101,0
-33.759857,150.650171,0
-33.50691,150.371411,0
-33.847728,150.787393,0
-33.715327,150.909298,1
-33.829827,151.072037,1
-34.238836,150.918328,0
-33.760424,151.107834,0
-33.850554,150.63137,1
-33.753337,150.862735,0
-33.5873,150.251,1
-33.609208,150.806623,1
-33.425761,150.789326,1
-34.215131,150.658012,0
-33.911232,151.141564,0
-33.980804,151.079185,0
-33.677646,150.601347,0
-33.7148,150.427,0
-33.432054,150.192184,0
-33.756262,150.623227,0
-33.5155,150.824,0
-33.841299,151.070067,0
-33.8125,150.975,0
-33.747314,150.86222,1
-33.806842,150.218964,0
-33.723371,150.667789,0
-34.111036,150.782409,1
-33.56072,150.289915,0
-33.789604,151.145569,0
-34.075114,151.055813,0
-33.614559,151.0403,0
-33.618892,151.082823,0
-33.755249,150.624076,1
-33.746325,150.465124,0
-34.209841,150.78424,0
-34.1357,150.987,0
-33.686454,150.679205,0
-33.7832,150.963,0
-33.901898,151.134818,0
-34.04047,151.02732,0
-33.842409,151.056996,1
-33.755831,150.631044,0
-33.503,150.824,0
-33.83881,150.9191,0
-33.63123,150.966238,0
-33.756244,150.623303,1
-33.9038,151.073,0
-33.5736,150.716,0
-34.1479,150.827,0
-33.756245,150.623331,0
-33.361017,150.178902,0
-33.769094,150.481629,0
-33.718018,150.994328,0
-33.756134,150.623272,0
-33.974701,151.069162,1
-34.084552,151.05618,1
-34.071694,150.794725,1
-33.691959,150.991372,0
-34.072963,150.71614,0
-33.7189,151.094,0
-33.608338,150.89028,0
-33.706376,151.14814,0
-33.714464,151.082991,0
-33.702543,150.879391,0
-33.83964,151.067747,0
-34.198126,150.582267,0
-33.6978,151.125,0
-33.530487,150.876264,0
-34.23703,150.917205,0
-33.733948,151.017591,0
-33.662537,150.878302,0
-33.760242,150.649896,0
-34.134851,150.994512,0
-33.6979,151.126,0
-33.3623,150.775,0
-33.506832,150.371414,0
-34.189134,150.546375,0
-34.186308,150.896323,0
-33.750298,150.464127,0
-33.963165,150.957774,0
-34.238974,150.918346,0
-33.719452,150.336623,0
-33.406218,150.198649,0
-33.253638,150.195252,0
-33.7137,150.895,1
-33.891,151.018,0
-33.652808,150.893777,0
-33.698773,151.043795,1
-33.7496,150.954,0
-33.7083,150.614,0
-33.504996,150.371495,0
-34.2432,150.941,0
-34.073913,150.76747,0
-33.69993,151.043803,0
-34.192831,150.601519,0
-33.8109,150.763,0
-33.842762,151.072086,1
-33.604675,151.021092,0
-33.699879,151.043393,0
-33.6599,150.919,0
-33.91115,151.141558,0
-34.086438,151.07304,0
-34.043631,151.038663,0
-34.060492,151.079595,0
-33.7503,150.955,0
-33.617528,151.129224,1
-34.173229,150.587433,0
-33.488178,150.959598,1
-33.756057,150.623453,0
-33.705891,150.967399,0
-33.698704,150.365338,0
-33.778862,151.016956,0
-33.838181,151.059848,1
-33.931033,150.905977,0
-34.1991,150.871,0
-33.351247,150.176263,0
-34.0529,150.992,0
-34.234168,150.544941,1
-33.52625,150.704972,0
-33.755609,150.631425,0
-33.4749,150.172,0
-33.6635,151.099,0
-33.715046,150.316531,0
-34.2377,150.922,0
-34.011702,150.69534,1
-33.7697,151.145,0
-33.838404,151.059905,1
-33.75067,151.07659,0
-33.262056,150.173514,0
-33.7071,150.909,0
-33.8011,150.932,0
-33.9763,151.066,1
-33.713967,150.90762,0
-33.755371,150.623334,1
-34.083036,150.762936,1
-33.75434,150.632349,0
-33.818454,151.074907,0
-33.563375,150.911246,1
-34.083418,151.056269,1
-33.667519,150.920353,0
-33.709199,150.598617,0
-33.8055,151.15,1
-34.018829,150.90917,0
-34.09613,150.976224,0
-33.496207,150.519553,0
-33.714475,151.082953,0
-34.189205,150.546204,0
-33.743195,151.123676,0
-33.61904,151.082996,0
-34.174126,150.58667,0
-34.085388,151.019472,0
-34.132625,150.815359,0
-33.859289,150.958108,0
-33.806772,150.689889,1
-33.836557,151.074325,0
-33.614546,151.039285,0
-33.602942,150.921308,0
-33.755454,150.623329,1
-34.060445,151.079497,0
-33.467,150.185,0
-33.756165,150.623295,0
-33.728581,150.985165,0
-33.732203,150.235039,0
-33.664529,151.114697,0
-33.833024,151.066739,1
-33.831818,151.071234,0
-33.746759,150.861784,0
-33.714598,151.08302,0
-33.608138,150.890126,0
-33.911093,151.141637,0
-34.241989,150.937997,0
-33.756195,150.623187,0
-33.725967,150.460311,0
-33.701936,150.935246,0
-33.631243,150.966341,0
-34.071068,150.72209,1
-33.730376,150.459178,0
-33.756202,150.623242,1
-33.71017,151.012826,0
-33.794126,151.132577,1
-33.715558,150.909621,1
-33.730226,150.298774,0
-33.756195,150.623071,0
-33.586754,150.644473,1
-33.723949,150.432937,0
-33.700975,150.483658,0
-33.707261,150.908509,0
-33.699057,150.584321,0
-33.832733,151.068962,0
-33.724665,150.434115,0
-33.835908,151.06147,0
-33.840873,151.069553,0
-33.730626,150.459175,0
-33.607039,150.928044,1
-33.631284,150.96632,0
-33.775784,150.86715,0
-33.838921,151.068465,1
-33.5254,150.666,1
-33.96529,150.96857,0
-33.856241,150.633137,0
-33.751158,151.119725,0
-33.6666,150.918,0
-33.841871,151.073759,1
-33.7174,150.993,0
-33.7659,151.145,0
-33.7574,151.125,1
-33.631198,150.966408,0
-33.758019,150.626842,0
-34.010281,150.788925,0
-34.243981,150.766148,0
-33.715492,151.141935,0
-33.6933,150.692,0
-33.691138,150.371528,0
-33.6378,150.803913,0
-33.705203,150.572347,1
-33.832503,151.068868,0
-33.759827,151.113355,0
-33.8107,150.658785,0
-33.837428,151.076152,0
-33.756165,150.623297,0
-34.182384,150.561295,1
-33.637206,150.309713,0
-34.060333,151.079352,0
-33.683016,150.676375,0
-34.235698,150.94296,0
-33.7231,150.476,0
-33.688577,150.91012,1
-33.832877,151.068791,0
-33.83892,150.9185,1
-33.631196,150.966284,0
-33.842341,151.071522,0
-34.081463,151.01787,1
-33.251283,150.194996,0
-33.840953,151.073068,1
-33.7028,150.286,0
-33.759172,150.755636,0
-33.75695,150.629509,0
-33.756262,150.623306,1
-33.813036,150.932441,1
-33.700901,150.483451,0
-33.700378,150.484243,0
-33.635287,150.312278,0
-33.768402,150.631837,0
-33.756195,150.623277,0
-33.838553,151.068634,0
-33.719162,150.369681,0
-33.833683,151.067407,0
-33.754135,150.861878,0
-33.7832,150.963,1
-33.714386,151.082937,0
-33.726577,150.968466,0
-33.5201,150.858,0
-34.180805,150.935386,0
-33.778171,151.018742,0
-34.059471,150.757445,0
-33.935656,150.637411,0
-34.054443,151.009562,0
-34.2371,150.917,1
-33.724627,150.433406,0
-33.7343,150.634,0
-33.833893,151.06694,0
-33.705569,151.126648,0
-33.911034,151.141655,0
-33.770046,151.007219,0
-34.1996,150.547,0
-33.649821,150.806102,0
-34.0821,151.145,0
-33.712856,150.908367,0
-33.75647,150.623255,0
-33.699278,150.973083,0
-33.68475,150.907422,1
-33.836242,150.638081,1
-33.776498,151.093718,0
-33.835926,151.061031,0
-33.781364,150.626561,0
-33.654542,151.069969,0
-34.1036,150.555,0
-34.033722,150.73938,1
-33.69304,150.324432,0
-33.6341,150.292,0
-33.357613,150.163638,0
-33.59993,150.893808,0
-33.757478,150.627323,0
-34.153,151.028,1
-33.70936,150.598466,0
-33.75625,150.623445,0
-33.4742,150.173,0
-33.67636,150.7901,0
-33.668,150.919,0
-33.614534,151.040387,0
-33.814968,151.148855,0
-33.71746,151.011638,0
-33.835975,151.061183,1
-33.756317,150.623256,0
-33.9372,151.118,0
-33.355151,150.181798,0
-33.712232,151.137535,0
-33.718,151.094,0
-33.69984,151.043186,0
-33.5805,150.891,0
-33.75621,150.623253,1
-33.701874,151.092641,0
-33.897503,150.785105,0
-33.7392,150.459,1
-33.7131,150.896,1
-34.081484,151.017861,1
-33.877,150.834,0
-33.755383,150.623319,1
-33.773808,150.639935,0
-33.6919,150.691,0
-33.493,150.735,0
-33.807747,151.144844,0
-33.8363,151.062,0
-34.075553,150.757157,0
-34.049197,151.075885,0
-33.755407,150.623266,1
-33.759226,150.755661,0
-33.835258,151.062817,1
-33.836034,151.070658,1
-33.69707,151.11739,0
-33.737789,150.624306,0
-33.7108,150.91,0
-33.756148,150.623573,0
-33.852,151.101,1
-33.70411,151.148431,0
-34.2387,150.918,0
-34.238926,150.918272,0
-33.691174,150.371449,0
-33.720519,150.94387,1
-34.189106,150.546417,0
-33.719299,150.908442,0
-33.631348,150.966525,0
-34.189337,150.54509,0
-33.422121,150.201815,0
-34.0811,150.524,1
-33.755432,150.623371,1
-34.0733,150.804,0
-34.080645,151.036067,0
-33.714432,151.082823,0
-33.7053,151.081,0
-33.683901,150.676008,0
-33.5675,150.207,0
-34.038599,150.676892,1
-33.931389,150.969704,0
-34.165447,150.595642,0
-33.94882,150.937246,0
-33.911284,151.144509,0
-33.756256,150.623282,0
-34.2391,150.915,0
-33.842278,150.607832,0
-33.7,151.1,0
-33.7,150.9,1
-34.1,151.1,0
-33.5,150.7,0
-33.8,151.1,1
-33.8,150.7,1
-34.1,150.6,1
-33.6,151.1,0
-34.2,150.7,1
-34.067827,150.772283,1
-33.7181,150.427,0
-34.226174,150.786015,0
-33.756244,150.623303,0
-33.7357,150.813,1
-33.756195,150.623256,0
-33.756317,150.623222,0
-33.756317,150.62334,0
-33.6181,151.015,0
-33.667,150.919,0
-34.074754,151.043482,0
-33.974656,150.945,0
-33.655482,150.871097,1
-33.811394,150.932372,1
-33.686812,150.886479,0
-34.0511,151.006,0
-33.699899,151.043206,0
-33.7041,150.988,1
-33.904436,150.603652,0
-33.8353,151.062,1
-33.7041,150.989,0
-33.81067,150.654871,0
-33.699398,150.384668,0
-33.69941,150.384501,0
-33.490306,150.515468,0
-33.715003,151.082738,0
-33.732186,150.235334,0
-33.6347,150.292,0
-33.572845,150.921624,1
-33.815268,150.251236,0
-33.5655,150.845,0
-34.085379,150.993648,0
-34.0812,151.145,0
-33.501325,150.689474,0
-33.756205,150.623298,0
-33.702635,150.95648,1
-33.536848,150.193439,0
-33.406235,150.212203,0
-33.732325,150.725878,0
-33.755289,150.623442,1
-33.836719,151.053018,0
-33.88407,150.613242,1
-33.525869,150.704354,0
-33.359653,150.157061,0
-33.706121,151.148872,0
-34.069232,150.448137,0
-33.748142,151.144024,0
-33.834023,151.064792,0
-33.699141,151.043924,1
-33.706755,150.37878,0
-33.506919,150.371381,0
-33.832503,151.068868,1
-33.425664,150.789112,1
-33.416198,150.26037,0
-34.161947,150.586595,1
-34.04834,151.04083,0
-33.796366,150.684218,1
-33.579689,150.702156,0
-33.6171,151.143,0
-34.052,150.529,0
-33.708924,151.027988,1
-33.682777,150.558321,0
-34.2386,150.932,0
-33.717377,150.928922,0
-33.709601,151.027204,0
-34.067078,151.016893,0
-34.173454,150.587173,1
-33.25364,150.194996,0
-34.096135,150.976142,0
-33.826591,151.054668,0
-33.415544,150.21082,0
-33.914159,151.14004,1
-34.114966,151.068166,0
-33.960602,150.975622,0
-33.750242,150.464909,0
-34.0771,151.056,1
-33.838893,151.068285,1
-33.842411,151.056997,0
-33.781128,151.024262,0
-34.070155,150.760424,0
-33.756189,150.623268,0
-33.932723,150.63474,0
-33.680788,151.10899,1
-33.900417,151.129115,1
-33.673428,150.913873,1
-33.677026,150.6251,0
-33.69114,150.371159,0
-33.70037,150.584064,0
-33.708182,150.641467,0
-34.0819,151.145,0
-33.8074,150.66,0
-33.6181,151.056,1
-33.809321,150.931478,0
-33.746907,150.465151,0
-33.755371,150.623332,1
-33.801159,150.615418,0
-33.7529,151.075,0
-34.066971,150.76986,0
-34.1359,150.687,0
-33.7931,150.697,0
-33.42173,150.202085,0
-33.851801,150.633865,0
-33.833801,151.067091,0
-33.6839,150.582,0
-33.980893,151.079222,0
-33.935629,150.802849,0
-33.631114,150.966451,0
-34.128131,151.131217,0
-33.789543,151.145554,0
-34.079619,151.017442,1
-33.285991,150.788432,1
-34.075114,151.055813,1
-33.5174,150.874,0
-33.795401,150.743484,0
-33.3754,150.755,0
-34.147803,150.827061,1
-33.667729,150.920117,0
-33.8377,151.060194,1
-33.747284,150.862236,1
-33.6338,150.294,0
-33.833392,151.067812,1
-33.833006,151.066751,1
-33.784326,150.229523,0
-34.1019,150.82,1
-33.5616,150.82,0
-33.755427,150.623266,1
-33.704743,150.314721,0
-33.68009,150.233761,0
-33.425703,150.789313,1
-33.608138,150.890217,0
-33.841224,151.073892,1
-33.753265,150.629432,0
-33.7044,150.988,1
-34.249432,150.82812,0
-33.836229,151.061334,0
-33.466673,150.184205,0
-33.719299,151.007926,0
-33.841309,151.069875,0
-33.5505,150.242,0
-33.579722,150.702222,0
-34.20214,150.79519,0
-33.70525,150.966671,0
-34.194789,150.617144,1
-33.37632,150.185403,0
-33.709461,151.031204,1
-33.688769,150.320377,0
-33.708867,150.600758,0
-33.838367,151.060179,1
-33.835258,151.062817,0
-33.8354,151.062,0
-33.8226,150.655,0
-33.6948,150.547,0
-34.22545,150.53637,0
-33.5785,150.833,0
-33.841188,151.073914,1
-33.929797,150.63419,0
-33.719818,151.049726,0
-33.6851,151.092,0
-33.610425,151.098026,0
-33.966782,150.90543,0
-33.699974,151.043127,0
-33.754454,150.632319,0
-33.251284,150.194933,0
-33.692258,150.95259,0
-33.631071,150.96645,0
-33.839258,151.065133,1
-33.709257,150.598405,1
-34.111367,150.938697,0
-33.966718,150.703427,0
-33.5716,150.718,0
-33.778785,151.028664,0
-34.177,150.612302,0
-33.691111,150.901667,0
-33.759995,151.14284,0
-34.202314,150.946441,0
-34.229013,150.881867,0
-33.7861,150.999,0
-33.3659,150.182,0
-34.06329,150.808855,0
-33.783749,151.053821,0
-33.71255,150.602944,0
-34.1475,150.827,1
-33.753665,150.865241,1
-33.757019,150.628479,0
-34.089157,150.667752,1
-33.82803,151.058638,1
-33.86771,150.68807,0
-33.6967,151.149,0
-33.786955,151.143859,0
-33.699707,151.043758,0
-34.112668,151.139022,0
-34.048191,150.862517,0
-34.090927,150.77124,0
-34.074742,151.043497,0
-33.999175,150.968979,0
-34.041394,151.03636,0
-33.7498,151.07,0
-33.71775,150.84737,0
-34.087437,151.05457,0
-33.945276,150.933408,0
-33.682759,150.558262,0
-33.9803,151.138,0
-33.793578,151.038786,0
-33.699086,150.584332,0
-34.073432,150.756731,1
-34.191154,150.691062,0
-33.704172,151.029818,0
-33.5161,150.872,0
-33.50212,150.951279,0
-33.506945,150.371466,0
-33.355132,150.181767,0
-33.929792,150.634166,0
-33.5619,150.26,0
-34.168423,150.591507,0
-34.238868,150.918636,0
-33.706904,150.361672,0
-33.756197,150.623289,1
-33.710934,150.895476,1
-33.392347,150.182898,0
-33.583272,150.767999,0
-33.5875,150.251,0
-33.879317,150.71266,0
-33.948639,150.937339,0
-34.104202,150.569523,0
-34.182646,150.857683,0
-33.7042,150.989,0
-33.620575,150.160398,0
-33.931346,150.633337,0
-33.726447,150.698413,1
-34.108166,151.038436,0
-33.707098,150.96611,0
-33.626434,150.288978,0
-34.186397,150.854605,0
-34.204422,150.63041,0
-33.7198,151.05,0
-33.749898,150.953516,0
-33.526117,150.908293,0
-33.616943,150.928886,0
-33.426372,150.224074,0
-33.836717,151.061372,1
-33.932571,151.094459,1
-34.13704,150.821109,1
-33.825803,151.063434,1
-33.421929,150.201735,0
-33.836684,151.061432,0
-33.5871,150.25,0
-33.83884,151.068253,0
-34.0544,150.753,0
-34.085266,151.019462,0
-33.383167,150.229619,0
-33.45044,150.99714,0
-33.839762,151.072639,1
-34.085449,151.019179,0
-33.77172,150.666668,1
-33.6506,150.817,0
-34.071026,150.720856,1
-34.050493,151.00374,0
-33.708875,150.713809,0
-34.071099,150.794729,0
-33.701846,150.935167,0
-33.631146,150.966449,0
-33.833564,151.06744,0
-33.837677,150.628409,1
-33.712151,150.307839,0
-33.723772,150.371242,0
-34.227833,150.989649,1
-33.714978,150.988426,0
-33.756247,150.623291,1
-33.781615,151.023667,0
-34.089157,150.667752,0
-33.9847,151.066,1
-33.931448,150.633056,0
-33.721075,150.564002,0
-33.975913,151.005213,1
-33.364637,150.182685,0
-33.6931,150.303511,0
-33.481379,150.698765,1
-33.888608,150.826821,0
-33.721537,150.839042,0
-33.699813,151.04317,1
-33.702915,150.617437,0
-33.614504,151.040383,0
-33.772186,150.666772,1
-33.714401,151.082901,0
-33.751939,151.105209,0
-34.246338,150.788245,0
-33.759094,150.75579,0
-33.680367,151.033336,1
-34.082323,151.055293,1
-33.412114,150.205834,0
-33.7261,150.3,0
-33.52627,150.704899,0
-33.832466,151.068874,0
-33.878681,150.928497,0
-34.040527,151.045634,0
-33.5628,150.82,0
-34.1375,150.996,0
-33.714463,151.082933,0
-33.481089,150.700013,1
-33.931424,150.633363,0
-33.714655,150.989132,0
-33.840393,151.060362,0
-34.1357,150.987,1
-34.125963,150.559934,1
-33.7601,151.106,0
-33.834023,151.064792,1
-33.251573,150.194897,0
-34.168564,150.590302,0
-33.7,151.0,1
-33.7,150.6,0
-33.4,150.7,1
-33.4,150.8,1
-34.0,151.0,0
-34.1,150.6,0
-33.6,150.9,1
-33.8,151.1,0
-33.792513,151.014798,0
-33.864833,151.037627,1
-33.6328,150.959,1
-33.8224,150.656,0
-33.756287,150.623092,0
-34.0037,150.721,1
-33.4794,150.985,0
-34.232603,150.870319,0
-33.702791,150.617512,0
-34.056304,150.770365,0
-33.4773,150.161,0
-33.619519,150.93019,1
-33.785173,150.735818,1
-33.841414,151.062498,1
-33.756185,150.623247,0
-34.071184,150.88936,1
-33.7035,151.081,0
-33.619382,150.930041,1
-33.391279,150.152047,0
-33.756185,150.623247,1
-33.7707,151.115,1
-33.752038,150.952637,0
-34.037893,151.026391,0
-33.376365,150.18538,0
-33.727317,150.968008,1
-33.9181,150.944,0
-33.6187,151.015,1
-33.768517,150.631863,0
-33.840831,151.061985,1
-33.6184,151.016,0
-33.901405,150.97737,0
-33.811019,150.658884,1
-33.7609,151.108,0
-33.691139,150.371433,0
-33.699399,150.384499,0
-33.694538,151.035908,0
-34.238695,150.734545,0
-33.755066,150.61499,0
-33.533101,150.192955,0
-33.951844,150.87043,0
-33.753662,151.102789,0
-33.836483,151.06195,0
-33.8101,150.654,0
-33.755225,150.623665,1
-33.769111,150.481688,0
-33.7055,151.081,1
-33.86254,150.75131,1
-33.700113,150.584191,0
-34.241978,150.70812,1
-34.041028,151.006122,0
-34.189453,150.54567,1
-33.7167,150.371,0
-34.05285,150.74472,1
-33.7567,150.86,0
-33.688631,150.885245,0
-34.211067,150.69142,1
-33.794,151.142,0
-34.056873,150.775821,0
-33.8181,151.149,0
-33.4614,151.088,0
-33.251281,150.194981,0
-34.189579,150.544266,0
-33.8308,150.899,0
-33.672852,150.538128,0
-34.069067,150.44823,0
-33.8519,151.1,1
-33.830038,151.071751,0
-33.669926,150.918563,0
-33.924005,150.656098,0
-33.717247,151.012295,0
-33.974656,150.944995,1
-34.060428,151.079616,0
-33.644379,150.859796,0
-33.585551,150.90836,1
-34.039071,150.676538,1
-33.7177,150.46,1
-34.22734,150.991548,1
-33.581811,150.251497,0
-34.239075,150.914505,0
-33.384353,150.220984,0
-33.715309,150.909118,1
-33.62784,151.143971,0
-33.7733,151.14,0
-34.04046,151.04573,0
-33.833316,151.065283,0
-33.840361,151.073468,1
-33.710521,150.623643,0
-33.833916,151.067072,0
-34.228344,150.588126,0
-33.586707,150.644562,1
-33.769155,150.481668,0
-33.732243,150.235961,0
-33.73624,150.76413,0
-33.952,151.136521,0
-33.505028,150.371506,0
-33.690781,151.004809,1
-33.771,151.013,0
-34.240221,150.662213,0
-33.840083,151.069955,0
-33.414753,150.190172,0
-33.843512,151.071442,0
-33.83067,151.14562,1
-33.809321,150.931478,1
-34.18235,150.56131,0
-33.756188,150.623266,1
-34.0528,150.528,1
-33.832792,151.067157,1
-33.743408,150.861061,0
-33.781755,151.013098,0
-33.583272,150.767999,1
-33.7194,151.093,0
-34.19841,150.6977,0
-33.931384,150.632751,0
-33.832463,151.068529,0
-33.481098,150.700024,1
-33.837607,151.060574,1
-34.0679,150.999,0
-33.605782,150.985141,1
-33.699974,151.043127,1
-33.702204,150.579288,0
-33.414798,150.190171,0
-34.1991,150.543,0
-33.7408,150.949,0
-33.781399,150.992694,1
-33.79008,151.112453,0
-33.766771,151.096867,0
-33.618159,150.928108,1
-33.931345,150.633443,0
-33.373648,150.187262,0
-33.255225,150.19391,0
-34.204604,150.579681,0
-33.7608,151.104,0
-33.910969,151.145119,0
-33.448587,150.299187,0
-33.711918,150.948535,0
-33.7331,150.967,1
-33.759888,150.650658,1
-33.386151,150.180422,0
-33.672148,150.923515,0
-33.688,151.092,1
-33.893117,150.61256,1
-33.715214,150.909837,1
-34.087783,151.14577,0
-33.833824,151.06688,0
-33.755404,150.623265,1
-33.6245,150.804,0
-33.553289,150.807778,0
-33.4679,150.188,0
-33.700714,150.584196,0
-33.617337,150.928655,1
-33.743317,150.706817,1
-33.421996,150.201496,0
-34.177991,150.833945,0
-33.924095,150.655974,0
-33.684915,150.892164,0
-33.60437,150.883324,0
-33.89579,150.97546,1
-33.746897,151.047883,0
-34.0865,151.073,0
-33.251235,150.195024,0
-33.61976,151.140631,0
-33.841455,151.06252,0
-33.7712,151.115,1
-33.8261,151.144,0
-33.692969,150.324206,0
-34.234882,150.802928,0
-33.614752,150.717765,0
-33.832063,151.069679,1
-33.524231,150.624044,0
-33.838893,151.068285,0
-33.703,150.909,0
-34.08017,151.018784,1
-33.75771,150.622316,0
-34.237028,150.916938,1
-33.507239,150.371471,0
-33.701407,150.58648,0
-33.70226,150.934802,0
-33.9637,150.963,1
-33.700283,150.584093,0
-34.023745,151.053413,0
-33.897614,150.784982,1
-33.727105,150.698794,0
-34.071552,151.052221,0
-33.501467,150.689442,1
-34.039007,150.676563,1
-33.756224,150.623373,0
-33.346433,150.176633,0
-33.3657,150.182,0
-33.738247,151.022439,0
-33.738237,151.115097,0
-33.755302,150.623709,1
-33.759992,150.859431,1
-33.414798,150.190181,0
-33.813552,150.932394,1
-34.0028,150.72,1
-33.771147,151.018424,0
-33.699783,151.0433,0
-33.5152,150.87,0
-33.7895,151.146,0
-34.174223,150.840626,0
-33.82803,151.058638,0
-33.74524,150.76423,0
-33.3658,150.182,0
-33.705424,150.356135,0
-33.723605,150.371297,0
-33.6979,151.125,0
-33.756165,150.623201,0
-34.173467,150.587131,1
-34.193039,150.60112,0
-33.832438,151.068628,0
-33.4667,150.185,0
-33.688896,151.003576,1
-33.9545,150.98,0
-33.631004,151.146056,0
-33.921875,150.763388,0
-33.760067,151.113195,0
-33.719247,150.908591,0
-33.659675,151.093758,1
-34.069275,151.014694,0
-34.043623,151.038552,0
-33.833564,151.06744,1
-33.7259,150.376,0
-34.227495,150.735519,0
-33.804835,150.688767,0
-33.483487,150.25059,0
-33.712246,150.351917,0
-33.755339,150.623724,1
-34.1765,150.84,0
-34.239091,150.918113,0
-33.707915,150.727731,1
-33.77446,150.640365,0
-33.61456,151.039787,0
-33.727317,150.968008,0
-33.5873,150.251,0
-33.373718,150.187163,0
-33.694764,150.699517,0
-33.77441,150.640355,0
-33.8954,151.052,0
-33.595926,150.26227,0
-33.375267,150.227924,0
-33.6266,151.032,0
-33.841937,151.075119,0
-34.083943,150.763254,1
-33.932939,150.634489,0
-33.6669,150.919,0
-33.631278,150.966615,0
-33.631339,150.966705,0
-33.7857,151.005,0
-33.65593,151.037758,0
-33.4679,150.187,0
-33.697052,150.542446,0
-33.751387,151.119483,1
-33.749671,150.465026,0
-34.1336,150.814,0
-33.837348,151.075959,0
-33.9179,150.944,0
-33.7568,151.02,0
-33.7735,151.11,0
-34.07482,151.04344,0
-33.742861,151.136531,0
-33.71398,151.08283,0
-34.0617,150.523911,0
-33.756482,150.623472,0
-34.158949,150.829876,0
-34.196861,150.594147,0
-33.804835,150.688767,1
-34.174122,150.580215,0
-33.6741,150.916,0
-33.6173,151.081,1
-33.654286,151.070139,0
-34.025152,150.865235,0
-33.785392,151.009949,0
-33.631168,150.966417,0
-33.837772,151.060498,0
-33.6695,150.919,0
-34.062239,151.02611,0
-33.951665,150.970585,0
-33.5607,150.82,0
-33.9022,150.905,0
-33.83847,151.060086,0
-33.732265,150.235976,0
-34.1503,150.823,0
-33.715975,150.991764,0
-34.040623,151.045594,0
-34.162285,150.585973,0
-33.70181,150.935194,0
-33.9647,150.963,1
-33.618864,151.082798,0
-33.669,150.919,0
-34.082205,150.768435,1
-33.5822,150.214,0
-33.780003,150.722121,0
-34.1858,150.944,0
-33.931322,150.634148,0
-33.9159,150.941,0
-33.950481,150.960393,1
-33.700433,151.085251,0
-34.003515,151.066983,0
-33.6146,151.040244,1
-33.631204,150.966692,0
-33.395636,150.193582,0
-33.62687,151.138692,0
-33.511454,150.696506,1
-33.758,151.11,0
-33.9367,151.118,0
-33.342401,150.192049,0
-33.66214,151.14992,0
-33.704729,150.581414,0
-33.386333,150.174183,0
-33.703644,150.372115,0
-33.774453,150.640358,0
-34.086475,151.07305,0
-33.608365,150.884341,0
-34.08336,150.765643,0
-33.771822,150.860045,0
-34.0991,150.813,1
-34.035384,150.880758,1
-33.786343,150.509775,0
-33.729796,150.474779,0
-34.049286,151.075762,0
-34.199292,150.549472,0
-33.705862,150.967374,0
-34.169666,150.574081,0
-33.709381,150.598391,1
-33.820181,151.057339,0
-33.506784,150.371354,0
-33.92212,150.971745,1
-34.077433,151.055665,1
-33.977153,151.00245,0
-33.977059,151.002611,0
-33.756165,150.623061,0
-33.859331,150.670375,1
-33.608139,150.890124,0
-33.756307,150.623322,0
-33.742995,151.007001,1
-33.749421,150.863712,1
-33.811659,150.658943,0
-34.227681,150.83708,0
-33.756118,150.623231,1
-33.6726,150.923,0
-33.736978,150.463439,0
-33.712214,150.328457,0
-33.8388,150.9188,0
-33.8354,151.062,1
-33.75562,150.631503,0
-33.691092,150.371416,0
-33.72668,150.968464,0
-33.253463,150.195099,0
-33.7805,151.135,1
-33.504868,150.918686,0
-33.716138,150.990369,0
-33.524261,150.624139,0
-34.0668,151.015091,0
-34.168289,150.591888,0
-33.614524,151.039549,0
-33.563521,150.664704,0
-33.386018,150.173795,0
-33.713708,151.08287,0
-33.854435,151.064997,1
-33.756195,150.623311,0
-33.841735,151.073675,1
-33.878357,150.833147,0
-33.743178,151.123734,0
-33.69875,150.365446,0
-33.7156,150.43,0
-33.720519,150.94387,0
-33.718909,150.369486,0
-33.42603,150.980833,0
-33.723496,150.969315,0
-33.376231,150.185438,0
-33.251192,150.194997,0
-33.634,150.292,0
-33.7388,150.469,0
-33.608414,150.890447,0
-33.691168,150.580716,1
-34.248227,150.568189,1
-33.361535,150.185439,0
-34.17374,150.586769,0
-33.761513,151.028878,0
-34.182293,150.561523,0
-33.939945,150.865201,0
-33.756406,150.623163,0
-34.120812,151.134994,0
-33.608976,150.887061,0
-33.918028,150.943814,0
-33.772095,150.666899,1
-33.9313,150.97997,0
-33.7386,150.715,1
-33.5528,150.281,0
-34.064086,150.769302,1
-33.7887,150.693,0
-34.211992,150.696951,0
-33.840558,151.06149,1
-33.751434,151.119949,1
-34.023794,151.053408,0
-33.523342,150.771823,0
-33.5171,150.873,0
-34.090923,150.77092,1
-33.833409,151.066815,0
-33.9049,150.927,1
-34.030225,150.677653,1
-33.4929,150.735,0
-33.8113,150.658,0
-33.631195,150.966268,0
-33.712974,150.49493,0
-33.817688,150.828323,0
-34.137119,151.11419,0
-33.9203,151.125,0
-33.756226,150.623235,0
-33.726519,150.698261,1
-33.5,150.2,0
-34.180231,150.992676,0
-33.837319,151.072985,1
-33.837371,151.07597,0
-33.755467,150.623265,1
-34.154022,150.503451,1
-33.714629,151.083123,0
-33.694028,151.034862,0
-33.659911,150.607052,0
-33.479,150.238,0
-33.4,150.2,0
-33.619345,150.930379,1
-33.627835,150.280598,0
-34.067029,150.769366,0
-33.505871,150.792216,0
-33.704068,151.14845,0
-33.865,150.813,0
-34.163954,150.826235,0
-33.769051,150.481697,0
-33.4915,150.532,0
-33.8446,150.899,0
-33.821602,150.881524,0
-34.0543,150.77,0
-33.518,150.874,1
-33.715,150.427,0
-33.723427,150.960542,0
-34.0521,150.528,0
-33.8107,150.658785,1
-33.8458,151.056,0
-33.756166,150.623332,0
-33.756243,150.62324,0
-33.631206,150.966281,0
-33.61904,151.082979,0
-33.736781,150.618435,0
-33.808136,151.135144,0
-33.7419,151.021,0
-33.716608,150.595399,0
-33.55551,150.422599,0
-33.698808,150.36546,0
-33.7234,150.343815,0
-33.750224,151.14975,1
-33.698746,150.365467,0
-33.796366,150.684218,0
-33.700523,150.584032,0
-33.745024,151.038398,1
-33.830963,151.070343,0
-34.051147,151.025699,0
-33.756287,150.623168,0
-33.806814,150.219205,0
-33.751312,151.119436,1
-33.5313,150.769,0
-33.5156,150.871,0
-33.7565,150.623186,0
-33.685693,150.535692,0
-33.710944,150.493935,0
-33.84097,151.063089,0
-33.5874,150.251,0
-33.834023,151.075147,0
-33.674,150.969,0
-33.704074,150.582218,0
-34.043578,151.038528,0
-33.743378,150.706605,1
-33.6412,150.29,0
-33.7245,151.102,0
-34.137181,151.113988,0
-33.754848,151.029492,0
-33.756295,150.623246,0
-33.955489,150.976843,0
-33.840481,151.069682,1
-34.190385,150.985047,1
-33.4819,150.891,0
-34.08551,151.019588,0
-34.026837,150.705904,1
-33.77449,150.640351,0
-33.8383,151.073,1
-33.290754,150.97349,1
-33.944601,150.648709,0
-33.780211,150.61749,0
-33.702585,151.140249,0
-33.734004,150.376148,0
-33.756187,150.623267,1
-33.877,150.834,1
-34.083751,151.140942,1
-34.064192,150.769415,0
-33.714305,150.987924,0
-33.757622,150.61824,1
-33.6355,150.753,1
-33.748985,150.64308,0
-34.085898,151.019683,0
-33.709259,150.598444,0
-33.6189,151.015,1
-33.680129,150.233743,0
-33.738222,151.08365,0
-33.716339,150.991819,0
-33.260873,150.174114,0
-33.789908,151.131394,1
-33.52614,150.704924,1
-33.506837,150.371371,0
-33.7144,151.08289,0
-33.675672,151.10685,0
-33.833824,151.06688,1
-33.70109,150.371631,0
-33.769751,150.491088,0
-33.9767,151.066,1
-33.583888,150.9124,0
-33.8168,150.661,0
-33.253498,150.195155,0
-33.756196,150.623293,1
-33.83804,151.073111,0
-33.756196,150.623293,0
-33.661001,151.067933,0
-34.217615,150.60084,0
-33.70233,150.927663,0
-33.743872,150.478048,0
-33.815107,150.251269,0
-33.68631,150.26377,0
-33.524261,150.624211,0
-34.067108,150.769515,0
-33.703935,150.301797,0
-33.627078,151.143644,0
-33.726282,150.460713,0
-33.5506,150.243,0
-33.717411,150.99349,0
-33.606437,151.061067,0
-33.425639,150.789133,1
-33.726519,150.698261,0
-33.699748,151.043445,0
-33.7099,150.995,0
-33.963345,150.957877,0
-33.914734,150.982723,0
-33.779083,151.033286,0
-33.756204,150.623291,1
-34.030781,150.677176,1
-34.1994,150.543,0
-34.239214,150.915735,0
-33.782207,151.022255,0
-33.7682,151.123,0
-34.044176,151.038331,0
-33.759796,151.113301,0
-34.085846,151.019616,0
-33.819,151.058,0
-33.7713,151.115,1
-34.039066,150.676715,1
-33.7111,150.911,0
-33.840966,151.062951,0
-33.8635,150.814,0
-33.759167,150.755785,0
-33.4679,150.185,0
-33.756409,150.623433,0
-33.778656,151.028623,0
-33.536767,150.193471,0
-33.772448,150.500071,0
-33.8405,150.9,0
-33.5786,150.893,0
-33.960022,150.968223,0
-33.950279,150.936963,0
-33.710035,151.072995,0
-34.075608,151.049298,0
-34.1306,150.988,0
-33.3987,150.229,0
-33.747321,150.862271,0
-33.675559,151.106879,1
-33.7137,150.895,0
-33.703114,150.926566,0
-33.971287,150.867653,0
-34.163148,150.820878,0
-33.7895,151.145,0
-33.930528,150.832138,0
-34.033722,150.73938,0
-33.6981,150.951,0
-34.007251,150.868568,0
-33.638062,151.046618,0
-33.756245,150.623212,0
-33.96144,150.975006,1
-33.713989,150.907502,1
-33.700813,150.58428,0
-33.701376,150.935317,0
-33.93342,150.634384,0
-33.586639,150.644441,1
-33.507283,150.371501,0
-33.8525,151.099,0
-33.838879,151.068164,0
-34.060409,151.079598,0
-33.699966,151.0431,1
-33.755527,150.623266,1
-33.256528,150.187936,0
-33.7154,150.43,0
-33.53636,150.194369,0
-33.719071,150.369536,0
-33.715459,150.909579,1
-33.706819,151.084136,0
-33.767765,150.743781,0
-34.0671,150.77,0
-34.0576,150.574,1
-33.71894,150.369489,0
-33.71443,151.082874,0
-33.756189,150.623328,1
-33.755202,150.623647,1
-34.23926,150.915261,0
-33.756189,150.623328,0
-33.631294,150.966488,0
-34.0751,150.522,0
-33.797449,150.169888,0
-34.068481,150.760602,1
-33.6679,150.254,0
-33.83618,151.074865,0
-33.630167,151.147033,0
-33.709402,150.598252,1
-33.7596,151.108,0
-33.756216,150.623266,0
-34.132512,150.600451,0
-33.384922,150.241748,0
-34.23918,150.915697,0
-33.755143,150.623395,1
-34.238995,150.918235,0
-33.773056,150.8025,0
-33.839998,151.072785,1
-33.670461,150.926696,0
-33.412797,150.212563,0
-33.461587,150.257318,0
-34.170734,150.573486,0
-33.878609,150.930084,0
-34.070155,150.760424,1
-33.825728,151.063846,1
-33.364413,150.182714,0
-33.694157,151.086504,0
-33.58272,150.80837,1
-33.84043,151.069837,1
-34.195565,150.971627,0
-33.656652,150.605415,0
-33.940962,151.122554,0
-34.022713,150.701949,0
-33.836165,150.91095,1
-34.189377,150.545883,0
-33.375703,150.186035,0
-33.674516,150.787418,0
-34.23278,150.858932,0
-33.70958,151.027032,0
-34.162609,150.585205,0
-33.858841,150.350692,0
-34.065369,150.998671,0
-33.838787,151.068199,1
-33.362299,150.177786,0
-33.549014,150.914694,1
-34.203012,150.794521,0
-33.8259,150.7873,0
-33.9074,150.83372,0
-33.939945,150.865201,1
-34.206383,150.847728,0
-34.189156,150.546402,0
-33.842411,151.071553,1
-33.708793,150.600673,0
-33.865202,150.647653,1
-33.841372,151.07069,1
-34.2278,150.757425,0
-33.774993,151.094087,0
-34.177731,150.586746,0
-33.539243,150.754522,0
-34.226789,150.58269,0
-33.429098,150.196602,0
-33.836158,151.07467,0
-33.967096,150.926975,0
-33.839782,151.064729,1
-33.70154,151.07985,0
-34.028142,150.696734,1
-33.925143,150.703124,0
-34.026632,151.015481,0
-33.448396,150.299505,0
-34.001306,150.914267,0
-33.826834,150.868018,0
-34.23165,150.677946,1
-33.842273,151.071794,1
-34.027557,150.737531,0
-34.189368,150.544709,0
-33.905898,150.835159,0
-34.182594,150.560974,0
-33.734006,151.032355,0
-33.705203,150.572347,0
-33.37362,150.187198,0
-33.906362,150.832376,0
-33.74524,150.76423,1
-34.210942,150.635632,0
-33.685102,150.928475,0
-33.939938,150.716638,0
-33.837719,151.060156,1
-33.83519,151.06344,0
-33.847066,151.037493,0
-34.214179,150.856863,0
-33.839807,151.07174,1
-33.955945,150.835391,0
-33.976316,150.910776,1
-33.595816,150.92327,0
-34.096638,150.76239,1
-33.703709,150.372122,0
-34.073913,150.76747,1
-33.840715,151.074228,0
-34.114973,151.06826,0
-33.428537,150.217737,0
-34.189137,150.545212,0
-34.118364,150.671319,0
-34.054367,151.092244,0
-34.169624,150.574204,0
-33.628445,150.296348,0
-33.461982,150.226865,0
-33.83913,151.067812,1
-33.668156,150.922882,1
-33.84615,151.083346,0
-33.377816,150.171503,0
-34.178387,150.586472,0
-34.067065,150.769643,0
-33.967096,150.926975,1
-33.652949,150.977217,0
-33.328081,150.192315,0
-33.595355,150.942235,0
-34.072516,150.7838,0
-33.711918,150.948535,1
-33.418332,150.226201,0
-34.200613,150.705572,0
-33.412331,150.205881,0
-33.73,150.955834,0
-34.095139,150.758118,1
-33.858906,150.35073,0
-33.4504,150.996,1
-33.368246,150.186748,0
-33.838032,151.072732,0
-33.850554,150.63137,0
-33.768186,150.48668,0
