decimalLongitude,decimalLatitude,species
151.10604129263913,-33.69880610412926,Crinia signifera
151.0966157989228,-33.69359964093357,Crinia signifera
151.1050538599641,-33.70347396768402,Crinia signifera
151.07354578096948,-33.7066157989228,Crinia signifera
151.1082854578097,-33.67600538599641,Crinia signifera
151.10613105924597,-33.69871633752244,Crinia signifera
151.09652603231598,-33.69359964093357,Crinia signifera
151.1095421903052,-33.72968581687612,Crinia signifera
18.4225763016158,-34.093043087971274,Crinia signifera
151.1010143626571,-33.68381508078995,Crinia signifera
151.10882405745065,-33.69745960502693,Crinia signifera
151.09903949730702,-33.7114631956912,Crinia signifera
151.08701077199282,-33.71577199281867,Crinia signifera
151.08898563734292,-33.66577199281867,Crinia signifera
18.422486535008975,-34.092953321364455,Crinia signifera
151.05361759425494,-33.65715439856373,Crinia signifera
151.10397666068224,-33.68130161579892,Crinia signifera
151.1147486535009,-33.66442549371634,Crinia signifera
151.05325852782767,-33.7106552962298,Crinia signifera
151.10397666068224,-33.68139138240574,Crinia signifera
151.1087342908438,-33.697639138240575,Crinia signifera
151.1082854578097,-33.72295332136445,Crinia signifera
151.05388689407542,-33.65715439856373,Crinia signifera
151.0969748653501,-33.691624775583485,Crinia signifera
151.1090933572711,-33.72959605026929,Crinia signifera
151.0969748653501,-33.691714542190304,Crinia signifera
151.08701077199282,-33.71568222621185,Crinia signifera
151.082881508079,-33.71451526032316,Crinia signifera
151.0280341113106,-33.69710053859964,Crinia signifera
151.09652603231598,-33.69359964093357,Crinia signifera
151.09401256732497,-33.65948833034111,Crinia signifera
151.09266606822263,-33.7017684021544,Crinia signifera
151.09266606822263,-33.7017684021544,Crinia signifera
151.09652603231598,-33.69359964093357,Crinia signifera
151.0966157989228,-33.69359964093357,Crinia signifera
151.0827917414722,-33.714425493716334,Crinia signifera
151.10999102333932,-33.67447935368043,Crinia signifera
151.082881508079,-33.713707360861754,Crinia signifera
151.0497576301616,-33.71981149012567,Crinia signifera
151.09652603231598,-33.69359964093357,Crinia signifera
151.03701077199284,-33.65787253141831,Crinia signifera
151.05999102333934,-33.729416517055654,Crinia signifera
151.09652603231598,-33.69359964093357,Crinia signifera
151.0966157989228,-33.69359964093357,Crinia signifera
151.0966157989228,-33.69386894075404,Crinia signifera
151.09643626570917,-33.69350987432675,Crinia signifera
151.0833303411131,-33.714425493716334,Crinia signifera
151.09652603231598,-33.69359964093357,Crinia signifera
151.09652603231598,-33.69359964093357,Crinia signifera
151.10298922800717,-33.72815978456014,Crinia signifera
151.082881508079,-33.714425493716334,Crinia signifera
151.09643626570917,-33.69359964093357,Crinia signifera
151.0966157989228,-33.69350987432675,Crinia signifera
151.10613105924597,-33.69880610412926,Crinia signifera
151.04320466786356,-33.69979353680431,Crinia signifera
151.06986535008977,-33.65455116696589,Crinia signifera
151.0699551166966,-33.65455116696589,Crinia signifera
151.0466157989228,-33.638034111310596,Crinia signifera
151.09643626570917,-33.69377917414722,Crinia signifera
151.09670556552962,-33.69359964093357,Crinia signifera
151.0966157989228,-33.69359964093357,Crinia signifera
151.05200179533213,-33.71918312387791,Crinia signifera
151.08099640933574,-33.710385996409336,Crinia signifera
151.04437163375226,-33.64090664272891,Crinia signifera
151.10254039497306,-33.727980251346494,Crinia signifera
151.08297127468583,-33.714425493716334,Crinia signifera
151.08297127468583,-33.714425493716334,Crinia signifera
151.10397666068224,-33.68148114901257,Crinia signifera
151.09652603231598,-33.69359964093357,Crinia signifera
151.0453590664273,-33.63920107719928,Crinia signifera
151.10819569120287,-33.675915619389585,Crinia signifera
151.04383303411132,-33.699973070017954,Crinia signifera
151.0969748653501,-33.69135547576302,Crinia signifera
151.0969748653501,-33.69153500897666,Crinia signifera
151.09643626570917,-33.6933303411131,Crinia signifera
151.09203770197487,-33.68803411131059,Crinia signifera
151.0966157989228,-33.69359964093357,Crinia signifera
151.1062208258528,-33.69880610412926,Crinia signifera
151.06412028725316,-33.71936265709156,Crinia signifera
151.0966157989228,-33.69350987432675,Crinia signifera
151.082881508079,-33.714425493716334,Crinia signifera
151.08306104129264,-33.71451526032316,Crinia signifera
151.09652603231598,-33.69350987432675,Crinia signifera
151.082881508079,-33.714425493716334,Crinia signifera
151.09634649910234,-33.69342010771993,Crinia signifera
151.08270197486536,-33.71496409335727,Crinia signifera
151.0966157989228,-33.69350987432675,Crinia signifera
151.08099640933574,-33.705269299820465,Crinia signifera
151.08099640933574,-33.70553859964093,Crinia signifera
151.0962567324955,-33.69359964093357,Crinia signifera
151.0827917414722,-33.71451526032316,Crinia signifera
151.09652603231598,-33.69350987432675,Crinia signifera
151.09643626570917,-33.69350987432675,Crinia signifera
151.0966157989228,-33.69359964093357,Crinia signifera
151.082881508079,-33.714425493716334,Crinia signifera
151.10200179533214,-33.66415619389587,Crinia signifera
151.09652603231598,-33.69350987432675,Crinia signifera
151.09652603231598,-33.69350987432675,Crinia signifera
151.0966157989228,-33.69359964093357,Crinia signifera
151.08306104129264,-33.71451526032316,Crinia signifera
151.1107091561939,-33.72600538599641,Crinia signifera
151.082881508079,-33.714425493716334,Crinia signifera
151.0966157989228,-33.69359964093357,Crinia signifera
151.1062208258528,-33.69880610412926,Crinia signifera
151.0966157989228,-33.69359964093357,Crinia signifera
151.08099640933574,-33.70805206463196,Crinia signifera
151.0966157989228,-33.69359964093357,Crinia signifera
151.0969748653501,-33.693240574506284,Crinia signifera
151.0966157989228,-33.69350987432675,Crinia signifera
151.08324057450628,-33.714425493716334,Crinia signifera
151.08503590664273,-33.696202872531416,Crinia signifera
18.414587073608615,-34.02212746858169,Crinia signifera
151.05002692998207,-33.71981149012567,Crinia signifera
151.04500000000002,-33.721157989228004,Crinia signifera
151.10613105924597,-33.69880610412926,Crinia signifera
151.0469748653501,-33.71999102333932,Crinia signifera
151.04598743267505,-33.72133752244165,Crinia signifera
151.058644524237,-33.6739407540395,Crinia signifera
151.08000897666068,-33.72052962298025,Crinia signifera
151.05325852782767,-33.7106552962298,Crinia signifera
151.08000897666068,-33.720439856373424,Crinia signifera
18.405071813285456,-34.0947486535009,Crinia signifera
18.40166068222621,-34.09160682226212,Crinia signifera
18.404892280071813,-34.08523339317774,Crinia signifera
18.417728904847397,-34.0866696588869,Crinia signifera
18.40596947935368,-34.07921903052065,Crinia signifera
18.402289048473968,-34.09205565529623,Crinia signifera
18.401570915619388,-34.08334829443447,Crinia signifera
151.07534111310594,-33.651588868940756,Crinia signifera
151.092486535009,-33.72905745062836,Crinia signifera
151.09203770197487,-33.68794434470377,Crinia signifera
151.10397666068224,-33.68166068222621,Crinia signifera
151.10801615798923,-33.67995511669659,Crinia signifera
151.10801615798923,-33.68004488330341,Crinia signifera
151.08099640933574,-33.70562836624775,Crinia signifera
151.090960502693,-33.71972172351885,Crinia signifera
151.1147486535009,-33.664515260323164,Crinia signifera
151.06097845601437,-33.64997307001796,Crinia signifera
151.0864721723519,-33.6941382405745,Crinia signifera
151.05316876122083,-33.710565529622976,Crinia signifera
151.10460502693,-33.72932675044883,Crinia signifera
151.1094524236984,-33.72968581687612,Crinia signifera
151.05316876122083,-33.7106552962298,Crinia signifera
151.1095421903052,-33.72968581687612,Crinia signifera
151.0469748653501,-33.69736983842011,Crinia signifera
151.05316876122083,-33.710565529622976,Crinia signifera
151.05325852782767,-33.7106552962298,Crinia signifera
151.0204039497307,-33.64925493716338,Crinia signifera
151.11681328545782,-33.729506283662474,Crinia signifera
151.09203770197487,-33.687764811490126,Crinia signifera
151.10298922800717,-33.72681328545781,Crinia signifera
151.05316876122083,-33.7106552962298,Crinia signifera
151.05316876122083,-33.7106552962298,Crinia signifera
151.0841382405745,-33.706795332136444,Crinia signifera
151.0969748653501,-33.68695691202873,Crinia signifera
151.07300718132856,-33.71074506283662,Crinia signifera
151.0461669658887,-33.64916517055656,Crinia signifera
151.09203770197487,-33.68812387791741,Crinia signifera
151.08431777378814,-33.70697486535009,Crinia signifera
151.04320466786356,-33.69988330341113,Crinia signifera
151.08297127468583,-33.714425493716334,Crinia signifera
151.082881508079,-33.714425493716334,Crinia signifera
151.05316876122083,-33.7106552962298,Crinia signifera
151.05316876122083,-33.710475763016156,Crinia signifera
151.08297127468583,-33.714425493716334,Crinia signifera
151.10298922800717,-33.72690305206463,Crinia signifera
151.06421005385997,-33.71945242369838,Crinia signifera
151.0827917414722,-33.71415619389587,Crinia signifera
151.082881508079,-33.71379712746858,Crinia signifera
151.0827917414722,-33.71397666068222,Crinia signifera
151.08395870736086,-33.71236086175942,Crinia signifera
151.08297127468583,-33.714425493716334,Crinia signifera
18.41279174147217,-34.089183123877916,Crinia signifera
151.10523339317774,-33.69835727109515,Crinia signifera
151.10613105924597,-33.69871633752244,Crinia signifera
151.05316876122083,-33.7106552962298,Crinia signifera
151.05325852782767,-33.710565529622976,Crinia signifera
151.07300718132856,-33.71002692998204,Crinia signifera
151.04320466786356,-33.69988330341113,Crinia signifera
151.09203770197487,-33.685071813285454,Crinia signifera
151.10604129263913,-33.69880610412926,Crinia signifera
151.09203770197487,-33.68543087971275,Crinia signifera
151.02085278276482,-33.649434470377024,Crinia signifera
151.08683123877918,-33.72968581687612,Crinia signifera
151.05316876122083,-33.7106552962298,Crinia signifera
151.09203770197487,-33.72923698384201,Crinia signifera
151.10613105924597,-33.69880610412926,Crinia signifera
151.1010143626571,-33.684174147217234,Crinia signifera
151.11061938958707,-33.72618491921005,Crinia signifera
151.08395870736086,-33.71218132854578,Crinia signifera
151.11061938958707,-33.72618491921005,Crinia signifera
151.1090933572711,-33.72959605026929,Crinia signifera
151.05307899461403,-33.710565529622976,Crinia signifera
151.0969748653501,-33.6646947935368,Crinia signifera
151.0969748653501,-33.66406642728905,Crinia signifera
151.0529892280072,-33.710565529622976,Crinia signifera
151.09203770197487,-33.68534111310593,Crinia signifera
151.0833303411131,-33.71451526032316,Crinia signifera
151.10595152603233,-33.69880610412926,Crinia signifera
151.02740574506285,-33.70805206463196,Crinia signifera
151.10595152603233,-33.69880610412926,Crinia signifera
151.04607719928188,-33.71155296229802,Crinia signifera
151.09652603231598,-33.69359964093357,Crinia signifera
151.10684919210055,-33.6755565529623,Crinia signifera
151.03728007181329,-33.65607719928187,Crinia signifera
151.04607719928188,-33.71164272890485,Crinia signifera
151.090960502693,-33.711193895870736,Crinia signifera
151.09401256732497,-33.718016157989226,Crinia signifera
151.09401256732497,-33.71819569120287,Crinia signifera
151.08997307001795,-33.711283662477555,Crinia signifera
151.0437432675045,-33.69970377019749,Crinia signifera
151.10613105924597,-33.69880610412926,Crinia signifera
151.08099640933574,-33.70239676840215,Crinia signifera
151.10720825852783,-33.6755565529623,Crinia signifera
151.10684919210055,-33.67564631956912,Crinia signifera
151.04320466786356,-33.69979353680431,Crinia signifera
151.04607719928188,-33.71155296229802,Crinia signifera
151.08997307001795,-33.71622082585278,Crinia signifera
151.10613105924597,-33.69889587073609,Crinia signifera
151.10352782764812,-33.71837522441651,Crinia signifera
151.11447935368042,-33.710385996409336,Crinia signifera
151.09921903052066,-33.72968581687612,Crinia signifera
151.107118491921,-33.6755565529623,Crinia signifera
151.0377289048474,-33.65589766606822,Crinia signifera
151.03297127468582,-33.71604129263913,Crinia signifera
151.09401256732497,-33.718913824057445,Crinia signifera
151.08997307001795,-33.722684021543984,Crinia signifera
151.0453590664273,-33.66873429084381,Crinia signifera
151.05397666068222,-33.72465888689407,Crinia signifera
151.07632854578097,-33.70553859964093,Crinia signifera
151.1050538599641,-33.69395870736086,Crinia signifera
151.05325852782767,-33.71074506283662,Crinia signifera
151.0433842010772,-33.69988330341113,Crinia signifera
151.0349461400359,-33.69404847396768,Crinia signifera
151.05316876122083,-33.7106552962298,Crinia signifera
151.11304308797128,-33.65356373429084,Crinia signifera
151.10604129263913,-33.69880610412926,Crinia signifera
151.04347396768404,-33.69970377019749,Crinia signifera
151.0348563734291,-33.69404847396768,Crinia signifera
151.1010143626571,-33.68390484739677,Crinia signifera
151.02596947935368,-33.69808797127468,Crinia signifera
151.09912926391382,-33.72968581687612,Crinia signifera
151.0357540394973,-33.6944973070018,Crinia signifera
151.03593357271097,-33.6944973070018,Crinia signifera
151.02300718132855,-33.70230700179533,Crinia signifera
151.082881508079,-33.714425493716334,Crinia signifera
151.0968850987433,-33.68659784560143,Crinia signifera
151.07489228007182,-33.71379712746858,Crinia signifera
151.05280969479355,-33.63345601436266,Crinia signifera
151.07219928186714,-33.66047576301616,Crinia signifera
151.0300089766607,-33.721157989228004,Crinia signifera
151.0433842010772,-33.69988330341113,Crinia signifera
151.02695691202874,-33.68480251346499,Crinia signifera
151.07659784560144,-33.72681328545781,Crinia signifera
151.05307899461403,-33.710565529622976,Crinia signifera
151.09796229802515,-33.71693895870736,Crinia signifera
151.08054757630163,-33.709667863554756,Crinia signifera
151.11241472172352,-33.72986535008976,Crinia signifera
151.0489497307002,-33.72079892280072,Crinia signifera
151.04347396768404,-33.69988330341113,Crinia signifera
151.04320466786356,-33.699973070017954,Crinia signifera
151.11609515260324,-33.72887791741472,Crinia signifera
151.05316876122083,-33.710565529622976,Crinia signifera
151.07354578096948,-33.706705565529624,Crinia signifera
151.05307899461403,-33.710475763016156,Crinia signifera
151.07300718132856,-33.71101436265709,Crinia signifera
151.09598743267506,-33.72501795332136,Crinia signifera
151.08297127468583,-33.714425493716334,Crinia signifera
151.09356373429085,-33.68623877917415,Crinia signifera
151.11241472172352,-33.72986535008976,Crinia signifera
151.0930251346499,-33.71666965888689,Crinia signifera
151.05316876122083,-33.710565529622976,Crinia signifera
151.04311490125673,-33.699973070017954,Crinia signifera
151.11250448833036,-33.72968581687612,Crinia signifera
151.103078994614,-33.71613105924596,Crinia signifera
151.08297127468583,-33.71164272890485,Crinia signifera
151.10298922800717,-33.72824955116696,Crinia signifera
151.1014631956912,-33.71828545780969,Crinia signifera
151.04311490125673,-33.699973070017954,Crinia signifera
151.06780071813287,-33.66406642728905,Crinia signifera
151.11403052064634,-33.67367145421903,Crinia signifera
151.08054757630163,-33.709667863554756,Crinia signifera
151.09203770197487,-33.72968581687612,Crinia signifera
151.04392280071815,-33.699165170556554,Crinia signifera
151.0712118491921,-33.72744165170556,Crinia signifera
151.10200179533214,-33.66433572710952,Crinia signifera
151.08297127468583,-33.717118491921006,Crinia signifera
151.05325852782767,-33.710565529622976,Crinia signifera
151.092486535009,-33.72914721723519,Crinia signifera
151.11241472172352,-33.72977558348294,Crinia signifera
151.0630430879713,-33.72977558348294,Crinia signifera
151.06528725314183,-33.72672351885098,Crinia signifera
151.082881508079,-33.714425493716334,Crinia signifera
151.0433842010772,-33.69988330341113,Crinia signifera
151.04347396768404,-33.69988330341113,Crinia signifera
151.0827917414722,-33.714425493716334,Crinia signifera
151.08063734290843,-33.70939856373429,Crinia signifera
151.08234290843808,-33.71236086175942,Crinia signifera
151.08395870736086,-33.717298025134646,Crinia signifera
151.06771095152604,-33.663797127468584,Crinia signifera
151.08395870736086,-33.71236086175942,Crinia signifera
151.08799820466788,-33.72995511669659,Crinia signifera
151.03422800718133,-33.67519748653501,Crinia signifera
151.0930251346499,-33.7122710951526,Crinia signifera
151.095,-33.690816876122085,Crinia signifera
151.08997307001795,-33.716579892280066,Crinia signifera
151.03395870736088,-33.66397666068222,Crinia signifera
151.08521543985637,-33.71684919210054,Crinia signifera
151.03503590664275,-33.66370736086176,Crinia signifera
151.10613105924597,-33.68372531418312,Crinia signifera
151.10684919210055,-33.649434470377024,Crinia signifera
151.07345601436268,-33.706705565529624,Crinia signifera
151.02794434470377,-33.708949730700176,Crinia signifera
151.03117594254937,-33.70948833034111,Crinia signifera
151.0841382405745,-33.71254039497307,Crinia signifera
151.03099640933573,-33.67860861759426,Crinia signifera
151.08395870736086,-33.712719928186715,Crinia signifera
151.0872800718133,-33.72169658886894,Crinia signifera
151.0731867145422,-33.70930879712747,Crinia signifera
151.04167863554758,-33.724120287253136,Crinia signifera
151.090960502693,-33.72905745062836,Crinia signifera
151.08745960502694,-33.72169658886894,Crinia signifera
151.08683123877918,-33.71738779174147,Crinia signifera
151.08503590664273,-33.71613105924596,Crinia signifera
151.07246858168762,-33.707603231597844,Crinia signifera
151.10352782764812,-33.725466786355476,Crinia signifera
151.0272262118492,-33.709578096947936,Crinia signifera
151.02731597845602,-33.70993716337522,Crinia signifera
151.074802513465,-33.706166965888684,Crinia signifera
18.453545780969478,-34.0584829443447,Limnodynastes tasmaniensis
18.40058348294434,-34.07535906642729,Limnodynastes tasmaniensis
18.403096947935367,-34.06916517055655,Limnodynastes tasmaniensis
18.47544883303411,-34.04376122082585,Limnodynastes tasmaniensis
18.454892280071814,-34.07302513464991,Limnodynastes tasmaniensis
151.09652603231598,-33.721965888689404,Limnodynastes tasmaniensis
18.427513464991023,-34.06413824057451,Limnodynastes tasmaniensis
18.40552064631957,-34.08738779174147,Limnodynastes tasmaniensis
18.499506283662477,-34.05991921005386,Limnodynastes tasmaniensis
18.452737881508078,-34.08011669658887,Limnodynastes tasmaniensis
18.43487432675045,-34.05507181328546,Limnodynastes tasmaniensis
18.417280071813284,-34.09196588868941,Limnodynastes tasmaniensis
18.404892280071813,-34.07841113105925,Limnodynastes tasmaniensis
151.1090035906643,-33.68076301615799,Limnodynastes tasmaniensis
18.454533213644524,-34.08002692998205,Limnodynastes tasmaniensis
18.45228904847397,-34.07885996409336,Limnodynastes tasmaniensis
18.452378815080788,-34.078770197486534,Limnodynastes tasmaniensis
18.449685816876123,-34.07805206463196,Limnodynastes tasmaniensis
18.45291741472172,-34.07814183123878,Limnodynastes tasmaniensis
18.484066427289047,-34.04133752244165,Limnodynastes tasmaniensis
151.07578994614005,-33.71702872531418,Limnodynastes tasmaniensis
18.474461400359065,-34.04133752244165,Limnodynastes tasmaniensis
151.10002692998205,-33.68399461400359,Limnodynastes tasmaniensis
18.48846499102334,-34.09582585278277,Limnodynastes tasmaniensis
18.452558348294435,-34.07374326750449,Limnodynastes tasmaniensis
18.493491921005386,-34.01629263913824,Limnodynastes tasmaniensis
18.47464093357271,-34.092235188509875,Limnodynastes tasmaniensis
151.10738779174147,-33.67537701974865,Limnodynastes tasmaniensis
18.456508078994613,-34.05336624775583,Litoria fallax
151.10002692998205,-33.699973070017954,Litoria fallax
18.438734290843804,-34.01826750448833,Litoria fallax
18.44124775583483,-34.050134649910234,Litoria fallax
18.44133752244165,-34.050224416517054,Litoria fallax
18.423294434470375,-34.025897666068225,Litoria fallax
18.465574506283662,-34.03891382405745,Litoria fallax
151.10801615798923,-33.70625673249551,Litoria fallax
18.453545780969478,-34.05857271095153,Litoria fallax
18.453545780969478,-34.05857271095153,Litoria fallax
18.484335727109514,-34.05139138240575,Litoria fallax
18.4536355475763,-34.08415619389587,Litoria fallax
18.467459605026928,-34.08191202872531,Litoria fallax
18.46674147217235,-34.08038599640933,Litoria fallax
18.42814183123878,-34.08083482944345,Litoria fallax
18.470511669658887,-34.08119389587074,Litoria fallax
18.427154398563733,-34.080924596050274,Litoria fallax
18.442773788150806,-34.05058348294435,Litoria fallax
18.497890484739678,-34.0600987432675,Litoria fallax
18.457046678635546,-34.08783662477558,Litoria fallax
18.444120287253142,-34.048518850987435,Litoria fallax
18.41315080789946,-34.09941651705566,Litoria fallax
18.434425493716336,-34.0439407540395,Litoria fallax
18.487118491921006,-34.04349192100538,Litoria fallax
18.422037701974865,-34.05803411131059,Litoria fallax
18.442594254937163,-34.04358168761221,Litoria fallax
18.456956912028726,-34.08810592459605,Litoria fallax
18.42356373429084,-34.02571813285458,Litoria fallax
18.426705565529623,-34.025897666068225,Litoria fallax
18.426795332136443,-34.025897666068225,Litoria fallax
18.429578096947935,-34.04277378815081,Litoria fallax
18.49842908438061,-34.0596499102334,Litoria fallax
18.424999999999997,-34.025179533213645,Litoria fallax
18.442594254937163,-34.045377019748656,Litoria fallax
18.425628366247754,-34.02544883303411,Litoria fallax
18.424999999999997,-34.025179533213645,Litoria fallax
18.444120287253142,-34.04968581687612,Litoria fallax
18.424910233393177,-34.025179533213645,Litoria fallax
18.429219030520645,-34.061355475763015,Litoria fallax
18.425718132854577,-34.03541292639138,Litoria fallax
18.42697486535009,-34.03550269299821,Litoria fallax
18.4266157989228,-34.035053859964094,Litoria fallax
18.426526032315977,-34.034964093357274,Litoria fallax
18.462971274685817,-34.08352782764812,Litoria fallax
18.423294434470375,-34.06458707360862,Litoria fallax
18.43020646319569,-34.061355475763015,Litoria fallax
18.42428186714542,-34.062971274685815,Litoria fallax
18.43029622980251,-34.061355475763015,Litoria fallax
18.475987432675044,-34.04358168761221,Litoria fallax
18.472127468581686,-34.04564631956912,Litoria fallax
18.482001795332135,-34.04367145421903,Litoria fallax
18.48263016157989,-34.04385098743268,Litoria fallax
18.423294434470375,-34.06458707360862,Litoria fallax
18.447980251346497,-34.04681328545781,Litoria fallax
18.454622980251347,-34.08038599640933,Litoria fallax
18.455071813285457,-34.081552962298026,Litoria fallax
18.4552513464991,-34.08182226211849,Litoria fallax
18.45480251346499,-34.08119389587074,Litoria fallax
18.453725314183124,-34.08101436265709,Litoria fallax
18.4544434470377,-34.08083482944345,Litoria fallax
18.454622980251347,-34.08137342908438,Litoria fallax
18.455430879712747,-34.08182226211849,Litoria fallax
18.454533213644524,-34.08101436265709,Litoria fallax
18.454622980251347,-34.08173249551167,Litoria fallax
18.454892280071814,-34.0782315978456,Litoria fallax
18.45561041292639,-34.07535906642729,Litoria fallax
18.454712746858167,-34.08191202872531,Litoria fallax
18.45291741472172,-34.07508976660682,Litoria fallax
18.454174147217234,-34.0782315978456,Litoria fallax
18.451032315978456,-34.07535906642729,Litoria fallax
18.454533213644524,-34.08110412926391,Litoria fallax
18.453456014362658,-34.082271095152606,Litoria fallax
18.452648114901255,-34.07814183123878,Litoria fallax
18.453007181328545,-34.078590664272895,Litoria fallax
18.4504039497307,-34.07517953321364,Litoria fallax
18.4504039497307,-34.07535906642729,Litoria fallax
18.45318671454219,-34.074730700179536,Litoria fallax
18.454622980251347,-34.08110412926391,Litoria fallax
18.45327648114901,-34.07517953321364,Litoria fallax
18.45327648114901,-34.07508976660682,Litoria fallax
18.453366247755834,-34.07517953321364,Litoria fallax
18.450314183123876,-34.077962298025135,Litoria fallax
18.450224416517056,-34.07526929982047,Litoria fallax
18.454622980251347,-34.081642728904846,Litoria fallax
18.454622980251347,-34.08146319569121,Litoria fallax
18.475628366247754,-34.04358168761221,Litoria fallax
18.476885098743267,-34.04376122082585,Litoria fallax
18.4766157989228,-34.0439407540395,Litoria fallax
18.453815080789944,-34.07616696588869,Litoria fallax
18.475628366247754,-34.04367145421903,Litoria fallax
18.475718132854578,-34.04358168761221,Litoria fallax
18.454622980251347,-34.08101436265709,Litoria fallax
18.426077199281867,-34.02625673249551,Litoria fallax
18.461086175942548,-34.079488330341114,Litoria fallax
18.428859964093355,-34.03702872531419,Litoria fallax
18.454533213644524,-34.080924596050274,Litoria fallax
18.426077199281867,-34.02625673249551,Litoria fallax
18.429847396768402,-34.03819569120287,Litoria fallax
18.458213644524236,-34.087118491921004,Litoria fallax
18.42894973070018,-34.037208258527826,Litoria fallax
18.429578096947935,-34.037836624775586,Litoria fallax
18.429219030520645,-34.03756732495512,Litoria fallax
18.42930879712747,-34.03756732495512,Litoria fallax
18.4544434470377,-34.080924596050274,Litoria fallax
18.429039497307002,-34.03729802513465,Litoria fallax
18.429039497307002,-34.03729802513465,Litoria fallax
18.429937163375225,-34.03828545780969,Litoria fallax
151.08306104129264,-33.71460502692998,Litoria fallax
18.428770197486536,-34.03702872531419,Litoria fallax
18.429039497307002,-34.03738779174147,Litoria fallax
18.429219030520645,-34.03738779174147,Litoria fallax
18.42859066427289,-34.03693895870736,Litoria fallax
18.491786355475764,-34.01306104129264,Litoria fallax
18.449865350089766,-34.074102333931776,Litoria fallax
18.450583482944342,-34.07320466786356,Litoria fallax
18.4258078994614,-34.02553859964093,Litoria fallax
18.450314183123876,-34.07517953321364,Litoria fallax
18.425538599640934,-34.025269299820465,Litoria fallax
18.425538599640934,-34.025269299820465,Litoria fallax
18.45192998204668,-34.07526929982047,Litoria fallax
18.425628366247754,-34.02535906642729,Litoria fallax
18.425987432675043,-34.02535906642729,Litoria fallax
18.45408438061041,-34.0741921005386,Litoria fallax
18.4544434470377,-34.077872531418315,Litoria fallax
18.455789946140037,-34.081552962298026,Litoria fallax
18.425628366247754,-34.02544883303411,Litoria fallax
18.46081687612208,-34.079488330341114,Litoria fallax
18.45210951526032,-34.07517953321364,Litoria fallax
18.453366247755834,-34.07814183123878,Litoria fallax
18.45480251346499,-34.08146319569121,Litoria fallax
18.455789946140037,-34.081552962298026,Litoria fallax
18.4552513464991,-34.07652603231598,Litoria fallax
18.4528276481149,-34.07814183123878,Litoria fallax
18.455341113105924,-34.07679533213645,Litoria fallax
18.460278276481148,-34.08720825852783,Litoria fallax
18.454622980251347,-34.08137342908438,Litoria fallax
18.482899461400358,-34.09026032315979,Litoria fallax
18.454712746858167,-34.080206463195694,Litoria fallax
18.42589766606822,-34.02571813285458,Litoria fallax
18.45480251346499,-34.08038599640933,Litoria fallax
18.425628366247754,-34.02544883303411,Litoria fallax
18.454712746858167,-34.08128366247756,Litoria fallax
18.454712746858167,-34.08146319569121,Litoria fallax
18.426526032315977,-34.026077199281865,Litoria fallax
18.42544883303411,-34.025269299820465,Litoria fallax
18.425538599640934,-34.025269299820465,Litoria fallax
18.426077199281867,-34.02625673249551,Litoria fallax
18.454982046678634,-34.08146319569121,Litoria fallax
151.04365350089768,-33.69880610412926,Litoria fallax
18.426436265709157,-34.026077199281865,Litoria fallax
151.09903949730702,-33.683456014362655,Litoria fallax
18.4544434470377,-34.08083482944345,Litoria fallax
18.4544434470377,-34.08083482944345,Litoria fallax
151.08315080789947,-33.71460502692998,Litoria fallax
18.45435368043088,-34.0782315978456,Litoria fallax
18.426077199281867,-34.02616696588869,Litoria fallax
18.454174147217234,-34.07832136445243,Litoria fallax
18.45435368043088,-34.08074506283663,Litoria fallax
18.454622980251347,-34.08119389587074,Litoria fallax
18.45480251346499,-34.081552962298026,Litoria fallax
18.454174147217234,-34.07832136445243,Litoria fallax
18.455341113105924,-34.08146319569121,Litoria fallax
18.42625673249551,-34.02625673249551,Litoria fallax
18.454174147217234,-34.07832136445243,Litoria fallax
18.45408438061041,-34.07841113105925,Litoria fallax
18.453456014362658,-34.075538599640936,Litoria fallax
18.454263913824057,-34.07778276481149,Litoria fallax
18.429129263913822,-34.03738779174147,Litoria fallax
18.428859964093355,-34.03675942549372,Litoria fallax
18.42859066427289,-34.061175942549376,Litoria fallax
18.428859964093355,-34.03702872531419,Litoria fallax
18.427603231597846,-34.03684919210054,Litoria fallax
18.4274236983842,-34.06099640933573,Litoria fallax
18.422845601436265,-34.0258078994614,Litoria fallax
18.428411131059246,-34.06099640933573,Litoria fallax
18.428770197486536,-34.061265709156196,Litoria fallax
18.428500897666066,-34.061175942549376,Litoria fallax
18.428770197486536,-34.061265709156196,Litoria fallax
18.428052064631956,-34.0609066427289,Litoria fallax
18.428052064631956,-34.0609066427289,Litoria fallax
18.428500897666066,-34.06099640933573,Litoria fallax
18.428770197486536,-34.061265709156196,Litoria fallax
18.428770197486536,-34.061265709156196,Litoria fallax
18.428500897666066,-34.06108617594255,Litoria fallax
18.427244165170556,-34.06099640933573,Litoria fallax
18.429219030520645,-34.061265709156196,Litoria fallax
18.429488330341112,-34.06108617594255,Litoria fallax
18.429937163375225,-34.06144524236984,Litoria fallax
18.427962298025133,-34.06108617594255,Litoria fallax
18.426077199281867,-34.02616696588869,Litoria fallax
18.429039497307002,-34.061175942549376,Litoria fallax
18.4282315978456,-34.06099640933573,Litoria fallax
18.428052064631956,-34.0609066427289,Litoria fallax
18.429488330341112,-34.061355475763015,Litoria fallax
18.428500897666066,-34.06099640933573,Litoria fallax
18.428411131059246,-34.06099640933573,Litoria fallax
18.427692998204666,-34.0609066427289,Litoria fallax
18.428052064631956,-34.0609066427289,Litoria fallax
151.046526032316,-33.71487432675045,Litoria fallax
18.429488330341112,-34.06099640933573,Litoria fallax
18.429129263913822,-34.06108617594255,Litoria fallax
18.425179533213644,-34.025,Litoria fallax
18.427962298025133,-34.06099640933573,Litoria fallax
18.426346499102333,-34.026077199281865,Litoria fallax
18.427962298025133,-34.06099640933573,Litoria fallax
18.42625673249551,-34.026077199281865,Litoria fallax
18.427962298025133,-34.06099640933573,Litoria fallax
18.427962298025133,-34.06099640933573,Litoria fallax
18.427962298025133,-34.06099640933573,Litoria fallax
18.427962298025133,-34.06099640933573,Litoria fallax
18.427962298025133,-34.06099640933573,Litoria fallax
18.426795332136443,-34.06252244165171,Litoria fallax
18.42894973070018,-34.06108617594255,Litoria fallax
18.428411131059246,-34.0609066427289,Litoria fallax
18.428859964093355,-34.061175942549376,Litoria fallax
18.4282315978456,-34.06099640933573,Litoria fallax
18.429488330341112,-34.061355475763015,Litoria fallax
18.428859964093355,-34.06108617594255,Litoria fallax
18.429488330341112,-34.061355475763015,Litoria fallax
18.429488330341112,-34.061355475763015,Litoria fallax
18.431193895870734,-34.06144524236984,Litoria fallax
18.429847396768402,-34.06144524236984,Litoria fallax
18.4306552962298,-34.06153500897666,Litoria fallax
18.4274236983842,-34.06099640933573,Litoria fallax
18.429488330341112,-34.061355475763015,Litoria fallax
18.4274236983842,-34.06108617594255,Litoria fallax
18.4274236983842,-34.06108617594255,Litoria fallax
18.429578096947935,-34.06108617594255,Litoria fallax
18.429578096947935,-34.06099640933573,Litoria fallax
18.428411131059246,-34.0609066427289,Litoria fallax
18.4274236983842,-34.06099640933573,Litoria fallax
18.426795332136443,-34.025897666068225,Litoria fallax
18.429578096947935,-34.061355475763015,Litoria fallax
18.4274236983842,-34.06108617594255,Litoria fallax
18.43011669658887,-34.06144524236984,Litoria fallax
18.43020646319569,-34.061175942549376,Litoria fallax
18.430026929982045,-34.061175942549376,Litoria fallax
18.4274236983842,-34.06099640933573,Litoria fallax
18.430026929982045,-34.06144524236984,Litoria fallax
18.428770197486536,-34.06099640933573,Litoria fallax
18.42859066427289,-34.06108617594255,Litoria fallax
18.4274236983842,-34.06099640933573,Litoria fallax
18.428859964093355,-34.06099640933573,Litoria fallax
18.427513464991023,-34.06099640933573,Litoria fallax
18.429667863554755,-34.06144524236984,Litoria fallax
18.428052064631956,-34.06108617594255,Litoria fallax
18.43011669658887,-34.061265709156196,Litoria fallax
18.428052064631956,-34.06108617594255,Litoria fallax
18.42814183123878,-34.06099640933573,Litoria fallax
18.428052064631956,-34.06108617594255,Litoria fallax
18.428052064631956,-34.06108617594255,Litoria fallax
18.428500897666066,-34.061175942549376,Litoria fallax
18.427692998204666,-34.0609066427289,Litoria fallax
18.429129263913822,-34.061265709156196,Litoria fallax
18.42814183123878,-34.0609066427289,Litoria fallax
18.428052064631956,-34.06108617594255,Litoria fallax
18.429129263913822,-34.06018850987433,Litoria fallax
18.43011669658887,-34.061265709156196,Litoria fallax
18.42859066427289,-34.06108617594255,Litoria fallax
18.42859066427289,-34.0609066427289,Litoria fallax
18.4282315978456,-34.06099640933573,Litoria fallax
18.432001795332134,-34.06162477558348,Litoria fallax
18.42859066427289,-34.0609066427289,Litoria fallax
18.429937163375225,-34.061355475763015,Litoria fallax
18.428411131059246,-34.06108617594255,Litoria fallax
18.431104129263915,-34.06144524236984,Litoria fallax
18.428052064631956,-34.06099640933573,Litoria fallax
18.43020646319569,-34.061265709156196,Litoria fallax
18.428500897666066,-34.06099640933573,Litoria fallax
18.430924596050268,-34.06162477558348,Litoria fallax
18.428052064631956,-34.06108617594255,Litoria fallax
18.428500897666066,-34.06108617594255,Litoria fallax
18.427692998204666,-34.06099640933573,Litoria fallax
18.428321364452422,-34.06099640933573,Litoria fallax
18.42859066427289,-34.061175942549376,Litoria fallax
18.429847396768402,-34.061355475763015,Litoria fallax
18.428411131059246,-34.06081687612208,Litoria fallax
18.428411131059246,-34.061175942549376,Litoria fallax
18.42814183123878,-34.06099640933573,Litoria fallax
18.4282315978456,-34.06099640933573,Litoria fallax
18.428680430879712,-34.061175942549376,Litoria fallax
18.428680430879712,-34.061175942549376,Litoria fallax
18.430565529622978,-34.061265709156196,Litoria fallax
18.427513464991023,-34.06081687612208,Litoria fallax
18.429488330341112,-34.0609066427289,Litoria fallax
18.428680430879712,-34.061265709156196,Litoria fallax
18.42859066427289,-34.061265709156196,Litoria fallax
18.428770197486536,-34.061175942549376,Litoria fallax
18.428500897666066,-34.061175942549376,Litoria fallax
18.427244165170556,-34.06108617594255,Litoria fallax
18.429847396768402,-34.06144524236984,Litoria fallax
18.428411131059246,-34.0609066427289,Litoria fallax
18.429219030520645,-34.06099640933573,Litoria fallax
18.429847396768402,-34.061175942549376,Litoria fallax
18.429039497307002,-34.061265709156196,Litoria fallax
18.42859066427289,-34.06099640933573,Litoria fallax
18.427244165170556,-34.06108617594255,Litoria fallax
18.42939856373429,-34.061265709156196,Litoria fallax
18.428500897666066,-34.06099640933573,Litoria fallax
18.430026929982045,-34.061265709156196,Litoria fallax
18.428411131059246,-34.06243267504488,Litoria fallax
18.428680430879712,-34.061265709156196,Litoria fallax
18.427244165170556,-34.06108617594255,Litoria fallax
18.429847396768402,-34.06144524236984,Litoria fallax
18.429937163375225,-34.061175942549376,Litoria fallax
18.43020646319569,-34.06144524236984,Litoria fallax
18.429488330341112,-34.061175942549376,Litoria fallax
18.42939856373429,-34.061175942549376,Litoria fallax
18.429219030520645,-34.06108617594255,Litoria fallax
18.429847396768402,-34.06153500897666,Litoria fallax
18.430475763016158,-34.06144524236984,Litoria fallax
18.42939856373429,-34.061175942549376,Litoria fallax
18.43029622980251,-34.061355475763015,Litoria fallax
18.43029622980251,-34.061265709156196,Litoria fallax
18.430475763016158,-34.06144524236984,Litoria fallax
18.429847396768402,-34.061175942549376,Litoria fallax
18.429219030520645,-34.06108617594255,Litoria fallax
18.429039497307002,-34.061175942549376,Litoria fallax
18.429847396768402,-34.061355475763015,Litoria fallax
18.430385996409335,-34.061355475763015,Litoria fallax
18.429039497307002,-34.061175942549376,Litoria fallax
18.429129263913822,-34.06108617594255,Litoria fallax
18.43029622980251,-34.061355475763015,Litoria fallax
18.43011669658887,-34.061265709156196,Litoria fallax
18.430026929982045,-34.06144524236984,Litoria fallax
18.429667863554755,-34.061355475763015,Litoria fallax
18.42894973070018,-34.061265709156196,Litoria fallax
18.429667863554755,-34.061355475763015,Litoria fallax
18.429847396768402,-34.06108617594255,Litoria fallax
18.429937163375225,-34.061355475763015,Litoria fallax
18.429039497307002,-34.0609066427289,Litoria fallax
18.43020646319569,-34.061265709156196,Litoria fallax
18.42975763016158,-34.061265709156196,Litoria fallax
18.423653500897665,-34.025897666068225,Litoria fallax
18.426885098743266,-34.060457809694796,Litoria fallax
18.43020646319569,-34.061355475763015,Litoria fallax
18.42266606822262,-34.06476660682226,Litoria fallax
18.432719928186714,-34.05920107719928,Litoria fallax
151.05496409335728,-33.724838420107716,Litoria fallax
18.427513464991023,-34.06458707360862,Litoria fallax
18.427333931777376,-34.064497307001794,Litoria fallax
18.424820466786354,-34.062073608617595,Litoria fallax
18.43029622980251,-34.061355475763015,Litoria fallax
18.43334829443447,-34.06144524236984,Litoria fallax
18.429847396768402,-34.061355475763015,Litoria fallax
18.42814183123878,-34.06108617594255,Litoria fallax
18.430026929982045,-34.06144524236984,Litoria fallax
18.43029622980251,-34.061355475763015,Litoria fallax
18.429129263913822,-34.061265709156196,Litoria fallax
18.42939856373429,-34.06144524236984,Litoria fallax
18.430026929982045,-34.06144524236984,Litoria fallax
18.428321364452422,-34.03666965888689,Litoria fallax
18.428321364452422,-34.03675942549372,Litoria fallax
18.4274236983842,-34.03595152603231,Litoria fallax
18.429488330341112,-34.03774685816876,Litoria fallax
18.429219030520645,-34.03747755834829,Litoria fallax
18.42975763016158,-34.061355475763015,Litoria fallax
18.429578096947935,-34.06072710951526,Litoria fallax
18.42508976660682,-34.061983842010775,Litoria fallax
18.43011669658887,-34.061355475763015,Litoria fallax
18.4258078994614,-34.025897666068225,Litoria fallax
18.431912028725314,-34.06153500897666,Litoria fallax
18.442773788150806,-34.043312387791744,Litoria fallax
18.442773788150806,-34.043312387791744,Litoria fallax
18.430565529622978,-34.06144524236984,Litoria fallax
18.428052064631956,-34.03640035906643,Litoria fallax
18.429667863554755,-34.061265709156196,Litoria fallax
18.43020646319569,-34.061355475763015,Litoria fallax
18.451840215439855,-34.077064631956915,Litoria fallax
18.451660682226212,-34.0774236983842,Litoria fallax
18.450942549371632,-34.07733393177738,Litoria fallax
18.452199281867145,-34.0774236983842,Litoria fallax
18.452199281867145,-34.077244165170555,Litoria fallax
18.452199281867145,-34.07760323159785,Litoria fallax
18.450224416517056,-34.07544883303411,Litoria fallax
18.454622980251347,-34.08137342908438,Litoria fallax
18.449057450628366,-34.07535906642729,Litoria fallax
18.45175044883303,-34.07805206463196,Litoria fallax
18.449057450628366,-34.07535906642729,Litoria fallax
18.433258527827647,-34.05991921005386,Litoria fallax
18.437118491921005,-34.04986535008977,Litoria fallax
18.43334829443447,-34.02877019748654,Litoria fallax
18.43137342908438,-34.06153500897666,Litoria fallax
18.43101436265709,-34.06153500897666,Litoria fallax
18.432001795332134,-34.06189407540395,Litoria fallax
18.42140933572711,-34.065215439856374,Litoria fallax
18.43101436265709,-34.06162477558348,Litoria fallax
18.4314631956912,-34.06153500897666,Litoria fallax
18.42473070017953,-34.062881508078995,Litoria fallax
18.421947935368042,-34.065125673249554,Litoria fallax
18.42239676840215,-34.06494614003591,Litoria fallax
18.497172351885098,-34.06683123877917,Litoria fallax
18.425987432675043,-34.0258078994614,Litoria fallax
18.434245960502693,-34.04376122082585,Litoria fallax
18.456956912028726,-34.08783662477558,Litoria fallax
18.426526032315977,-34.025987432675045,Litoria fallax
18.439272890484737,-34.04501795332136,Litoria fallax
18.434245960502693,-34.04438958707361,Litoria fallax
18.439991023339317,-34.04510771992819,Litoria fallax
18.43693895870736,-34.044748653500896,Litoria fallax
18.432719928186714,-34.05148114901257,Litoria fallax
18.436310592459606,-34.04456912028726,Litoria fallax
18.432091561938957,-34.05587971274686,Litoria fallax
18.432091561938957,-34.05587971274686,Litoria fallax
18.43415619389587,-34.04429982046679,Litoria fallax
18.416113105924595,-34.060457809694796,Litoria fallax
18.455071813285457,-34.08433572710952,Litoria fallax
18.428680430879712,-34.00507181328546,Litoria fallax
18.426166965888687,-34.018447037701975,Litoria fallax
18.477872531418313,-34.08738779174147,Litoria fallax
18.45641831238779,-34.05704667863555,Litoria fallax
18.431912028725314,-34.07912926391383,Litoria fallax
18.456687612208256,-34.05327648114901,Litoria fallax
18.437926391382405,-34.04465888689408,Litoria fallax
18.45677737881508,-34.05327648114901,Litoria fallax
18.433976660682227,-34.04429982046679,Litoria fallax
18.43218132854578,-34.041786355475764,Litoria fallax
18.438644524236985,-34.0423249551167,Litoria fallax
18.435233393177736,-34.04241472172352,Litoria fallax
18.441876122082583,-34.04349192100538,Litoria fallax
18.453366247755834,-34.05273788150808,Litoria fallax
18.43370736086176,-34.055341113105925,Litoria fallax
18.44052962298025,-34.04528725314183,Litoria fallax
18.451301615798922,-34.07805206463196,Litoria fallax
18.450134649910233,-34.07356373429084,Litoria fallax
18.450224416517056,-34.07805206463196,Litoria fallax
18.454622980251347,-34.08011669658887,Litoria fallax
18.4544434470377,-34.0798473967684,Litoria fallax
18.449506283662476,-34.07652603231598,Litoria fallax
18.453904847396768,-34.07760323159785,Litoria fallax
18.454712746858167,-34.07751346499102,Litoria fallax
18.453366247755834,-34.0782315978456,Litoria fallax
18.452648114901255,-34.07814183123878,Litoria fallax
18.450583482944342,-34.077962298025135,Litoria fallax
18.454533213644524,-34.08119389587074,Litoria fallax
18.45480251346499,-34.08146319569121,Litoria fallax
18.454533213644524,-34.080924596050274,Litoria fallax
18.454712746858167,-34.08110412926391,Litoria fallax
18.454712746858167,-34.08173249551167,Litoria fallax
18.454712746858167,-34.08182226211849,Litoria fallax
18.45408438061041,-34.08289946140036,Litoria fallax
151.08099640933574,-33.7025763016158,Litoria fallax
18.453725314183124,-34.08271992818671,Litoria fallax
18.452378815080788,-34.08191202872531,Litoria fallax
18.455341113105924,-34.08271992818671,Litoria fallax
18.453456014362658,-34.082271095152606,Litoria fallax
18.454712746858167,-34.08137342908438,Litoria fallax
151.08099640933574,-33.70508976660682,Litoria fallax
18.45435368043088,-34.0774236983842,Litoria fallax
18.4536355475763,-34.07670556552962,Litoria fallax
18.45327648114901,-34.07670556552962,Litoria fallax
18.454174147217234,-34.0782315978456,Litoria fallax
18.454533213644524,-34.07841113105925,Litoria fallax
18.452558348294435,-34.07805206463196,Litoria fallax
18.452558348294435,-34.07805206463196,Litoria fallax
18.454712746858167,-34.077962298025135,Litoria fallax
18.45516157989228,-34.077064631956915,Litoria fallax
18.4544434470377,-34.0782315978456,Litoria fallax
18.4536355475763,-34.07769299820467,Litoria fallax
18.450314183123876,-34.07508976660682,Litoria fallax
18.4552513464991,-34.0774236983842,Litoria fallax
18.4544434470377,-34.07832136445243,Litoria fallax
18.45435368043088,-34.07832136445243,Litoria fallax
18.45480251346499,-34.08289946140036,Litoria fallax
18.44923698384201,-34.07544883303411,Litoria fallax
18.45228904847397,-34.08002692998205,Litoria fallax
18.45112208258528,-34.05273788150808,Litoria fallax
18.456149012567323,-34.057675044883304,Litoria fallax
18.45318671454219,-34.07760323159785,Litoria fallax
18.45408438061041,-34.07778276481149,Litoria fallax
18.453096947935368,-34.07760323159785,Litoria fallax
18.454533213644524,-34.077872531418315,Litoria fallax
18.4536355475763,-34.07670556552962,Litoria fallax
18.4544434470377,-34.07365350089767,Litoria fallax
18.4536355475763,-34.07769299820467,Litoria fallax
18.45210951526032,-34.07814183123878,Litoria fallax
18.45210951526032,-34.07805206463196,Litoria fallax
18.450134649910233,-34.07535906642729,Litoria fallax
18.450673249551166,-34.074820466786356,Litoria fallax
18.45291741472172,-34.07832136445243,Litoria fallax
18.450314183123876,-34.07508976660682,Litoria fallax
18.4504039497307,-34.07517953321364,Litoria fallax
18.448698384201077,-34.07517953321364,Litoria fallax
18.45228904847397,-34.07814183123878,Litoria fallax
18.4504039497307,-34.074910233393176,Litoria fallax
18.447351885098744,-34.076256732495516,Litoria fallax
18.450314183123876,-34.07508976660682,Litoria fallax
18.447980251346497,-34.075538599640936,Litoria fallax
18.45435368043088,-34.0782315978456,Litoria fallax
18.453366247755834,-34.07535906642729,Litoria fallax
18.4552513464991,-34.07437163375224,Litoria fallax
18.462971274685817,-34.08424596050269,Litoria fallax
18.43020646319569,-34.061355475763015,Litoria fallax
18.430026929982045,-34.06144524236984,Litoria fallax
18.430026929982045,-34.061355475763015,Litoria fallax
18.430026929982045,-34.06144524236984,Litoria fallax
18.432001795332134,-34.06162477558348,Litoria fallax
18.42930879712747,-34.06108617594255,Litoria fallax
18.429937163375225,-34.061265709156196,Litoria fallax
18.4314631956912,-34.06144524236984,Litoria fallax
18.429937163375225,-34.061355475763015,Litoria fallax
18.430026929982045,-34.061355475763015,Litoria fallax
18.430026929982045,-34.061355475763015,Litoria fallax
18.42939856373429,-34.061175942549376,Litoria fallax
18.437028725314182,-34.04995511669659,Litoria fallax
18.4536355475763,-34.0758078994614,Litoria fallax
18.4536355475763,-34.07814183123878,Litoria fallax
18.452019748653502,-34.07814183123878,Litoria fallax
18.450224416517056,-34.07733393177738,Litoria fallax
18.4528276481149,-34.0766157989228,Litoria fallax
18.45228904847397,-34.077872531418315,Litoria fallax
18.45076301615799,-34.076256732495516,Litoria fallax
18.4504039497307,-34.074730700179536,Litoria fallax
18.452558348294435,-34.077244165170555,Litoria fallax
18.451301615798922,-34.07814183123878,Litoria fallax
18.454982046678634,-34.0782315978456,Litoria fallax
18.45175044883303,-34.07607719928187,Litoria fallax
18.450224416517056,-34.07535906642729,Litoria fallax
18.45210951526032,-34.077244165170555,Litoria fallax
18.451481149012565,-34.0774236983842,Litoria fallax
18.452648114901255,-34.07571813285458,Litoria fallax
18.456687612208256,-34.05318671454219,Litoria fallax
18.440978456014363,-34.04986535008977,Litoria fallax
18.429129263913822,-34.05417414721724,Litoria fallax
18.456597845601436,-34.05336624775583,Litoria fallax
18.492594254937163,-34.013958707360864,Litoria fallax
18.492953321364453,-34.015305206463196,Litoria fallax
18.44124775583483,-34.065215439856374,Litoria fallax
18.42975763016158,-34.061265709156196,Litoria fallax
18.429219030520645,-34.06108617594255,Litoria fallax
18.429937163375225,-34.061265709156196,Litoria fallax
18.431193895870734,-34.06153500897666,Litoria fallax
18.42975763016158,-34.061355475763015,Litoria fallax
18.430565529622978,-34.061355475763015,Litoria fallax
18.45408438061041,-34.05246858168761,Litoria fallax
18.4733842010772,-34.048608617594255,Litoria fallax
18.473294434470375,-34.04124775583483,Litoria fallax
18.48047576301616,-34.04501795332136,Litoria fallax
151.0204039497307,-33.64916517055656,Litoria fallax
18.47392280071813,-34.047890484739675,Litoria fallax
18.47428186714542,-34.04322262118492,Litoria fallax
18.479488330341113,-34.045377019748656,Litoria fallax
18.48460502692998,-34.04043985637343,Litoria fallax
18.47302513464991,-34.04645421903052,Litoria fallax
18.48568222621185,-34.041876122082584,Litoria fallax
18.48568222621185,-34.041876122082584,Litoria fallax
18.484694793536804,-34.040978456014365,Litoria fallax
18.472845601436266,-34.04241472172352,Litoria fallax
151.10496409335727,-33.66684919210054,Litoria fallax
18.48729802513465,-34.041068222621185,Litoria fallax
18.45516157989228,-34.05749551166966,Litoria fallax
18.47508976660682,-34.03972172351885,Litoria fallax
18.4725763016158,-34.04528725314183,Litoria fallax
18.47302513464991,-34.04133752244165,Litoria fallax
18.472127468581686,-34.04456912028726,Litoria fallax
18.48334829443447,-34.04142728904847,Litoria fallax
18.49286355475763,-34.01521543985638,Litoria fallax
18.493132854578096,-34.01638240574506,Litoria fallax
18.48182226211849,-34.04376122082585,Litoria fallax
18.474551166965888,-34.041068222621185,Litoria fallax
18.491965888689407,-34.013150807899464,Litoria fallax
18.491786355475764,-34.013330341113104,Litoria fallax
18.493312387791743,-34.01422800718133,Litoria fallax
18.490439856373428,-34.01359964093357,Litoria fallax
18.493043087971273,-34.016202872531416,Litoria fallax
18.491606822262117,-34.013240574506284,Litoria fallax
18.489811490125675,-34.01359964093357,Litoria fallax
151.08099640933574,-33.70275583482944,Litoria fallax
18.492953321364453,-34.01584380610413,Litoria fallax
18.456687612208256,-34.05327648114901,Litoria fallax
18.473204667863556,-34.04447935368043,Litoria fallax
18.474371633752245,-34.04286355475763,Litoria fallax
18.475628366247754,-34.04358168761221,Litoria fallax
18.438644524236985,-34.0399012567325,Litoria fallax
18.475628366247754,-34.04304308797128,Litoria fallax
18.477962298025133,-34.04465888689408,Litoria fallax
18.473114901256732,-34.04438958707361,Litoria fallax
151.08297127468583,-33.71451526032316,Litoria fallax
18.47221723518851,-34.04528725314183,Litoria fallax
18.475987432675044,-34.04412028725314,Litoria fallax
18.47221723518851,-34.047890484739675,Litoria fallax
18.440709156193893,-34.01710053859964,Litoria fallax
18.489811490125675,-34.0136894075404,Litoria fallax
18.493043087971273,-34.01629263913824,Litoria fallax
18.491965888689407,-34.013150807899464,Litoria fallax
18.49358168761221,-34.01458707360862,Litoria fallax
18.492684021543987,-34.01494614003591,Litoria fallax
18.49286355475763,-34.01593357271095,Litoria fallax
18.493491921005386,-34.01431777378815,Litoria fallax
18.493043087971273,-34.01584380610413,Litoria fallax
18.49008078994614,-34.01359964093357,Litoria fallax
18.492773788150807,-34.01512567324955,Litoria fallax
18.493312387791743,-34.01342010771993,Litoria fallax
18.482719928186714,-34.042594254937164,Litoria fallax
18.4741921005386,-34.04421005385996,Litoria fallax
18.475628366247754,-34.04438958707361,Litoria fallax
18.451840215439855,-34.082450628366246,Litoria fallax
18.455071813285457,-34.08433572710952,Litoria fallax
151.107118491921,-33.698536804308795,Litoria fallax
18.417998204667864,-34.059829443447036,Litoria fallax
18.471678635547576,-34.090709156193896,Litoria fallax
18.43415619389587,-34.05408438061041,Litoria fallax
151.107118491921,-33.69862657091562,Litoria fallax
18.457315978456013,-34.08675942549372,Litoria fallax
18.451840215439855,-34.08254039497307,Litoria fallax
18.456597845601436,-34.05327648114901,Litoria fallax
18.45318671454219,-34.05480251346499,Litoria fallax
18.45318671454219,-34.074730700179536,Litoria fallax
18.449326750448833,-34.07760323159785,Litoria fallax
151.04383303411132,-33.69907540394973,Litoria fallax
18.43460502692998,-34.05157091561939,Litoria fallax
18.45480251346499,-34.08487432675045,Litoria fallax
18.449326750448833,-34.07778276481149,Litoria fallax
18.452737881508078,-34.05336624775583,Litoria fallax
18.454263913824057,-34.0528276481149,Litoria fallax
18.45632854578097,-34.05785457809695,Litoria fallax
18.453725314183124,-34.054443447037706,Litoria fallax
18.456867145421903,-34.056867145421904,Litoria fallax
18.456508078994613,-34.05722621184919,Litoria fallax
18.45632854578097,-34.05785457809695,Litoria fallax
18.450852782764812,-34.05148114901257,Litoria fallax
18.455700179533213,-34.05578994614004,Litoria fallax
18.456149012567323,-34.057585278276484,Litoria fallax
18.456059245960503,-34.057585278276484,Litoria fallax
18.456867145421903,-34.056867145421904,Litoria fallax
151.107118491921,-33.69862657091562,Litoria fallax
18.44241472172352,-34.07670556552962,Litoria fallax
18.493132854578096,-34.01656193895871,Litoria fallax
18.493132854578096,-34.01629263913824,Litoria fallax
18.497800718132854,-34.01548473967684,Litoria fallax
18.49322262118492,-34.01674147217235,Litoria fallax
18.488375224416515,-34.01386894075404,Litoria fallax
18.489631956912028,-34.0136894075404,Litoria fallax
18.492953321364453,-34.01575403949731,Litoria fallax
18.487746858168762,-34.013958707360864,Litoria fallax
18.493132854578096,-34.01638240574506,Litoria fallax
18.491965888689407,-34.013240574506284,Litoria fallax
18.488375224416515,-34.01386894075404,Litoria fallax
18.492953321364453,-34.01557450628366,Litoria fallax
18.489093357271095,-34.01359964093357,Litoria fallax
18.49322262118492,-34.01656193895871,Litoria fallax
18.49358168761221,-34.0144973070018,Litoria fallax
18.487567324955116,-34.013330341113104,Litoria fallax
18.487567324955116,-34.01306104129264,Litoria fallax
18.48972172351885,-34.0136894075404,Litoria fallax
18.489631956912028,-34.0136894075404,Litoria fallax
18.48846499102334,-34.01377917414722,Litoria fallax
18.492594254937163,-34.0144973070018,Litoria fallax
18.487567324955116,-34.013240574506284,Litoria fallax
18.48900359066427,-34.0136894075404,Litoria fallax
18.493132854578096,-34.01647217235188,Litoria fallax
18.489542190305205,-34.01350987432675,Litoria fallax
18.492235188509873,-34.01306104129264,Litoria fallax
18.49250448833034,-34.01440754039497,Litoria fallax
18.450134649910233,-34.077962298025135,Litoria fallax
18.448608617594253,-34.07517953321364,Litoria fallax
18.45327648114901,-34.075,Litoria fallax
18.45318671454219,-34.07508976660682,Litoria fallax
18.45435368043088,-34.0782315978456,Litoria fallax
18.454712746858167,-34.07751346499102,Litoria fallax
18.449506283662476,-34.0758078994614,Litoria fallax
18.449416517055656,-34.07697486535009,Litoria fallax
18.45435368043088,-34.07814183123878,Litoria fallax
18.491157989228007,-34.01342010771993,Litoria fallax
18.490709156193894,-34.01342010771993,Litoria fallax
18.489901256732495,-34.01359964093357,Litoria fallax
18.48900359066427,-34.013958707360864,Litoria fallax
18.491606822262117,-34.013330341113104,Litoria fallax
18.492684021543987,-34.01431777378815,Litoria fallax
18.49008078994614,-34.01350987432675,Litoria fallax
18.48936265709156,-34.01359964093357,Litoria fallax
18.487567324955116,-34.013240574506284,Litoria fallax
18.491876122082584,-34.013240574506284,Litoria fallax
18.492324955116697,-34.013240574506284,Litoria fallax
18.490978456014364,-34.01297127468582,Litoria fallax
18.490978456014364,-34.01342010771993,Litoria fallax
18.49250448833034,-34.013150807899464,Litoria fallax
18.489093357271095,-34.0136894075404,Litoria fallax
18.492773788150807,-34.015305206463196,Litoria fallax
18.491427289048474,-34.013330341113104,Litoria fallax
18.4536355475763,-34.08954219030521,Litoria fallax
18.45632854578097,-34.05336624775583,Litoria fallax
18.453815080789944,-34.08936265709156,Litoria fallax
18.440798922800717,-34.01710053859964,Litoria fallax
18.49726211849192,-34.02401256732495,Litoria fallax
18.497351885098745,-34.02131956912029,Litoria fallax
18.494210053859963,-34.06000897666068,Litoria fallax
18.455071813285457,-34.08442549371634,Litoria fallax
151.09006283662478,-33.71622082585278,Litoria fallax
151.03476660682227,-33.69431777378815,Litoria fallax
151.10792639138242,-33.706166965888684,Litoria fallax
151.04832136445242,-33.7231328545781,Litoria fallax
151.08297127468583,-33.71451526032316,Litoria fallax
151.0679802513465,-33.663797127468584,Litoria fallax
151.10801615798923,-33.70625673249551,Litoria fallax
151.0485906642729,-33.7231328545781,Litoria fallax
151.0699551166966,-33.713617594254934,Litoria fallax
151.08099640933574,-33.71747755834829,Litoria fallax
151.06789048473968,-33.663797127468584,Litoria fallax
151.1146588868941,-33.68543087971275,Other
151.09670556552962,-33.68659784560143,Other
151.09670556552962,-33.68659784560143,Other
151.10810592459606,-33.706166965888684,Other
151.0380879712747,-33.72017055655296,Other
-83.46966786355475,8.589667863554757,Pseudophryne australis
-83.41778276481149,8.584820466786354,Pseudophryne australis
-83.44650807899461,8.606095152603231,Pseudophryne australis
-83.40027827648115,8.524138240574507,Pseudophryne australis
151.10864452423698,-33.697010771992815,Pseudophryne australis
-83.41069120287253,8.526561938958707,Pseudophryne australis
-83.41877019748654,8.566867145421902,Pseudophryne australis
-83.48726211849191,8.578626570915619,Pseudophryne australis
151.10936265709157,-33.72968581687612,Pseudophryne australis
-83.4868132854578,8.57826750448833,Pseudophryne australis
-83.40288150807899,8.527369838420107,Pseudophryne australis
-83.40027827648115,8.526651705565529,Pseudophryne australis
-83.40216337522442,8.521265709156193,Pseudophryne australis
-83.40315080789946,8.520547576301615,Pseudophryne australis
-83.40279174147217,8.517854578096948,Pseudophryne australis
-83.40126570915619,8.522881508078994,Pseudophryne australis
-83.4020736086176,8.520098743267503,Pseudophryne australis
-83.4000987432675,8.527010771992819,Pseudophryne australis
-83.4009066427289,8.523061041292639,Pseudophryne australis
-83.40036804308797,8.52745960502693,Pseudophryne australis
-83.41329443447037,8.528447037701975,Pseudophryne australis
-83.40674147217236,8.557980251346498,Pseudophryne australis
-83.46437163375224,8.560942549371633,Pseudophryne australis
-83.43052962298025,8.531409335727108,Pseudophryne australis
-83.47245062836625,8.512648114901257,Pseudophryne australis
-83.40485637342908,8.547926391382406,Pseudophryne australis
-83.40997307001795,8.549811490125673,Pseudophryne australis
-83.40557450628366,8.544425493716338,Pseudophryne australis
-83.40575403949731,8.544066427289048,Pseudophryne australis
-83.41122980251346,8.552773788150807,Pseudophryne australis
-83.40422800718133,8.544335727109514,Pseudophryne australis
-83.46733393177738,8.561481149012566,Pseudophryne australis
-83.4214631956912,8.529165170556553,Pseudophryne australis
-83.4170646319569,8.528087971274685,Pseudophryne australis
-83.41437163375224,8.528447037701975,Pseudophryne australis
-83.41428186714542,8.528447037701975,Pseudophryne australis
-83.42586175942549,8.52584380610413,Pseudophryne australis
-83.41688509874326,8.528177737881508,Pseudophryne australis
-83.41437163375224,8.528447037701975,Pseudophryne australis
-83.4145511669659,8.528357271095153,Pseudophryne australis
-83.42020646319568,8.527639138240573,Pseudophryne australis
151.0699551166966,-33.65428186714542,Pseudophryne australis
-83.41697486535008,8.527728904847397,Pseudophryne australis
-83.41688509874326,8.528177737881508,Pseudophryne australis
-83.41670556552963,8.528087971274685,Pseudophryne australis
-83.41473070017953,8.529165170556553,Pseudophryne australis
-83.41499999999999,8.528806104129263,Pseudophryne australis
-83.41482046678635,8.529165170556553,Pseudophryne australis
-83.42119389587073,8.52745960502693,Pseudophryne australis
-83.41688509874326,8.528177737881508,Pseudophryne australis
-83.42245062836625,8.526113105924596,Pseudophryne australis
-83.4145511669659,8.529165170556553,Pseudophryne australis
-83.42397666068223,8.52745960502693,Pseudophryne australis
-83.4855565529623,8.577728904847396,Pseudophryne australis
-83.48573608617593,8.577549371633753,Pseudophryne australis
-83.41634649910233,8.527280071813285,Pseudophryne australis
-83.4234380610413,8.523420107719929,Pseudophryne australis
151.08099640933574,-33.705359066427285,Pseudophryne australis
-83.45422800718133,8.577190305206463,Pseudophryne australis
151.10200179533214,-33.72447935368043,Pseudophryne australis
-83.42559245960503,8.520637342908438,Pseudophryne australis
-83.42595152603232,8.520008976660682,Pseudophryne australis
-83.42640035906642,8.520637342908438,Pseudophryne australis
-83.42478456014362,8.521265709156193,Pseudophryne australis
151.10918312387793,-33.72986535008976,Pseudophryne australis
-83.42568222621185,8.519380610412925,Pseudophryne australis
-83.43313285457809,8.581947935368042,Pseudophryne australis
151.09410233393177,-33.65975763016158,Pseudophryne australis
-83.39210951526033,8.53105026929982,Pseudophryne australis
-83.42927289048474,8.56516157989228,Pseudophryne australis
-83.40144524236983,8.520637342908438,Pseudophryne australis
-83.40377917414722,8.589937163375224,Pseudophryne australis
-83.40647217235188,8.519380610412925,Pseudophryne australis
-83.40925493716337,8.517226211849191,Pseudophryne australis
-83.4077289048474,8.516328545780969,Pseudophryne australis
-83.40916517055655,8.529344703770198,Pseudophryne australis
-83.40359964093358,8.527010771992819,Pseudophryne australis
-83.42128366247756,8.527818671454218,Pseudophryne australis
-83.41679533213645,8.528087971274685,Pseudophryne australis
-83.48403052064631,8.572163375224417,Pseudophryne australis
-83.48618491921005,8.577998204667862,Pseudophryne australis
-83.48421005385995,8.571983842010772,Pseudophryne australis
-83.48573608617593,8.572971274685816,Pseudophryne australis
-83.48537701974865,8.572791741472171,Pseudophryne australis
-83.48528725314182,8.572881508078995,Pseudophryne australis
-83.48528725314182,8.572881508078995,Pseudophryne australis
-83.48501795332136,8.572432675044883,Pseudophryne australis
-83.48878815080789,8.575574506283662,Pseudophryne australis
151.03297127468582,-33.71577199281867,Pseudophryne australis
-83.4855565529623,8.572163375224417,Pseudophryne australis
151.09796229802515,-33.66343806104129,Pseudophryne australis
-83.39758527827648,8.568931777378815,Pseudophryne australis
151.09903949730702,-33.66361759425494,Pseudophryne australis
-83.39246858168761,8.567675044883304,Pseudophryne australis
-83.39210951526033,8.567315978456014,Pseudophryne australis
-83.39471274685818,8.570637342908437,Pseudophryne australis
-83.40781867145422,8.580421903052065,Pseudophryne australis
-83.41356373429085,8.528895870736086,Pseudophryne australis
151.06546678635547,-33.71559245960503,Pseudophryne australis
-83.41392280071813,8.528716337522441,Pseudophryne australis
-83.41437163375224,8.52862657091562,Pseudophryne australis
151.11753141831238,-33.72331238779174,Pseudophryne australis
-83.46114003590664,8.558070017953321,Pseudophryne australis
-83.40413824057451,8.600350089766605,Pseudophryne australis
-83.41598743267504,8.534192100538599,Pseudophryne australis
151.09266606822263,-33.70185816876122,Pseudophryne australis
151.09903949730702,-33.66352782764812,Pseudophryne australis
151.08521543985637,-33.70042190305206,Pseudophryne australis
-83.46122980251346,8.576113105924595,Pseudophryne australis
-83.410960502693,8.527010771992819,Pseudophryne australis
151.09266606822263,-33.70185816876122,Pseudophryne australis
151.06403052064633,-33.66370736086176,Pseudophryne australis
151.0631328545781,-33.66397666068222,Pseudophryne australis
151.05200179533213,-33.71900359066427,Pseudophryne australis
151.11340215439856,-33.72214542190305,Pseudophryne australis
151.09679533213645,-33.6933303411131,Pseudophryne australis
151.11097845601438,-33.72600538599641,Pseudophryne australis
151.09850089766607,-33.687764811490126,Pseudophryne australis
151.06412028725316,-33.71927289048474,Pseudophryne australis
151.0941921005386,-33.65930879712747,Pseudophryne australis
151.05200179533213,-33.71864452423698,Pseudophryne australis
18.4004039497307,-34.09340215439857,Pseudophryne australis
151.1063105924596,-33.68372531418312,Pseudophryne australis
151.090960502693,-33.719631956912025,Pseudophryne australis
151.08395870736086,-33.7066157989228,Pseudophryne australis
151.08799820466788,-33.705987432675045,Pseudophryne australis
151.06196588868943,-33.651499102333936,Pseudophryne australis
151.086921005386,-33.703653500897666,Pseudophryne australis
151.11735188509874,-33.63902154398564,Pseudophryne australis
151.03099640933573,-33.659039497307006,Pseudophryne australis
151.11304308797128,-33.66936265709156,Pseudophryne australis
151.11304308797128,-33.66927289048474,Pseudophryne australis
151.11735188509874,-33.69710053859964,Pseudophryne australis
151.02982944344706,-33.7041921005386,Pseudophryne australis
151.07982944344704,-33.70149910233393,Pseudophryne australis
151.02058348294435,-33.6493447037702,Pseudophryne australis
151.0662746858169,-33.710565529622976,Pseudophryne australis
151.07022441651705,-33.65428186714542,Pseudophryne australis
151.07013464991024,-33.65428186714542,Pseudophryne australis
151.06789048473968,-33.66101436265709,Pseudophryne australis
151.0432944344704,-33.69979353680431,Pseudophryne australis
151.0432944344704,-33.69979353680431,Pseudophryne australis
151.06403052064633,-33.71936265709156,Pseudophryne australis
151.0432944344704,-33.69979353680431,Pseudophryne australis
151.10002692998205,-33.675915619389585,Pseudophryne australis
151.09401256732497,-33.65939856373429,Pseudophryne australis
151.09401256732497,-33.65939856373429,Pseudophryne australis
151.0937432675045,-33.65966786355476,Pseudophryne australis
151.1074775583483,-33.675736086175945,Pseudophryne australis
151.0433842010772,-33.69970377019749,Pseudophryne australis
151.095,-33.706166965888684,Pseudophryne australis
151.09158886894076,-33.72914721723519,Pseudophryne australis
151.0962567324955,-33.69342010771993,Pseudophryne australis
151.0930251346499,-33.71936265709156,Pseudophryne australis
151.09203770197487,-33.71101436265709,Pseudophryne australis
151.0433842010772,-33.69970377019749,Pseudophryne australis
151.06986535008977,-33.65428186714542,Pseudophryne australis
151.10963195691204,-33.64548473967684,Pseudophryne australis
151.0679802513465,-33.66370736086176,Pseudophryne australis
151.0808168761221,-33.70096050269299,Pseudophryne australis
151.0808168761221,-33.70096050269299,Pseudophryne australis
151.0808168761221,-33.70096050269299,Pseudophryne australis
151.0808168761221,-33.70096050269299,Pseudophryne australis
151.07013464991024,-33.65437163375225,Pseudophryne australis
151.1123249551167,-33.72986535008976,Pseudophryne australis
151.11609515260324,-33.72842908438061,Pseudophryne australis
151.0280341113106,-33.72079892280072,Pseudophryne australis
151.0712118491921,-33.72762118491921,Pseudophryne australis
151.08297127468583,-33.71783662477558,Pseudophryne australis
151.11241472172352,-33.72995511669659,Pseudophryne australis
151.10604129263913,-33.72241472172352,Pseudophryne australis
151.1062208258528,-33.68372531418312,Pseudophryne australis
151.095,-33.71541292639138,Pseudophryne australis
151.11241472172352,-33.72995511669659,Pseudophryne australis
151.04383303411132,-33.69880610412926,Pseudophryne australis
151.08306104129264,-33.714425493716334,Pseudophryne australis
151.09598743267506,-33.69288150807899,Pseudophryne australis
151.0699551166966,-33.65437163375225,Pseudophryne australis
151.1191472172352,-33.66182226211849,Pseudophryne australis
151.1123249551167,-33.72995511669659,Pseudophryne australis
151.08395870736086,-33.71702872531418,Pseudophryne australis
151.08099640933574,-33.70347396768402,Pseudophryne australis
151.06412028725316,-33.71945242369838,Pseudophryne australis
151.0804578096948,-33.7098473967684,Pseudophryne australis
151.1123249551167,-33.72986535008976,Pseudophryne australis
151.0860233393178,-33.70087073608617,Pseudophryne australis
151.0836894075404,-33.71263016157989,Pseudophryne australis
151.0844973070018,-33.71343806104129,Pseudophryne australis
151.08386894075406,-33.712809694793535,Pseudophryne australis
151.08799820466788,-33.70562836624775,Pseudophryne australis
151.08997307001795,-33.71675942549371,Pseudophryne australis
151.08306104129264,-33.71756732495511,Pseudophryne australis
151.08395870736086,-33.70482046678635,Pseudophryne australis
151.03333034111313,-33.6804039497307,Pseudophryne australis
151.09015260323162,-33.716579892280066,Pseudophryne australis
151.1146588868941,-33.664515260323164,Pseudophryne australis
151.0860233393178,-33.71218132854578,Pseudophryne australis
151.0840484739677,-33.706705565529624,Pseudophryne australis
151.08719030520646,-33.702935368043086,Pseudophryne australis
151.03799820466787,-33.69503590664273,Pseudophryne australis
151.02704667863557,-33.709578096947936,Pseudophryne australis
