decimalLatitude,decimalLongitude,Crinia Signifera,Litoria Fallax,Dendrobates Auratus,Xenopus Laevis,Agalychnis Callidryas,Arthroleptella Lightfooti,Crinia Glauerti,Cacosternum Namaquense,Ranoidea Australis,Chiromantis Xerampelina,Hyalinobatrachium Colymbiphyllum,Rhinophrynus Dorsalis,Austrochaperina Pluvialis,Breviceps Adspersus,Atelopus Senex
-33.743397412863814,150.70674631692418,0,0,0,0,0,1,0,0,0,0,0,0,0,0,0
-33.74267876392382,150.70063780093423,0,0,0,0,0,1,0,0,0,0,0,0,0,0,0
-33.72641933165649,150.69839202299676,0,0,0,0,0,1,0,0,0,0,0,0,0,0,0
-33.72686848724398,150.69902084081926,0,0,0,0,0,1,0,0,0,0,0,0,0,0,0
-33.58673194394538,150.6445831836148,0,0,0,0,0,1,0,0,0,0,0,0,0,0,0
-33.73621092346389,150.70153611210924,0,0,0,0,0,1,0,0,0,0,0,0,0,0,0
-33.72641933165649,150.69830219187926,0,0,0,0,0,1,0,0,0,0,0,0,0,0,0
-33.72713798059648,150.69902084081926,0,0,0,0,0,1,0,0,0,0,0,0,0,0,0
-33.69174452030183,150.72040064678404,0,0,0,0,0,1,0,0,0,0,0,0,0,0,0
-33.745822853036294,150.6952479338843,0,0,0,0,0,1,0,0,0,0,0,0,0,0,0
-33.73180919870643,150.7237243981315,0,0,0,0,0,1,0,0,0,0,0,0,0,0,0
-33.72606000718649,150.69866151634926,0,0,0,0,0,1,0,0,0,0,0,0,0,0,0
-33.72695831836148,150.69902084081926,0,0,0,0,0,1,0,0,0,0,0,0,0,0,0
-33.72058030901904,150.70045813869925,0,0,0,0,0,1,0,0,0,0,0,0,0,0,0
-33.749955084441254,150.70000898311176,0,0,0,0,0,1,0,0,0,0,0,0,0,0,0
-33.58673194394538,150.6444933524973,0,0,0,0,0,1,0,0,0,0,0,0,0,0,0
-33.729563420768955,150.69866151634926,0,0,0,0,0,1,0,0,0,0,0,0,0,0,0
-33.58673194394538,150.6445831836148,0,0,0,0,0,1,0,0,0,0,0,0,0,0,0
-33.743307581746315,150.70683614804167,0,0,0,0,0,1,0,0,0,0,0,0,0,0,0
-33.72713798059648,150.69875134746675,0,0,0,0,0,1,0,0,0,0,0,0,0,0,0
-33.73863636363637,150.7150107797341,0,0,0,0,0,1,0,0,0,0,0,0,0,0,0
-33.726509162773986,150.69830219187926,0,0,0,0,0,1,0,0,0,0,0,0,0,0,0
-33.729563420768955,150.69857168523177,0,0,0,0,0,1,0,0,0,0,0,0,0,0,0
-33.44291232482932,150.64072044556235,1,0,0,0,0,0,0,0,0,0,0,0,0,0,0
-33.61898131512756,150.6845580309019,1,0,0,0,0,0,0,0,0,0,0,0,0,0,0
-33.67431728350701,150.60981854114266,1,0,0,0,0,0,0,0,0,0,0,0,0,0,0
-33.53346209126842,150.66021379805966,1,0,0,0,0,0,0,0,0,0,0,0,0,0,0
-33.525826446280995,150.6668613007546,1,0,0,0,0,0,0,0,0,0,0,0,0,0,0
-33.725521020481494,150.6970445562343,1,0,0,0,0,0,0,0,0,0,0,0,0,0,0
-33.52411965504851,150.62895256916997,1,0,0,0,0,0,0,0,0,0,0,0,0,0,0
-33.725341358246496,150.6970445562343,1,0,0,0,0,0,0,0,0,0,0,0,0,0,0
-33.52411965504851,150.6241915199425,1,0,0,0,0,0,0,0,0,0,0,0,0,0,0
-33.56912504491556,150.62338303988503,1,0,0,0,0,0,0,0,0,0,0,0,0,0,0
-33.704770032339205,150.69201401365433,1,0,0,0,0,0,0,0,0,0,0,0,0,0,0
-33.743217750628816,150.70674631692418,1,0,0,0,0,0,0,0,0,0,0,0,0,0,0
-33.56337585339562,150.63380344951491,1,0,0,0,0,0,0,0,0,0,0,0,0,0,0
-33.52995867768595,150.61996945742004,1,0,0,0,0,0,0,0,0,0,0,0,0,0,0
-33.446685231764285,150.63721703197987,1,0,0,0,0,0,0,0,0,0,0,0,0,0,0
-33.569574200503055,150.65608156665468,1,0,0,0,0,0,0,0,0,0,0,0,0,0,0
-33.55780632411067,150.66048329141213,1,0,0,0,0,0,0,0,0,0,0,0,0,0,0
-33.44884117858426,150.70099712540423,1,0,0,0,0,0,0,0,0,0,0,0,0,0,0
-33.670724038807045,150.61206431908013,1,0,0,0,0,0,0,0,0,0,0,0,0,0,0
-33.523490837226014,150.6339831117499,1,0,0,0,0,0,0,0,0,0,0,0,0,0,0
-33.72606000718649,150.69722421846927,1,0,0,0,0,0,0,0,0,0,0,0,0,0,0
-33.4353665109594,150.64081027667984,1,0,0,0,0,0,0,0,0,0,0,0,0,0,0
-33.52429931728351,150.6243711821775,1,0,0,0,0,0,0,0,0,0,0,0,0,0,0
-33.55798598634567,150.65994430470715,1,0,0,0,0,0,0,0,0,0,0,0,0,0,0
-33.52429931728351,150.62428135106,1,0,0,0,0,0,0,0,0,0,0,0,0,0,0
-33.52420948616601,150.6243711821775,1,0,0,0,0,0,0,0,0,0,0,0,0,0,0
-33.55789615522817,150.65994430470715,1,0,0,0,0,0,0,0,0,0,0,0,0,0,0
-33.525287459576,150.66596298957958,1,0,0,0,0,0,0,0,0,0,0,0,0,0,0
-33.69102587136184,150.6651545095221,1,0,0,0,0,0,0,0,0,0,0,0,0,0,0
-33.52429931728351,150.6243711821775,1,0,0,0,0,0,0,0,0,0,0,0,0,0,0
-33.67683255479698,150.6252694933525,1,0,0,0,0,0,0,0,0,0,0,0,0,0,0
-33.5253772906935,150.66596298957958,1,0,0,0,0,0,0,0,0,0,0,0,0,0,0
-33.67171218109953,150.6141304347826,1,0,0,0,0,0,0,0,0,0,0,0,0,0,0
-33.67701221703198,150.6250898311175,1,0,0,0,0,0,0,0,0,0,0,0,0,0,0
-33.53597736255839,150.62796442687747,1,0,0,0,0,0,0,0,0,0,0,0,0,0,0
-33.572538627380524,150.66317822493713,1,0,0,0,0,0,0,0,0,0,0,0,0,0,0
-33.56355551563061,150.6647053539346,1,0,0,0,0,0,0,0,0,0,0,0,0,0,0
-33.743397412863814,150.7065666546892,1,0,0,0,0,0,0,0,0,0,0,0,0,0,0
-33.58664211282788,150.64440352137981,1,0,0,0,0,0,0,0,0,0,0,0,0,0,0
-33.62607797340999,150.7361210923464,0,0,0,0,0,0,0,0,0,0,1,0,0,0,0
-33.692463169241826,150.7150107797341,0,0,0,0,0,0,0,0,0,0,1,0,0,0,0
-33.63982213438735,150.69911067193675,0,0,0,0,0,0,0,0,0,0,1,0,0,0,0
-33.64134926338484,150.69713438735178,0,0,0,0,0,0,0,0,0,0,1,0,0,0,0
-33.717166726554076,150.69749371182178,0,0,0,0,0,0,0,0,0,0,1,0,0,0,0
-33.63721703197988,150.72102946460654,0,0,0,0,0,0,0,0,0,0,1,0,0,0,0
-33.63577973409989,150.71941250449154,0,0,0,0,0,0,0,0,0,0,1,0,0,0,0
-33.65087136183974,150.7042310456342,0,0,0,0,0,0,0,0,0,0,1,0,0,0,0
-33.61718469277758,150.7152802730866,0,0,0,0,0,0,0,0,0,0,1,0,0,0,0
-33.61404060366511,150.7127650017966,0,0,0,0,0,0,0,0,0,0,1,0,0,0,0
-33.64098993891484,150.68698347107437,0,0,0,0,0,0,0,0,0,0,1,0,0,0,0
-33.744385555156306,150.6848275242544,0,0,0,0,0,0,0,0,0,0,1,0,0,0,0
-33.733605821056415,150.6531171397772,0,0,0,0,0,0,0,0,0,0,1,0,0,0,0
-33.63874416097736,150.69336148041683,0,0,0,0,0,0,0,0,0,0,1,0,0,0,0
-33.605416816385194,150.66111210923464,0,0,0,0,0,0,0,0,0,0,1,0,0,0,0
-33.69201401365433,150.6836597197269,0,0,0,0,0,0,0,0,0,0,1,0,0,0,0
-33.67189184333453,150.72093963348905,0,0,0,0,0,0,0,0,0,0,1,0,0,0,0
-33.62886273805246,150.73180919870643,0,0,0,0,0,0,0,0,0,0,1,0,0,0,0
-33.61898131512756,150.7341448077614,0,0,0,0,0,0,0,0,0,0,1,0,0,0,0
-33.685636004311895,150.67818002155946,0,0,0,0,0,0,0,0,0,0,1,0,0,0,0
-33.66641214516709,150.71294466403162,0,0,0,0,0,0,0,0,0,0,1,0,0,0,0
-33.74779913762127,150.62922206252244,0,0,0,0,0,0,0,0,0,0,1,0,0,0,0
-33.61601688825009,150.71599892202659,0,0,0,0,0,0,0,0,0,0,1,0,0,0,0
-33.655812073302194,150.70297340998923,0,0,0,0,0,0,0,0,0,0,1,0,0,0,0
-33.6049676607977,150.6623697448796,0,0,0,0,0,0,0,0,0,0,1,0,0,0,0
-33.67305964786202,150.67791052820698,0,0,0,0,0,0,0,0,0,0,1,0,0,0,0
-33.74079231045634,150.6859953287819,0,0,0,0,0,0,0,0,0,0,1,0,0,0,0
-33.740522817103844,150.67916816385195,0,0,0,0,0,0,0,0,0,0,1,0,0,0,0
-33.63299496945742,150.7329770032339,0,0,0,0,0,0,0,0,0,0,1,0,0,0,0
-33.749955084441254,150.68303090190443,0,0,0,0,0,0,0,0,0,0,1,0,0,0,0
-33.63092885375494,150.7165379087316,0,0,0,0,0,0,0,0,0,0,1,0,0,0,0
-33.68644448436939,150.67916816385195,0,0,0,0,0,0,0,0,0,0,1,0,0,0,0
-33.70162594322673,150.69803269852676,0,0,0,0,0,0,0,0,0,0,1,0,0,0,0
-33.622933884297524,150.7161785842616,0,0,0,0,0,0,0,0,0,0,1,0,0,0,0
-33.68392921307941,150.6760240747395,0,0,0,0,0,0,0,0,0,0,1,0,0,0,0
-33.58807941070787,150.71195652173913,0,0,0,0,0,0,0,0,0,0,1,0,0,0,0
-33.681773266259434,150.71779554437657,0,0,0,0,0,0,0,0,0,0,1,0,0,0,0
-33.72893460294646,150.62616780452748,0,0,0,0,0,0,0,0,0,0,1,0,0,0,0
-33.70818361480417,150.69982932087674,0,0,0,0,0,0,0,0,0,0,1,0,0,0,0
-33.6454814947898,150.70045813869925,0,0,0,0,0,0,0,0,0,0,1,0,0,0,0
-33.614759252605104,150.71779554437657,0,0,0,0,0,0,0,0,0,0,1,0,0,0,0
-33.62787459575997,150.7329770032339,0,0,0,0,0,0,0,0,0,0,1,0,0,0,0
-33.6947987782968,150.69955982752427,0,0,0,0,0,0,0,0,0,0,1,0,0,0,0
-33.64287639238232,150.70045813869925,0,0,0,0,0,0,0,0,0,0,1,0,0,0,0
-33.72614983830399,150.6258084800575,0,0,0,0,0,0,0,0,0,0,1,0,0,0,0
-33.61952030183255,150.72713798059647,0,0,0,0,0,0,0,0,0,0,1,0,0,0,0
-33.65904599353216,150.60595580309018,0,1,0,0,0,0,0,0,0,0,0,0,0,0,0
-33.68303090190442,150.722736255839,0,1,0,0,0,0,0,0,0,0,0,0,0,0,0
-33.43303090190442,150.7329770032339,0,1,0,0,0,0,0,0,0,0,0,0,0,0,0
-33.55924362199066,150.66713079410707,0,1,0,0,0,0,0,0,0,0,0,0,0,0,0
-33.710519223859144,150.6236525332375,0,1,0,0,0,0,0,0,0,0,0,0,0,0,0
-33.591672655407834,150.6841987064319,0,1,0,0,0,0,0,0,0,0,0,0,0,0,0
-33.54549946101329,150.6947987782968,0,1,0,0,0,0,0,0,0,0,0,0,0,0,0
-33.71087854832914,150.62356270212,0,1,0,0,0,0,0,0,0,0,0,0,0,0,0
-33.57190980955803,150.67422745238952,0,1,0,0,0,0,0,0,0,0,0,0,0,0,0
-33.52636543298598,150.7048598634567,0,1,0,0,0,0,0,0,0,0,0,0,0,0,0
-33.64323571685232,150.65868666906215,0,1,0,0,0,0,0,0,0,0,0,0,0,0,0
-33.52420948616601,150.62374236435502,0,1,0,0,0,0,0,0,0,0,0,0,0,0,0
-33.526275601868484,150.7048598634567,0,1,0,0,0,0,0,0,0,0,0,0,0,0,0
-33.706207330219186,150.69866151634926,0,1,0,0,0,0,0,0,0,0,0,0,0,0,0
-33.51145346748113,150.69650556952928,0,1,0,0,0,0,0,0,0,0,0,0,0,0,0
-33.52304168163852,150.6850071864894,0,1,0,0,0,0,0,0,0,0,0,0,0,0,0
-33.456386992454185,150.72120912684153,0,1,0,0,0,0,0,0,0,0,0,0,0,0,0
-33.51019583183615,150.74420589292131,0,1,0,0,0,0,0,0,0,0,0,0,0,0,0
-33.52681458857348,150.7051293568092,0,1,0,0,0,0,0,0,0,0,0,0,0,0,0
-33.55008084800575,150.67593424362198,0,1,0,0,0,0,0,0,0,0,0,0,0,0,0
-33.673508803449515,150.67629356809198,0,1,0,0,0,0,0,0,0,0,0,0,0,0,0
-33.44084620912684,150.70854293927417,0,1,0,0,0,0,0,0,0,0,0,0,0,0,0
-33.6949784405318,150.725431189364,0,1,0,0,0,0,0,0,0,0,0,0,0,0,0
-33.726598993891486,150.65796802012218,0,1,0,0,0,0,0,0,0,0,0,0,0,0,0
-33.49070247933884,150.72830578512398,0,1,0,0,0,0,0,0,0,0,0,0,0,0,0
-33.51154329859863,150.68096478620194,0,1,0,0,0,0,0,0,0,0,0,0,0,0,0
-33.53391124685591,150.69264283147683,0,1,0,0,0,0,0,0,0,0,0,0,0,0,0
-33.55196730147323,150.68626482213438,0,1,0,0,0,0,0,0,0,0,0,0,0,0,0
-33.54190621631333,150.6640765361121,0,1,0,0,0,0,0,0,0,0,0,0,0,0,0
-33.661291771469635,150.60676428314767,0,1,0,0,0,0,0,0,0,0,0,0,0,0,0
-33.50112288896874,150.68967840459936,0,1,0,0,0,0,0,0,0,0,0,0,0,0,0
-33.69982932087675,150.58403701042042,0,1,0,0,0,0,0,0,0,0,0,0,0,0,0
-33.63173733381243,150.64682896155227,0,1,0,0,0,0,0,0,0,0,0,0,0,0,0
-33.59930830039526,150.68958857348184,0,1,0,0,0,0,0,0,0,0,0,0,0,0,0
-33.45989040603665,150.71303449514912,0,1,0,0,0,0,0,0,0,0,0,0,0,0,0
-33.6155677326626,150.65024254401726,0,1,0,0,0,0,0,0,0,0,0,0,0,0,0
-33.6851868487244,150.724532878189,0,1,0,0,0,0,0,0,0,0,0,0,0,0,0
-33.70728530362918,150.69830219187926,0,1,0,0,0,0,0,0,0,0,0,0,0,0,0
-33.613501616960114,150.6847376931369,0,1,0,0,0,0,0,0,0,0,0,0,0,0,0
-33.58125224577794,150.69848185411428,0,1,0,0,0,0,0,0,0,0,0,0,0,0,0
-33.50085339561624,150.68958857348184,0,1,0,0,0,0,0,0,0,0,0,0,0,0,0
-33.480821056413944,150.70000898311176,0,1,0,0,0,0,0,0,0,0,0,0,0,0,0
-33.480731225296445,150.70000898311176,0,1,0,0,0,0,0,0,0,0,0,0,0,0,0
-33.430515630614444,150.6852766798419,0,1,0,0,0,0,0,0,0,0,0,0,0,0,0
-33.646379805964784,150.60784225655766,0,1,0,0,0,0,0,0,0,0,0,0,0,0,0
-33.52429931728351,150.62374236435502,0,1,0,0,0,0,0,0,0,0,0,0,0,0,0
-33.480641394178946,150.69982932087674,0,1,0,0,0,0,0,0,0,0,0,0,0,0,0
-33.71078871721164,150.62347287100252,0,1,0,0,0,0,0,0,0,0,0,0,0,0,0
-33.501482213438734,150.68949874236435,0,1,0,0,0,0,0,0,0,0,0,0,0,0,0
-33.575233560905495,150.68806144448436,0,1,0,0,0,0,0,0,0,0,0,0,0,0,0
-33.60577614085519,150.65365612648222,0,1,0,0,0,0,0,0,0,0,0,0,0,0,0
-33.710339561624146,150.70836327703915,0,1,0,0,0,0,0,0,0,0,0,0,0,0,0
-33.526275601868484,150.7050395256917,0,1,0,0,0,0,0,0,0,0,0,0,0,0,0
-33.69102587136184,150.66749011857706,0,1,0,0,0,0,0,0,0,0,0,0,0,0,0
-33.52708408192598,150.69030722242184,0,1,0,0,0,0,0,0,0,0,0,0,0,0,0
-33.526185770750985,150.7048598634567,0,1,0,0,0,0,0,0,0,0,0,0,0,0,0
-33.62598814229249,150.64835609054975,0,1,0,0,0,0,0,0,0,0,0,0,0,0,0
-33.50121272008624,150.68940891124686,0,1,0,0,0,0,0,0,0,0,0,0,0,0,0
-33.526185770750985,150.7049496945742,0,1,0,0,0,0,0,0,0,0,0,0,0,0,0
-33.63973230326985,150.68069529284944,0,1,0,0,0,0,0,0,0,0,0,0,0,0,0
-33.72327524254402,150.66784944304706,0,1,0,0,0,0,0,0,0,0,0,0,0,0,0
-33.74905677326626,150.6431458857348,0,1,0,0,0,0,0,0,0,0,0,0,0,0,0
-33.61098634567014,150.69812252964428,0,1,0,0,0,0,0,0,0,0,0,0,0,0,0
-33.597242184692774,150.68195292849444,0,1,0,0,0,0,0,0,0,0,0,0,0,0,0
-33.44929033417176,150.6349712540424,0,1,0,0,0,0,0,0,0,0,0,0,0,0,0
-33.55888429752066,150.69866151634926,0,1,0,0,0,0,0,0,0,0,0,0,0,0,0
-33.6050574919152,150.66775961192957,0,1,0,0,0,0,0,0,0,0,0,0,0,0,0
-33.6451221703198,150.5934692777578,0,1,0,0,0,0,0,0,0,0,0,0,0,0,0
-33.70692597915918,150.71213618397414,0,1,0,0,0,0,0,0,0,0,0,0,0,0,0
-33.72345490477902,150.66784944304706,0,1,0,0,0,0,0,0,0,0,0,0,0,0,0
-33.526275601868484,150.7049496945742,0,1,0,0,0,0,0,0,0,0,0,0,0,0,0
-33.70791412145167,150.72776679841897,0,1,0,0,0,0,0,0,0,0,0,0,0,0,0
-33.65185950413223,150.60676428314767,0,1,0,0,0,0,0,0,0,0,0,0,0,0,0
-33.748517786561266,150.6442238591448,0,1,0,0,0,0,0,0,0,0,0,0,0,0,0
-33.48109054976644,150.69991915199424,0,1,0,0,0,0,0,0,0,0,0,0,0,0,0
-33.52429931728351,150.62374236435502,0,1,0,0,0,0,0,0,0,0,0,0,0,0,0
-33.55017067912325,150.6760240747395,0,1,0,0,0,0,0,0,0,0,0,0,0,0,0
-33.71060905497664,150.62356270212,0,1,0,0,0,0,0,0,0,0,0,0,0,0,0
-33.61691519942508,150.73926518145885,0,1,0,0,0,0,0,0,0,0,0,0,0,0,0
-33.658507006827165,150.6058659719727,0,1,0,0,0,0,0,0,0,0,0,0,0,0,0
-33.68761228889687,150.66659180740209,0,1,0,0,0,0,0,0,0,0,0,0,0,0,0
-33.65886633129716,150.6060456342077,0,1,0,0,0,0,0,0,0,0,0,0,0,0,0
-33.579365792310455,150.6874326266619,0,1,0,0,0,0,0,0,0,0,0,0,0,0,0
-33.52411965504851,150.6236525332375,0,1,0,0,0,0,0,0,0,0,0,0,0,0,0
-33.70333273445922,150.70818361480417,0,1,0,0,0,0,0,0,0,0,0,0,0,0,0
-33.56193855551563,150.6647951850521,0,1,0,0,0,0,0,0,0,0,0,0,0,0,0
-33.6153880704276,150.69003772906936,0,1,0,0,0,0,0,0,0,0,0,0,0,0,0
-33.72336507366152,150.66775961192957,0,1,0,0,0,0,0,0,0,0,0,0,0,0,0
-33.711776859504134,150.62715594681998,0,1,0,0,0,0,0,0,0,0,0,0,0,0,0
-33.59625404240029,150.6829410707869,0,1,0,0,0,0,0,0,0,0,0,0,0,0,0
-33.50570427596119,150.68886992454185,0,1,0,0,0,0,0,0,0,0,0,0,0,0,0
-33.526275601868484,150.7049496945742,0,1,0,0,0,0,0,0,0,0,0,0,0,0,0
-33.49303808839382,150.7350431189364,0,1,0,0,0,0,0,0,0,0,0,0,0,0,0
-33.499955084441254,150.70000898311176,0,1,0,0,0,0,0,0,0,0,0,0,0,0,0
-33.501302551203736,150.68949874236435,0,1,0,0,0,0,0,0,0,0,0,0,0,0,0
-33.525826446280995,150.7043208767517,0,1,0,0,0,0,0,0,0,0,0,0,0,0,0
-33.69848185411426,150.63748652533238,0,1,0,0,0,0,0,0,0,0,0,0,0,0,0
-33.70818361480417,150.64143909450235,0,1,0,0,0,0,0,0,0,0,0,0,0,0,0
-33.62347287100251,150.68339022637443,0,1,0,0,0,0,0,0,0,0,0,0,0,0,0
-33.65904599353216,150.60595580309018,0,1,0,0,0,0,0,0,0,0,0,0,0,0,0
-33.58718109953288,150.673598634567,0,1,0,0,0,0,0,0,0,0,0,0,0,0,0
-33.48136004311893,150.69875134746675,0,1,0,0,0,0,0,0,0,0,0,0,0,0,0
-33.526275601868484,150.7048598634567,0,1,0,0,0,0,0,0,0,0,0,0,0,0,0
-33.48109054976644,150.70000898311176,0,1,0,0,0,0,0,0,0,0,0,0,0,0,0
-33.60308120733022,150.6863546532519,0,1,0,0,0,0,0,0,0,0,0,0,0,0,0
-33.710519223859144,150.6236525332375,0,1,0,0,0,0,0,0,0,0,0,0,0,0,0
-33.592750628817825,150.6841987064319,0,1,0,0,0,0,0,0,0,0,0,0,0,0,0
-33.48109054976644,150.70000898311176,0,1,0,0,0,0,0,0,0,0,0,0,0,0,0
-33.52420948616601,150.6240118577075,0,1,0,0,0,0,0,0,0,0,0,0,0,0,0
-33.501482213438734,150.68940891124686,0,1,0,0,0,0,0,0,0,0,0,0,0,0,0
-33.651590010779735,150.6062252964427,0,1,0,0,0,0,0,0,0,0,0,0,0,0,0
-33.51145346748113,150.69650556952928,0,1,0,0,0,0,0,0,0,0,0,0,0,0,0
-33.52429931728351,150.62410168882502,0,1,0,0,0,0,0,0,0,0,0,0,0,0,0
-33.49285842615882,150.7350431189364,0,1,0,0,0,0,0,0,0,0,0,0,0,0,0
-33.65994430470715,150.60703377650017,0,1,0,0,0,0,0,0,0,0,0,0,0,0,0
-33.74896694214876,150.64305605461732,0,1,0,0,0,0,0,0,0,0,0,0,0,0,0
-33.52609593963349,150.7049496945742,0,1,0,0,0,0,0,0,0,0,0,0,0,0,0
-33.52429931728351,150.6241915199425,0,1,0,0,0,0,0,0,0,0,0,0,0,0,0
-33.711687028386635,150.62679662234999,0,1,0,0,0,0,0,0,0,0,0,0,0,0,0
-33.65662055335969,150.6054168163852,0,1,0,0,0,0,0,0,0,0,0,0,0,0,0
-33.68213259072943,150.7244430470715,0,1,0,0,0,0,0,0,0,0,0,0,0,0,0
-33.69794286740927,150.28130614444845,0,0,0,1,0,0,0,0,0,0,0,0,0,0,0
-33.71599892202659,150.3660168882501,0,0,0,1,0,0,0,0,0,0,0,0,0,0,0
-33.39997305066475,150.2660348544736,0,0,0,1,0,0,0,0,0,0,0,0,0,0,0
-33.60002694933525,150.33295903701043,0,0,0,1,0,0,0,0,0,0,0,0,0,0,0
-33.653296802012214,150.39027128997483,0,0,0,1,0,0,0,0,0,0,0,0,0,0,0
-33.499955084441254,150.50004491555876,0,0,0,1,0,0,0,0,0,0,0,0,0,0,0
-33.67027488321955,150.3455353934603,0,0,0,1,0,0,0,0,0,0,0,0,0,0,0
-33.70000898311175,150.3660168882501,0,0,0,1,0,0,0,0,0,0,0,0,0,0,0
-33.73189902982393,150.45000898311176,0,0,0,1,0,0,0,0,0,0,0,0,0,0,0
-33.29999101688825,150.58295903701043,0,0,0,1,0,0,0,0,0,0,0,0,0,0,0
-33.70396155228171,150.30187747035572,0,0,0,1,0,0,0,0,0,0,0,0,0,0,0
-33.709351419331654,150.59840998922027,0,0,0,1,0,0,0,0,0,0,0,0,0,0,0
-33.71752605102407,150.45998023715416,0,0,0,1,0,0,0,0,0,0,0,0,0,0,0
-33.266573841178584,150.61826266618758,0,0,0,1,0,0,0,0,0,0,0,0,0,0,0
-33.71788537549407,150.42701221703197,0,0,0,1,0,0,0,0,0,0,0,0,0,0,0
-33.74070247933884,150.46599892202659,0,0,0,1,0,0,0,0,0,0,0,0,0,0,0
-33.6346119295724,150.29199604743084,0,0,0,1,0,0,0,0,0,0,0,0,0,0,0
-33.718604024434065,150.74627200862378,0,0,0,1,0,0,0,0,0,0,0,0,0,0,0
-33.706207330219186,150.49124146604385,0,0,0,1,0,0,0,0,0,0,0,0,0,0,0
-33.44174452030183,150.28049766439094,0,0,0,1,0,0,0,0,0,0,0,0,0,0,0
-33.44785303629177,150.29936219906577,0,0,0,1,0,0,0,0,0,0,0,0,0,0,0
-33.71357348185411,150.3347556593604,0,0,0,1,0,0,0,0,0,0,0,0,0,0,0
-33.36673553719008,150.70899209486166,0,0,0,1,0,0,0,0,0,0,0,0,0,0,0
-33.73306683435142,150.63299496945743,0,0,0,1,0,0,0,0,0,0,0,0,0,0,0
-33.68240208408193,150.3033147682357,0,0,0,1,0,0,0,0,0,0,0,0,0,0,0
-33.695427596119295,150.55241645706073,0,0,0,1,0,0,0,0,0,0,0,0,0,0,0
-33.69704455623428,150.55726733740568,0,0,0,1,0,0,0,0,0,0,0,0,0,0,0
-33.65185950413223,150.39260689902983,0,0,0,1,0,0,0,0,0,0,0,0,0,0,0
-33.70018864534675,150.71860402443406,0,0,0,1,0,0,0,0,0,0,0,0,0,0,0
-33.626796622349985,150.35784225655766,0,0,0,1,0,0,0,0,0,0,0,0,0,0,0
-33.44857168523176,150.29927236794825,0,0,0,1,0,0,0,0,0,0,0,0,0,0,0
-33.44758354293928,150.29909270571326,0,0,0,1,0,0,0,0,0,0,0,0,0,0,0
-33.685636004311895,150.3047520661157,0,0,0,1,0,0,0,0,0,0,0,0,0,0,0
-33.70045813869925,150.5841268415379,0,0,0,1,0,0,0,0,0,0,0,0,0,0,0
-33.662459575997126,150.4656395975566,0,0,0,1,0,0,0,0,0,0,0,0,0,0,0
-33.41587315846209,150.26181279195114,0,0,0,1,0,0,0,0,0,0,0,0,0,0,0
-33.706297161336686,150.36619655048509,0,0,0,1,0,0,0,0,0,0,0,0,0,0,0
-33.70171577434423,150.70917175709667,0,0,0,1,0,0,0,0,0,0,0,0,0,0,0
-33.38865432985986,150.2645975565936,0,0,0,1,0,0,0,0,0,0,0,0,0,0,0
-33.749775422206255,150.4651006108516,0,0,0,1,0,0,0,0,0,0,0,0,0,0,0
-33.73405497664391,150.43168343514193,0,0,0,1,0,0,0,0,0,0,0,0,0,0,0
-33.505614444843694,150.375,0,0,0,1,0,0,0,0,0,0,0,0,0,0,0
-33.72857527847646,150.62347287100252,0,0,0,1,0,0,0,0,0,0,0,0,0,0,0
-33.372844053180025,150.74923643550125,0,0,0,1,0,0,0,0,0,0,0,0,0,0,0
-33.69964965864175,150.38443226733742,0,0,0,1,0,0,0,0,0,0,0,0,0,0,0
-33.62643729787999,150.74797879985627,0,0,0,1,0,0,0,0,0,0,0,0,0,0,0
-33.53175530003593,150.30115882141573,0,0,0,1,0,0,0,0,0,0,0,0,0,0,0
-33.598320158102766,150.26253144089114,0,0,0,1,0,0,0,0,0,0,0,0,0,0,0
-33.60442867409271,150.3366421128279,0,0,0,1,0,0,0,0,0,0,0,0,0,0,0
-33.53301293568092,150.33295903701043,0,0,0,1,0,0,0,0,0,0,0,0,0,0,0
-33.476688825008985,150.46698706431908,0,0,0,1,0,0,0,0,0,0,0,0,0,0,0
-33.506872080488684,150.37140675530003,0,0,0,1,0,0,0,0,0,0,0,0,0,0,0
-33.74124146604384,150.46698706431908,0,0,0,1,0,0,0,0,0,0,0,0,0,0,0
-33.70575817463169,150.3660168882501,0,0,0,1,0,0,0,0,0,0,0,0,0,0,0
-33.70998023715415,150.60173374056774,0,0,0,1,0,0,0,0,0,0,0,0,0,0,0
-33.55681818181818,150.28939094502334,0,0,0,1,0,0,0,0,0,0,0,0,0,0,0
-33.6347915918074,150.61197448796264,0,0,0,1,0,0,0,0,0,0,0,0,0,0,0
-33.53786381602587,150.42279015450953,0,0,0,1,0,0,0,0,0,0,0,0,0,0,0
-33.69964965864175,150.3846119295724,0,0,0,1,0,0,0,0,0,0,0,0,0,0,0
-33.39027128997485,150.26441789435862,0,0,0,1,0,0,0,0,0,0,0,0,0,0,0
-33.51378907653611,150.57936579231045,0,0,0,1,0,0,0,0,0,0,0,0,0,0,0
-33.3655677326626,150.70998023715416,0,0,0,1,0,0,0,0,0,0,0,0,0,0,0
-33.69866151634926,150.3654779015451,0,0,0,1,0,0,0,0,0,0,0,0,0,0,0
-33.72597017606899,150.29999101688824,0,0,0,1,0,0,0,0,0,0,0,0,0,0,0
-33.44686489399928,150.30035034135824,0,0,0,1,0,0,0,0,0,0,0,0,0,0,0
-33.30681818181818,150.70144628099175,0,0,0,1,0,0,0,0,0,0,0,0,0,0,0
-33.73010240747395,150.6232932087675,0,0,0,1,0,0,0,0,0,0,0,0,0,0,0
-33.70791412145167,150.29199604743084,0,0,0,1,0,0,0,0,0,0,0,0,0,0,0
-33.698212360761765,150.71878368666907,0,0,0,1,0,0,0,0,0,0,0,0,0,0,0
-33.30286561264822,150.65859683794466,0,0,0,1,0,0,0,0,0,0,0,0,0,0,0
-33.573526769673016,150.71599892202659,0,0,0,1,0,0,0,0,0,0,0,0,0,0,0
-33.7151006108516,150.31696909809557,0,0,0,1,0,0,0,0,0,0,0,0,0,0,0
-33.71087854832914,150.36799317283507,0,0,0,1,0,0,0,0,0,0,0,0,0,0,0
-33.50732123607618,150.37149658641752,0,0,0,1,0,0,0,0,0,0,0,0,0,0,0
-33.39027128997485,150.26441789435862,0,0,0,1,0,0,0,0,0,0,0,0,0,0,0
-33.69776320517427,150.4854024434064,0,0,0,1,0,0,0,0,0,0,0,0,0,0,0
-33.41605282069709,150.26172296083362,0,0,0,1,0,0,0,0,0,0,0,0,0,0,0
-33.6948886094143,150.54702659001077,0,0,0,1,0,0,0,0,0,0,0,0,0,0,0
-33.70198526769673,150.33071325907295,0,0,0,1,0,0,0,0,0,0,0,0,0,0,0
-33.749685591088756,150.4650107797341,0,0,0,1,0,0,0,0,0,0,0,0,0,0,0
-33.45189543657923,150.28292310456342,0,0,0,1,0,0,0,0,0,0,0,0,0,0,0
-33.633623787279916,150.29199604743084,0,0,0,1,0,0,0,0,0,0,0,0,0,0,0
-33.709261588214154,150.59885914480776,0,0,0,1,0,0,0,0,0,0,0,0,0,0,0
-33.597062522457776,150.26145346748115,0,0,0,1,0,0,0,0,0,0,0,0,0,0,0
-33.69219367588933,150.53004850880345,0,0,0,1,0,0,0,0,0,0,0,0,0,0,0
-33.71923284225656,150.29882321236076,0,0,0,1,0,0,0,0,0,0,0,0,0,0,0
-33.70782429033417,150.29199604743084,0,0,0,1,0,0,0,0,0,0,0,0,0,0,0
-33.71878368666906,150.3849712540424,0,0,0,1,0,0,0,0,0,0,0,0,0,0,0
-33.29145706072583,150.65868666906215,0,0,0,1,0,0,0,0,0,0,0,0,0,0,0
-33.739085519223856,150.6037100251527,0,0,0,1,0,0,0,0,0,0,0,0,0,0,0
-33.72597017606899,150.46015989938914,0,0,0,1,0,0,0,0,0,0,0,0,0,0,0
-33.59616421128279,150.3355641394179,0,0,0,1,0,0,0,0,0,0,0,0,0,0,0
-33.45719547251168,150.60263205174272,0,0,0,1,0,0,0,0,0,0,0,0,0,0,0
-33.709261588214154,150.59840998922027,0,0,0,1,0,0,0,0,0,0,0,0,0,0,0
-33.7154599353216,150.42997664390944,0,0,0,1,0,0,0,0,0,0,0,0,0,0,0
-33.47875494071146,150.52367049946102,0,0,0,1,0,0,0,0,0,0,0,0,0,0,0
-33.700817463169244,150.57199964067553,0,0,0,1,0,0,0,0,0,0,0,0,0,0,0
-33.482168523176426,150.32101149838303,0,0,0,1,0,0,0,0,0,0,0,0,0,0,0
-33.46788537549407,150.473454904779,0,0,0,1,0,0,0,0,0,0,0,0,0,0,0
-33.68617499101689,150.5344502335609,0,0,0,1,0,0,0,0,0,0,0,0,0,0,0
-33.7147412863816,150.31840639597556,0,0,0,1,0,0,0,0,0,0,0,0,0,0,0
-33.60847107438016,150.72228710025152,0,0,0,1,0,0,0,0,0,0,0,0,0,0,0
-33.702254761049225,150.723814229249,0,0,0,1,0,0,0,0,0,0,0,0,0,0,0
-33.74267876392382,150.47947358965146,0,0,0,1,0,0,0,0,0,0,0,0,0,0,0
-33.69102587136184,150.37158641753504,0,0,0,1,0,0,0,0,0,0,0,0,0,0,0
-33.72093963348904,150.29388250089832,0,0,0,1,0,0,0,0,0,0,0,0,0,0,0
-33.70297340998922,150.6174541861301,0,0,0,1,0,0,0,0,0,0,0,0,0,0,0
-33.43015630614445,150.26046532518865,0,0,0,1,0,0,0,0,0,0,0,0,0,0,0
-33.63003054257995,150.27995867768595,0,0,0,1,0,0,0,0,0,0,0,0,0,0,0
-33.33987603305785,150.26980776140854,0,0,0,1,0,0,0,0,0,0,0,0,0,0,0
-33.715819259791594,150.32649119655048,0,0,0,1,0,0,0,0,0,0,0,0,0,0,0
-33.700637800934246,150.72965325188645,0,0,0,1,0,0,0,0,0,0,0,0,0,0,0
-33.70018864534675,150.3965594681998,0,0,0,1,0,0,0,0,0,0,0,0,0,0,0
-33.704859863456704,150.31445382680562,0,0,0,1,0,0,0,0,0,0,0,0,0,0,0
-33.70189543657923,150.37113726194755,0,0,0,1,0,0,0,0,0,0,0,0,0,0,0
-33.700727632051745,150.4837854832914,0,0,0,1,0,0,0,0,0,0,0,0,0,0,0
-33.714381961911606,150.3633219547251,0,0,0,1,0,0,0,0,0,0,0,0,0,0,0
-33.53786381602587,150.4133578871721,0,0,0,1,0,0,0,0,0,0,0,0,0,0,0
-33.69363097376932,150.7240837226015,0,0,0,1,0,0,0,0,0,0,0,0,0,0,0
-33.64727811713978,150.2670229967661,0,0,0,1,0,0,0,0,0,0,0,0,0,0,0
-33.70252425440172,150.5649928135106,0,0,0,1,0,0,0,0,0,0,0,0,0,0,0
-33.704680201221706,150.3147233201581,0,0,0,1,0,0,0,0,0,0,0,0,0,0,0
-33.70288357887172,150.28597736255838,0,0,0,1,0,0,0,0,0,0,0,0,0,0,0
-33.68886992454186,150.32038268056056,0,0,0,1,0,0,0,0,0,0,0,0,0,0,0
-33.69605641394179,150.7149209486166,0,0,0,1,0,0,0,0,0,0,0,0,0,0,0
-33.448392022996764,150.29909270571326,0,0,0,1,0,0,0,0,0,0,0,0,0,0,0
-33.69911067193676,150.5843963348904,0,0,0,1,0,0,0,0,0,0,0,0,0,0,0
-33.457554796981675,150.72363456701402,0,0,0,1,0,0,0,0,0,0,0,0,0,0,0
-33.72210743801653,150.43042579949696,0,0,0,1,0,0,0,0,0,0,0,0,0,0,0
-33.69973948975925,150.5841268415379,0,0,0,1,0,0,0,0,0,0,0,0,0,0,0
-33.69749371182178,150.71923284225656,0,0,0,1,0,0,0,0,0,0,0,0,0,0,0
-33.71348365073661,150.33646245059288,0,0,0,1,0,0,0,0,0,0,0,0,0,0,0
-33.74303808839382,150.61386094143012,0,0,0,1,0,0,0,0,0,0,0,0,0,0,0
-33.69929033417176,150.32343693855552,0,0,0,1,0,0,0,0,0,0,0,0,0,0,0
-33.70036830758175,150.58403701042042,0,0,0,1,0,0,0,0,0,0,0,0,0,0,0
-33.707554796981675,150.49303808839383,0,0,0,1,0,0,0,0,0,0,0,0,0,0,0
-33.67090370104204,150.69111570247935,0,0,0,1,0,0,0,0,0,0,0,0,0,0,0
-33.73791771469637,150.44812252964428,0,0,0,1,0,0,0,0,0,0,0,0,0,0,0
-33.709261588214154,150.59876931369027,0,0,0,1,0,0,0,0,0,0,0,0,0,0,0
-33.69982932087675,150.5841268415379,0,0,0,1,0,0,0,0,0,0,0,0,0,0,0
-33.66030362917715,150.48710923463887,0,0,0,1,0,0,0,0,0,0,0,0,0,0,0
-33.306099532878186,150.70090729428674,0,0,0,1,0,0,0,0,0,0,0,0,0,0,0
-33.69201401365433,150.52977901545094,0,0,0,1,0,0,0,0,0,0,0,0,0,0,0
-33.706207330219186,150.71249550844414,0,0,0,1,0,0,0,0,0,0,0,0,0,0,0
-33.70665648580668,150.54801473230327,0,0,0,1,0,0,0,0,0,0,0,0,0,0,0
-33.67108336327704,150.48998383039884,0,0,0,1,0,0,0,0,0,0,0,0,0,0,0
-33.43886992454186,150.51944843693855,0,0,0,1,0,0,0,0,0,0,0,0,0,0,0
-33.69866151634926,150.38793568091987,0,0,0,1,0,0,0,0,0,0,0,0,0,0,0
-33.729383758533956,150.38919331656487,0,0,0,1,0,0,0,0,0,0,0,0,0,0,0
-33.506872080488684,150.37140675530003,0,0,0,1,0,0,0,0,0,0,0,0,0,0,0
-33.692463169241826,150.30618936399568,0,0,0,1,0,0,0,0,0,0,0,0,0,0,0
-33.71060905497664,150.49348724398132,0,0,0,1,0,0,0,0,0,0,0,0,0,0,0
-33.69219367588933,150.52968918433345,0,0,0,1,0,0,0,0,0,0,0,0,0,0,0
-33.700727632051745,150.5844861660079,0,0,0,1,0,0,0,0,0,0,0,0,0,0,0
-33.44237333812433,150.28004850880345,0,0,0,1,0,0,0,0,0,0,0,0,0,0,0
-33.69866151634926,150.3654779015451,0,0,0,1,0,0,0,0,0,0,0,0,0,0,0
-33.41901724757456,150.26298059647863,0,0,0,1,0,0,0,0,0,0,0,0,0,0,0
-33.74142112827884,150.6133219547251,0,0,0,1,0,0,0,0,0,0,0,0,0,0,0
-33.678719008264466,150.7447448796263,0,0,0,1,0,0,0,0,0,0,0,0,0,0,0
-33.66856809198706,150.68869026230686,0,0,0,1,0,0,0,0,0,0,0,0,0,0,0
-33.592750628817825,150.26405856988862,0,0,0,1,0,0,0,0,0,0,0,0,0,0,0
-33.70944125044915,150.59840998922027,0,0,0,1,0,0,0,0,0,0,0,0,0,0,0
-33.72219726913403,150.47677865612647,0,0,0,1,0,0,0,0,0,0,0,0,0,0,0
-33.69704455623428,150.54253503413582,0,0,0,1,0,0,0,0,0,0,0,0,0,0,0
-33.668208767517065,150.2549856270212,0,0,0,1,0,0,0,0,0,0,0,0,0,0,0
-33.311489399928135,150.67719187926699,0,0,0,1,0,0,0,0,0,0,0,0,0,0,0
-33.70000898311175,150.5843065037729,0,0,0,1,0,0,0,0,0,0,0,0,0,0,0
-33.73010240747395,150.4839651455264,0,0,0,1,0,0,0,0,0,0,0,0,0,0,0
-33.5050754581387,150.37176607977003,0,0,0,1,0,0,0,0,0,0,0,0,0,0,0
-33.700637800934246,150.5838573481854,0,0,0,1,0,0,0,0,0,0,0,0,0,0,0
-33.633713618397415,150.2929841897233,0,0,0,1,0,0,0,0,0,0,0,0,0,0,0
-33.70009881422925,150.5841268415379,0,0,0,1,0,0,0,0,0,0,0,0,0,0,0
-33.506782249371184,150.37140675530003,0,0,0,1,0,0,0,0,0,0,0,0,0,0,0
-33.69282249371182,150.4076086956522,0,0,0,1,0,0,0,0,0,0,0,0,0,0,0
-33.69991915199425,150.5842166726554,0,0,0,1,0,0,0,0,0,0,0,0,0,0,0
-33.41632231404959,150.26100431189363,0,0,0,1,0,0,0,0,0,0,0,0,0,0,0
-33.73109054976644,150.3859593963349,0,0,0,1,0,0,0,0,0,0,0,0,0,0,0
-33.62643729787999,150.27870104204095,0,0,0,1,0,0,0,0,0,0,0,0,0,0,0
-33.700727632051745,150.5838573481854,0,0,0,1,0,0,0,0,0,0,0,0,0,0,0
-33.743307581746315,150.63380344951491,0,0,0,1,0,0,0,0,0,0,0,0,0,0,0
-33.555830039525695,150.60254222062522,0,0,0,1,0,0,0,0,0,0,0,0,0,0,0
-33.71303449514912,150.31086058210565,0,0,0,1,0,0,0,0,0,0,0,0,0,0,0
-33.72588034495149,150.32972511678045,0,0,0,1,0,0,0,0,0,0,0,0,0,0,0
-33.726598993891486,150.34194214876032,0,0,0,1,0,0,0,0,0,0,0,0,0,0,0
-33.69884117858426,150.36556773266258,0,0,0,1,0,0,0,0,0,0,0,0,0,0,0
-33.69704455623428,150.55735716852317,0,0,0,1,0,0,0,0,0,0,0,0,0,0,0
-33.72192777578153,150.59760150916279,0,0,0,1,0,0,0,0,0,0,0,0,0,0,0
-33.706386992454185,150.54801473230327,0,0,0,1,0,0,0,0,0,0,0,0,0,0,0
-33.71779554437657,150.45998023715416,0,0,0,1,0,0,0,0,0,0,0,0,0,0,0
-33.7251616960115,150.49079231045633,0,0,0,1,0,0,0,0,0,0,0,0,0,0,0
-33.69776320517427,150.4845041322314,0,0,0,1,0,0,0,0,0,0,0,0,0,0,0
-33.69327164929932,150.3029554437657,0,0,0,1,0,0,0,0,0,0,0,0,0,0,0
-33.55367409270571,150.27995867768595,0,0,0,1,0,0,0,0,0,0,0,0,0,0,0
-33.639372978799855,150.39835609054975,0,0,0,1,0,0,0,0,0,0,0,0,0,0,0
-33.553314768235715,150.2933435141933,0,0,0,1,0,0,0,0,0,0,0,0,0,0,0
-33.73324649658642,150.74249910168882,0,0,0,1,0,0,0,0,0,0,0,0,0,0,0
-33.66057312252964,150.6942597915918,0,0,0,1,0,0,0,0,0,0,0,0,0,0,0
-33.594457420050304,150.25184153790875,0,0,0,1,0,0,0,0,0,0,0,0,0,0,0
-33.70009881422925,150.72893460294645,0,0,0,1,0,0,0,0,0,0,0,0,0,0,0
-33.68285123966942,150.4947448796263,0,0,0,1,0,0,0,0,0,0,0,0,0,0,0
-33.633803449514915,150.29100790513834,0,0,0,1,0,0,0,0,0,0,0,0,0,0,0
-33.734953287818904,150.62014911965505,0,0,0,1,0,0,0,0,0,0,0,0,0,0,0
-33.667669780812076,150.2539974847287,0,0,0,1,0,0,0,0,0,0,0,0,0,0,0
-33.733695652173914,150.48180919870643,0,0,0,1,0,0,0,0,0,0,0,0,0,0,0
-33.49025332375135,150.5154958677686,0,0,0,1,0,0,0,0,0,0,0,0,0,0,0
-33.70611749910169,150.27232303269852,0,0,0,1,0,0,0,0,0,0,0,0,0,0,0
-33.73180919870643,150.43446819978442,0,0,0,1,0,0,0,0,0,0,0,0,0,0,0
-33.70000898311175,150.25238052461373,0,0,0,1,0,0,0,0,0,0,0,0,0,0,0
-33.71959216672656,150.56696909809557,0,0,0,1,0,0,0,0,0,0,0,0,0,0,0
-33.702254761049225,150.57918613007547,0,0,0,1,0,0,0,0,0,0,0,0,0,0,0
-33.70018864534675,150.7150107797341,0,0,0,1,0,0,0,0,0,0,0,0,0,0,0
-33.71213618397413,150.37356270212,0,0,0,1,0,0,0,0,0,0,0,0,0,0,0
-33.687342795544374,150.54999101688824,0,0,0,1,0,0,0,0,0,0,0,0,0,0,0
-33.38802551203737,150.2659450233561,0,0,0,1,0,0,0,0,0,0,0,0,0,0,0
-33.70566834351419,150.3663762127201,0,0,0,1,0,0,0,0,0,0,0,0,0,0,0
-33.51801113905857,150.58367768595042,0,0,0,1,0,0,0,0,0,0,0,0,0,0,0
-33.69003772906935,150.72291591807402,0,0,0,1,0,0,0,0,0,0,0,0,0,0,0
-33.631108515989936,150.33610312612288,0,0,0,1,0,0,0,0,0,0,0,0,0,0,0
-33.70611749910169,150.44731404958677,0,0,0,1,0,0,0,0,0,0,0,0,0,0,0
-33.50732123607618,150.37140675530003,0,0,0,1,0,0,0,0,0,0,0,0,0,0,0
-33.69848185411426,150.48809737693136,0,0,0,1,0,0,0,0,0,0,0,0,0,0,0
-33.5548418972332,150.6039795185052,0,0,0,1,0,0,0,0,0,0,0,0,0,0,0
-33.71060905497664,150.60227272727272,0,0,0,1,0,0,0,0,0,0,0,0,0,0,0
-33.70207509881423,150.57927596119296,0,0,0,1,0,0,0,0,0,0,0,0,0,0,0
-33.74779913762127,150.46294466403162,0,0,0,1,0,0,0,0,0,0,0,0,0,0,0
-33.704770032339205,150.3146334890406,0,0,0,1,0,0,0,0,0,0,0,0,0,0,0
-33.70171577434423,150.29675709665827,0,0,0,1,0,0,0,0,0,0,0,0,0,0,0
-33.668208767517065,150.39539166367229,0,0,0,1,0,0,0,0,0,0,0,0,0,0,0
-33.70018864534675,150.5841268415379,0,0,0,1,0,0,0,0,0,0,0,0,0,0,0
-33.553404599353215,150.74995508444124,0,0,0,1,0,0,0,0,0,0,0,0,0,0,0
-33.74411606180381,150.62832375134747,0,0,0,1,0,0,0,0,0,0,0,0,0,0,0
-33.70018864534675,150.58394717930292,0,0,0,1,0,0,0,0,0,0,0,0,0,0,0
-33.50974667624865,150.56373517786562,0,0,0,1,0,0,0,0,0,0,0,0,0,0,0
-33.70045813869925,150.5841268415379,0,0,0,1,0,0,0,0,0,0,0,0,0,0,0
-33.7049496945742,150.70971074380165,0,0,0,1,0,0,0,0,0,0,0,0,0,0,0
-33.555830039525695,150.60254222062522,0,0,0,1,0,0,0,0,0,0,0,0,0,0,0
-33.72606000718649,150.46033956162415,0,0,0,1,0,0,0,0,0,0,0,0,0,0,0
-33.71959216672656,150.3365522817104,0,0,0,1,0,0,0,0,0,0,0,0,0,0,0
-33.71285483291412,150.45369205892922,0,0,0,1,0,0,0,0,0,0,0,0,0,0,0
-33.6547340998922,150.5154958677686,0,0,0,1,0,0,0,0,0,0,0,0,0,0,0
-33.49618217750629,150.51908911246855,0,0,0,1,0,0,0,0,0,0,0,0,0,0,0
-33.70899209486166,150.375,0,0,0,1,0,0,0,0,0,0,0,0,0,0,0
-33.30403341717571,150.65841717570967,0,0,0,1,0,0,0,0,0,0,0,0,0,0,0
-33.695427596119295,150.55250628817822,0,0,0,1,0,0,0,0,0,0,0,0,0,0,0
-33.71357348185411,150.6044286740927,0,0,0,1,0,0,0,0,0,0,0,0,0,0,0
-33.6846478620194,150.30843514193316,0,0,0,1,0,0,0,0,0,0,0,0,0,0,0
-33.61727452389508,150.30798598634567,0,0,0,1,0,0,0,0,0,0,0,0,0,0,0
-33.71797520661157,150.42701221703197,0,0,0,1,0,0,0,0,0,0,0,0,0,0,0
-33.56580129356809,150.5872709306504,0,0,0,1,0,0,0,0,0,0,0,0,0,0,0
-33.721478620194034,150.4443496227093,0,0,0,1,0,0,0,0,0,0,0,0,0,0,0
-33.72363456701402,150.37122709306504,0,0,0,1,0,0,0,0,0,0,0,0,0,0,0
-33.72291591807402,150.47597017606898,0,0,0,1,0,0,0,0,0,0,0,0,0,0,0
-33.60730326985268,150.32945562342795,0,0,0,1,0,0,0,0,0,0,0,0,0,0,0
-33.71375314408911,150.62032878189004,0,0,0,1,0,0,0,0,0,0,0,0,0,0,0
-33.49420589292131,150.35595580309018,0,0,0,1,0,0,0,0,0,0,0,0,0,0,0
-33.71420229967661,150.5741555874955,0,0,0,1,0,0,0,0,0,0,0,0,0,0,0
-33.69300215594682,150.3243352497305,0,0,0,1,0,0,0,0,0,0,0,0,0,0,0
-33.71276500179662,150.60281171397773,0,0,0,1,0,0,0,0,0,0,0,0,0,0,0
-33.70818361480417,150.6140406036651,0,0,0,1,0,0,0,0,0,0,0,0,0,0,0
-33.69111570247934,150.28948077614086,0,0,0,1,0,0,0,0,0,0,0,0,0,0,0
-33.506602587136186,150.37140675530003,0,0,0,1,0,0,0,0,0,0,0,0,0,0,0
-33.646469637082284,150.28903162055337,0,0,0,1,0,0,0,0,0,0,0,0,0,0,0
-33.74752964426877,150.62446101329502,0,0,0,1,0,0,0,0,0,0,0,0,0,0,0
-33.67557491915199,150.54702659001077,0,0,0,1,0,0,0,0,0,0,0,0,0,0,0
-33.69587675170679,150.55169780812074,0,0,0,1,0,0,0,0,0,0,0,0,0,0,0
-33.30915379087316,150.33996586417535,0,0,0,1,0,0,0,0,0,0,0,0,0,0,0
-33.6151185770751,150.7345041322314,0,0,0,1,0,0,0,0,0,0,0,0,0,0,0
-33.70405138339921,150.30160797700324,0,0,0,1,0,0,0,0,0,0,0,0,0,0,0
-33.69857168523176,150.72318541142653,0,0,0,1,0,0,0,0,0,0,0,0,0,0,0
-33.721388789076535,150.35281171397773,0,0,0,1,0,0,0,0,0,0,0,0,0,0,0
-33.5852048149479,150.25803988501616,0,0,0,1,0,0,0,0,0,0,0,0,0,0,0
-33.5947269134028,150.26001616960116,0,0,0,1,0,0,0,0,0,0,0,0,0,0,0
-33.69803269852677,150.71914301113907,0,0,0,1,0,0,0,0,0,0,0,0,0,0,0
-33.50857887172116,150.3750898311175,0,0,0,1,0,0,0,0,0,0,0,0,0,0,0
-33.71258533956163,150.45405138339922,0,0,0,1,0,0,0,0,0,0,0,0,0,0,0
-33.621496586417535,150.27861121092346,0,0,0,1,0,0,0,0,0,0,0,0,0,0,0
-33.68267157743443,150.3036740927057,0,0,0,1,0,0,0,0,0,0,0,0,0,0,0
-33.71914301113906,150.33340819259791,0,0,0,1,0,0,0,0,0,0,0,0,0,0,0
-33.68285123966942,150.44991915199424,0,0,0,1,0,0,0,0,0,0,0,0,0,0,0
-33.694080129356806,150.49007366151636,0,0,0,1,0,0,0,0,0,0,0,0,0,0,0
-33.69300215594682,150.32442508084802,0,0,0,1,0,0,0,0,0,0,0,0,0,0,0
-33.506872080488684,150.37131692418254,0,0,0,1,0,0,0,0,0,0,0,0,0,0,0
-33.38802551203737,150.2659450233561,0,0,0,1,0,0,0,0,0,0,0,0,0,0,0
-33.704770032339205,150.3146334890406,0,0,0,1,0,0,0,0,0,0,0,0,0,0,0
-33.70018864534675,150.4845939633489,0,0,0,1,0,0,0,0,0,0,0,0,0,0,0
-33.63173733381243,150.5441519942508,0,0,0,1,0,0,0,0,0,0,0,0,0,0,0
-33.70036830758175,150.5841268415379,0,0,0,1,0,0,0,0,0,0,0,0,0,0,0
-33.39242723679482,150.2750179662235,0,0,0,1,0,0,0,0,0,0,0,0,0,0,0
-33.72579051383399,150.29999101688824,0,0,0,1,0,0,0,0,0,0,0,0,0,0,0
-33.48109054976644,150.54900287459577,0,0,0,1,0,0,0,0,0,0,0,0,0,0,0
-33.44848185411426,150.29918253683076,0,0,0,1,0,0,0,0,0,0,0,0,0,0,0
-33.692553000359325,150.72138878907654,0,0,0,1,0,0,0,0,0,0,0,0,0,0,0
-33.499955084441254,150.38335429392743,0,0,0,1,0,0,0,0,0,0,0,0,0,0,0
-33.63335429392742,150.31301652892563,0,0,0,1,0,0,0,0,0,0,0,0,0,0,0
-33.63434243621991,150.31238771110313,0,0,0,1,0,0,0,0,0,0,0,0,0,0,0
-33.73890585698886,150.46114804168164,0,0,0,1,0,0,0,0,0,0,0,0,0,0,0
-33.499955084441254,150.38299496945743,0,0,0,1,0,0,0,0,0,0,0,0,0,0,0
-33.70144628099174,150.5865522817104,0,0,0,1,0,0,0,0,0,0,0,0,0,0,0
-33.70683614804168,150.37877290693496,0,0,0,1,0,0,0,0,0,0,0,0,0,0,0
-33.689678404599356,150.49151095939632,0,0,0,1,0,0,0,0,0,0,0,0,0,0,0
-33.7052191879267,150.56202838663313,0,0,0,1,0,0,0,0,0,0,0,0,0,0,0
-33.6645256916996,150.28301293568092,0,0,0,1,0,0,0,0,0,0,0,0,0,0,0
-33.73890585698886,150.46896334890405,0,0,0,1,0,0,0,0,0,0,0,0,0,0,0
-33.506782249371184,150.37149658641752,0,0,0,1,0,0,0,0,0,0,0,0,0,0,0
-33.69875134746676,150.3654779015451,0,0,0,1,0,0,0,0,0,0,0,0,0,0,0
-33.73962450592885,150.5842166726554,0,0,0,1,0,0,0,0,0,0,0,0,0,0,0
-33.554482572763206,150.70144628099175,0,0,0,1,0,0,0,0,0,0,0,0,0,0,0
-33.6351509162774,150.3040334171757,0,0,0,1,0,0,0,0,0,0,0,0,0,0,0
-33.683390226374414,150.3053808839382,0,0,0,1,0,0,0,0,0,0,0,0,0,0,0
-33.74420589292131,150.63155767157744,0,0,0,1,0,0,0,0,0,0,0,0,0,0,0
-33.698392022996764,150.36556773266258,0,0,0,1,0,0,0,0,0,0,0,0,0,0,0
-33.45441070786921,150.56732842256557,0,0,0,1,0,0,0,0,0,0,0,0,0,0,0
-33.69866151634926,150.36556773266258,0,0,0,1,0,0,0,0,0,0,0,0,0,0,0
-33.682761408551926,150.55825547969818,0,0,0,1,0,0,0,0,0,0,0,0,0,0,0
-33.7246227093065,150.43348005749192,0,0,0,1,0,0,0,0,0,0,0,0,0,0,0
-33.723724398131516,150.4447089471793,0,0,0,1,0,0,0,0,0,0,0,0,0,0,0
-33.700817463169244,150.25157204455624,0,0,0,1,0,0,0,0,0,0,0,0,0,0,0
-33.73962450592885,150.4470445562343,0,0,0,1,0,0,0,0,0,0,0,0,0,0,0
-33.66174092705713,150.55178763923823,0,0,0,1,0,0,0,0,0,0,0,0,0,0,0
-33.326401365432986,150.64170858785482,0,0,0,1,0,0,0,0,0,0,0,0,0,0,0
-33.71087854832914,150.56768774703556,0,0,0,1,0,0,0,0,0,0,0,0,0,0,0
-33.70701581027668,150.37868307581746,0,0,0,1,0,0,0,0,0,0,0,0,0,0,0
-33.73028206970895,150.45926158821416,0,0,0,1,0,0,0,0,0,0,0,0,0,0,0
-33.71905318002156,150.46968199784405,0,0,0,1,0,0,0,0,0,0,0,0,0,0,0
-33.655722242184694,150.5547520661157,0,0,0,1,0,0,0,0,0,0,0,0,0,0,0
-33.687163133309376,150.54999101688824,0,0,0,1,0,0,0,0,0,0,0,0,0,0,0
-33.72740747394898,150.29819439453826,0,0,0,1,0,0,0,0,0,0,0,0,0,0,0
-33.2751976284585,150.66263923823212,0,0,0,1,0,0,0,0,0,0,0,0,0,0,0
-33.61601688825009,150.3159809558031,0,0,0,1,0,0,0,0,0,0,0,0,0,0,0
-33.633713618397415,150.29208587854833,0,0,0,1,0,0,0,0,0,0,0,0,0,0,0
-33.27825188645347,150.66847826086956,0,0,0,1,0,0,0,0,0,0,0,0,0,0,0
-33.26028566295365,150.27995867768595,0,0,0,1,0,0,0,0,0,0,0,0,0,0,0
-33.71950233560906,150.56696909809557,0,0,0,1,0,0,0,0,0,0,0,0,0,0,0
-33.74950592885376,150.4463259072943,0,0,0,1,0,0,0,0,0,0,0,0,0,0,0
-33.71950233560906,150.30079949694573,0,0,0,1,0,0,0,0,0,0,0,0,0,0,0
-33.547835070068274,150.25902802730866,0,0,0,1,0,0,0,0,0,0,0,0,0,0,0
-33.69875134746676,150.3652982393101,0,0,0,1,0,0,0,0,0,0,0,0,0,0,0
-33.49645167085878,150.51926877470356,0,0,0,1,0,0,0,0,0,0,0,0,0,0,0
-33.44237333812433,150.28004850880345,0,0,0,1,0,0,0,0,0,0,0,0,0,0,0
-33.70180560546173,150.5649928135106,0,0,0,1,0,0,0,0,0,0,0,0,0,0,0
-33.73333632770392,150.5865522817104,0,0,0,1,0,0,0,0,0,0,0,0,0,0,0
-33.70683614804168,150.37877290693496,0,0,0,1,0,0,0,0,0,0,0,0,0,0,0
-33.71770571325907,150.4262037369745,0,0,0,1,0,0,0,0,0,0,0,0,0,0,0
-33.652757815307226,150.29271469637084,0,0,0,1,0,0,0,0,0,0,0,0,0,0,0
-33.29549946101329,150.6552730865972,0,0,0,1,0,0,0,0,0,0,0,0,0,0,0
-33.71608875314409,150.57837765001796,0,0,0,1,0,0,0,0,0,0,0,0,0,0,0
-33.698302191879264,150.3654779015451,0,0,0,1,0,0,0,0,0,0,0,0,0,0,0
-33.71276500179662,150.5947269134028,0,0,0,1,0,0,0,0,0,0,0,0,0,0,0
-33.70566834351419,150.29280452748833,0,0,0,1,0,0,0,0,0,0,0,0,0,0,0
-33.69964965864175,150.3847017606899,0,0,0,1,0,0,0,0,0,0,0,0,0,0,0
-33.72929392741646,150.72327524254402,0,0,0,1,0,0,0,0,0,0,0,0,0,0,0
-33.69875134746676,150.3654779015451,0,0,0,1,0,0,0,0,0,0,0,0,0,0,0
-33.38802551203737,150.2660348544736,0,0,0,1,0,0,0,0,0,0,0,0,0,0,0
-33.56086058210564,150.6150287459576,0,0,0,1,0,0,0,0,0,0,0,0,0,0,0
-33.71267517067913,150.60811174991017,0,0,0,1,0,0,0,0,0,0,0,0,0,0,0
-33.69866151634926,150.3652982393101,0,0,0,1,0,0,0,0,0,0,0,0,0,0,0
-33.69075637800934,150.53058749550846,0,0,0,1,0,0,0,0,0,0,0,0,0,0,0
-33.71761588214157,150.34796083363278,0,0,0,1,0,0,0,0,0,0,0,0,0,0,0
-33.53202479338843,150.55960294646064,0,0,0,1,0,0,0,0,0,0,0,0,0,0,0
-33.64655946819978,150.37553898670498,0,0,0,1,0,0,0,0,0,0,0,0,0,0,0
-33.396200143729786,150.73737872799137,0,0,0,1,0,0,0,0,0,0,0,0,0,0,0
-33.72614983830399,150.46024973050666,0,0,0,1,0,0,0,0,0,0,0,0,0,0,0
-33.41596298957959,150.26172296083362,0,0,0,1,0,0,0,0,0,0,0,0,0,0,0
-33.448392022996764,150.29918253683076,0,0,0,1,0,0,0,0,0,0,0,0,0,0,0
-33.58772008623787,150.25022457779374,0,0,0,1,0,0,0,0,0,0,0,0,0,0,0
-33.640540783327346,150.3056503772907,0,0,0,1,0,0,0,0,0,0,0,0,0,0,0
-33.729653251886454,150.3146334890406,0,0,0,1,0,0,0,0,0,0,0,0,0,0,0
-33.72588034495149,150.46024973050666,0,0,0,1,0,0,0,0,0,0,0,0,0,0,0
-33.71941250449156,150.474712540424,0,0,0,1,0,0,0,0,0,0,0,0,0,0,0
-33.73171936758893,150.44839202299676,0,0,0,1,0,0,0,0,0,0,0,0,0,0,0
-33.30214696370823,150.66775961192957,0,0,0,1,0,0,0,0,0,0,0,0,0,0,0
-33.642067912324826,150.3951221703198,0,0,0,1,0,0,0,0,0,0,0,0,0,0,0
-33.71626841537909,150.3259522098455,0,0,0,1,0,0,0,0,0,0,0,0,0,0,0
-33.70593783686669,150.47947358965146,0,0,0,1,0,0,0,0,0,0,0,0,0,0,0
-33.63416277398491,150.29100790513834,0,0,0,1,0,0,0,0,0,0,0,0,0,0,0
-33.695337765001796,150.55250628817822,0,0,0,1,0,0,0,0,0,0,0,0,0,0,0
-33.694080129356806,150.74869744879626,0,0,0,1,0,0,0,0,0,0,0,0,0,0,0
-33.70306324110672,150.58574380165288,0,0,0,1,0,0,0,0,0,0,0,0,0,0,0
-33.62634746676249,150.27932985986345,0,0,0,1,0,0,0,0,0,0,0,0,0,0,0
-33.704590370104206,150.48019223859146,0,0,0,1,0,0,0,0,0,0,0,0,0,0,0
-33.37616780452749,150.273490837226,0,0,0,1,0,0,0,0,0,0,0,0,0,0,0
-33.7448347107438,150.3962899748473,0,0,0,1,0,0,0,0,0,0,0,0,0,0,0
-33.73845670140137,150.44785303629178,0,0,0,1,0,0,0,0,0,0,0,0,0,0,0
-33.4150646784046,150.25812971613368,0,0,0,1,0,0,0,0,0,0,0,0,0,0,0
-33.69174452030183,150.31696909809557,0,0,0,1,0,0,0,0,0,0,0,0,0,0,0
-33.7350431189364,150.48198886094144,0,0,0,1,0,0,0,0,0,0,0,0,0,0,0
-33.69111570247934,150.37149658641752,0,0,0,1,0,0,0,0,0,0,0,0,0,0,0
-33.707734459216674,150.30097915918074,0,0,0,1,0,0,0,0,0,0,0,0,0,0,0
-33.633713618397415,150.29199604743084,0,0,0,1,0,0,0,0,0,0,0,0,0,0,0
-33.739085519223856,150.60263205174272,0,0,0,1,0,0,0,0,0,0,0,0,0,0,0
-33.508219547251166,150.37149658641752,0,0,0,1,0,0,0,0,0,0,0,0,0,0,0
-33.72623966942149,150.32981494789794,0,0,0,1,0,0,0,0,0,0,0,0,0,0,0
-33.59113366870284,150.25795005389867,0,0,0,1,0,0,0,0,0,0,0,0,0,0,0
-33.70018864534675,150.57074200503055,0,0,0,1,0,0,0,0,0,0,0,0,0,0,0
-33.717346388789075,150.45998023715416,0,0,0,1,0,0,0,0,0,0,0,0,0,0,0
-33.709351419331654,150.59832015810278,0,0,0,1,0,0,0,0,0,0,0,0,0,0,0
-33.48737872799138,150.50300934243623,0,0,0,1,0,0,0,0,0,0,0,0,0,0,0
-33.70998023715415,150.30196730147324,0,0,0,1,0,0,0,0,0,0,0,0,0,0,0
-33.72848544735896,150.30097915918074,0,0,0,1,0,0,0,0,0,0,0,0,0,0,0
-33.69982932087675,150.5755928853755,0,0,0,1,0,0,0,0,0,0,0,0,0,0,0
-33.60335070068272,150.32801832554796,0,0,0,1,0,0,0,0,0,0,0,0,0,0,0
-33.64440352137981,150.3969187926698,0,0,0,1,0,0,0,0,0,0,0,0,0,0,0
-33.613321954725116,150.32891663672297,0,0,0,1,0,0,0,0,0,0,0,0,0,0,0
-33.28301293568092,150.58295903701043,0,0,0,1,0,0,0,0,0,0,0,0,0,0,0
-33.304482572763206,150.27259252605103,0,0,0,1,0,0,0,0,0,0,0,0,0,0,0
-33.70575817463169,150.3741915199425,0,0,0,1,0,0,0,0,0,0,0,0,0,0,0
-33.694169960474305,150.49375673733383,0,0,0,1,0,0,0,0,0,0,0,0,0,0,0
-33.638205174272365,150.30035034135824,0,0,0,1,0,0,0,0,0,0,0,0,0,0,0
-33.69695472511678,150.55726733740568,0,0,0,1,0,0,0,0,0,0,0,0,0,0,0
-33.729383758533956,150.4839651455264,0,0,0,1,0,0,0,0,0,0,0,0,0,0,0
-33.6850071864894,150.69578692058928,0,0,0,1,0,0,0,0,0,0,0,0,0,0,0
-33.41641214516709,150.26100431189363,0,0,0,1,0,0,0,0,0,0,0,0,0,0,0
-33.71402263744161,150.474892202659,0,0,0,1,0,0,0,0,0,0,0,0,0,0,0
-33.70854293927417,150.6140406036651,0,0,0,1,0,0,0,0,0,0,0,0,0,0,0
-33.72731764283148,150.30070966582824,0,0,0,1,0,0,0,0,0,0,0,0,0,0,0
-33.5554707150557,150.42279015450953,0,0,0,1,0,0,0,0,0,0,0,0,0,0,0
-33.72363456701402,150.37131692418254,0,0,0,1,0,0,0,0,0,0,0,0,0,0,0
-33.71761588214157,150.34697269134028,0,0,0,1,0,0,0,0,0,0,0,0,0,0,0
-33.449469996406755,150.6040693496227,0,0,0,1,0,0,0,0,0,0,0,0,0,0,0
-33.692463169241826,150.7457330219188,0,0,0,1,0,0,0,0,0,0,0,0,0,0,0
-33.704770032339205,150.58143190801295,0,0,0,1,0,0,0,0,0,0,0,0,0,0,0
-33.67386812791951,150.2840909090909,0,0,0,1,0,0,0,0,0,0,0,0,0,0,0
-33.70378189004671,150.37221523535752,0,0,0,1,0,0,0,0,0,0,0,0,0,0,0
-33.42566475026949,150.72192777578152,0,0,0,1,0,0,0,0,0,0,0,0,0,0,0
-33.682761408551926,150.67629356809198,0,0,0,1,0,0,0,0,0,0,0,0,0,0,0
-33.72606000718649,150.46024973050666,0,0,0,1,0,0,0,0,0,0,0,0,0,0,0
-33.41632231404959,150.26100431189363,0,0,0,1,0,0,0,0,0,0,0,0,0,0,0
-33.70126661875674,150.5862827883579,0,0,0,1,0,0,0,0,0,0,0,0,0,0,0
-33.713214157384115,150.475251527129,0,0,0,1,0,0,0,0,0,0,0,0,0,0,0
-33.74240927057133,150.48019223859146,0,0,0,1,0,0,0,0,0,0,0,0,0,0,0
-33.74788896873877,150.46303449514912,0,0,0,1,0,0,0,0,0,0,0,0,0,0,0
-33.66165109593963,150.28076715774344,0,0,0,1,0,0,0,0,0,0,0,0,0,0,0
-33.70656665468918,150.54801473230327,0,0,0,1,0,0,0,0,0,0,0,0,0,0,0
-33.55430291052821,150.6970445562343,0,0,0,1,0,0,0,0,0,0,0,0,0,0,0
-33.63874416097736,150.3057402084082,0,0,0,1,0,0,0,0,0,0,0,0,0,0,0
-33.68680380883938,150.55654868846568,0,0,0,1,0,0,0,0,0,0,0,0,0,0,0
-33.560321595400644,150.6129626302551,0,0,0,1,0,0,0,0,0,0,0,0,0,0,0
-33.68617499101689,150.53427057132592,0,0,0,1,0,0,0,0,0,0,0,0,0,0,0
-33.719681997844056,150.4429123248293,0,0,0,1,0,0,0,0,0,0,0,0,0,0,0
-33.69866151634926,150.3654779015451,0,0,0,1,0,0,0,0,0,0,0,0,0,0,0
-33.633803449514915,150.29199604743084,0,0,0,1,0,0,0,0,0,0,0,0,0,0,0
-33.669376572044555,150.3048418972332,0,0,0,1,0,0,0,0,0,0,0,0,0,0,0
-33.74636183974128,150.4651904419691,0,0,0,1,0,0,0,0,0,0,0,0,0,0,0
-33.702344592166725,150.57909629895795,0,0,0,1,0,0,0,0,0,0,0,0,0,0,0
-33.726509162773986,150.34086417535033,0,0,0,1,0,0,0,0,0,0,0,0,0,0,0
-33.71896334890406,150.36943047071506,0,0,0,1,0,0,0,0,0,0,0,0,0,0,0
-33.72058030901904,150.44345131153432,0,0,0,1,0,0,0,0,0,0,0,0,0,0,0
-33.67422745238951,150.74887711103125,0,0,0,1,0,0,0,0,0,0,0,0,0,0,0
-33.71294466403162,150.4957330219188,0,0,0,1,0,0,0,0,0,0,0,0,0,0,0
-33.69354114265182,150.3060995328782,0,0,0,1,0,0,0,0,0,0,0,0,0,0,0
-33.702344592166725,150.28597736255838,0,0,0,1,0,0,0,0,0,0,0,0,0,0,0
-33.68626482213439,150.26369924541862,0,0,0,1,0,0,0,0,0,0,0,0,0,0,0
-33.43006647502695,150.73306683435143,0,0,0,1,0,0,0,0,0,0,0,0,0,0,0
-33.69875134746676,150.36556773266258,0,0,0,1,0,0,0,0,0,0,0,0,0,0,0
-33.69722421846928,150.71977182896154,0,0,0,1,0,0,0,0,0,0,0,0,0,0,0
-33.70396155228171,150.30160797700324,0,0,0,1,0,0,0,0,0,0,0,0,0,0,0
-33.73441430111391,150.25004491555876,0,0,0,1,0,0,0,0,0,0,0,0,0,0,0
-33.574784405318,150.7156395975566,0,0,0,1,0,0,0,0,0,0,0,0,0,0,0
-33.71015989938915,150.2948706431908,0,0,0,1,0,0,0,0,0,0,0,0,0,0,0
-33.73881602587136,150.31786740927058,0,0,0,1,0,0,0,0,0,0,0,0,0,0,0
-33.6351509162774,150.3060097017607,0,0,0,1,0,0,0,0,0,0,0,0,0,0,0
-33.60182357168523,150.32945562342795,0,0,0,1,0,0,0,0,0,0,0,0,0,0,0
-33.71420229967661,150.33682177506287,0,0,0,1,0,0,0,0,0,0,0,0,0,0,0
-33.55385375494071,150.60200323392024,0,0,0,1,0,0,0,0,0,0,0,0,0,0,0
-33.6847376931369,150.6839292130794,0,0,0,1,0,0,0,0,0,0,0,0,0,0,0
-33.71060905497664,150.49339741286383,0,0,0,1,0,0,0,0,0,0,0,0,0,0,0
-33.46411246855911,150.51028566295363,0,0,0,1,0,0,0,0,0,0,0,0,0,0,0
-33.66596298957959,150.54999101688824,0,0,0,1,0,0,0,0,0,0,0,0,0,0,0
-33.646379805964784,150.31831656485807,0,0,0,1,0,0,0,0,0,0,0,0,0,0,0
-33.73297700323392,150.4829770032339,0,0,0,1,0,0,0,0,0,0,0,0,0,0,0
-33.710339561624146,150.3758084800575,0,0,0,1,0,0,0,0,0,0,0,0,0,0,0
-33.73055156306145,150.40976464247214,0,0,0,1,0,0,0,0,0,0,0,0,0,0,0
-33.69084620912684,150.57972511678045,0,0,0,1,0,0,0,0,0,0,0,0,0,0,0
-33.700547969816746,150.58394717930292,0,0,0,1,0,0,0,0,0,0,0,0,0,0,0
-33.74636183974128,150.4651006108516,0,0,0,1,0,0,0,0,0,0,0,0,0,0,0
-33.70180560546173,150.37122709306504,0,0,0,1,0,0,0,0,0,0,0,0,0,0,0
-33.637935680919874,150.7156395975566,0,0,0,1,0,0,0,0,0,0,0,0,0,0,0
-33.699559827524254,150.3846119295724,0,0,0,1,0,0,0,0,0,0,0,0,0,0,0
-33.72597017606899,150.46033956162415,0,0,0,1,0,0,0,0,0,0,0,0,0,0,0
-33.663627380524616,150.28301293568092,0,0,0,1,0,0,0,0,0,0,0,0,0,0,0
-33.54873338124326,150.72812612288897,0,0,0,1,0,0,0,0,0,0,0,0,0,0,0
-33.710429392741645,150.3056503772907,0,0,0,1,0,0,0,0,0,0,0,0,0,0,0
-33.709081925979156,150.59858965145526,0,0,0,1,0,0,0,0,0,0,0,0,0,0,0
-33.71761588214157,150.3756288178225,0,0,0,1,0,0,0,0,0,0,0,0,0,0,0
-33.70396155228171,150.3245149119655,0,0,0,1,0,0,0,0,0,0,0,0,0,0,0
-33.72336507366152,150.34391843334532,0,0,0,1,0,0,0,0,0,0,0,0,0,0,0
-33.5852048149479,150.68869026230686,0,0,0,1,0,0,0,0,0,0,0,0,0,0,0
-33.71788537549407,150.45998023715416,0,0,0,1,0,0,0,0,0,0,0,0,0,0,0
-33.68590549766439,150.53400107797341,0,0,0,1,0,0,0,0,0,0,0,0,0,0,0
-33.702254761049225,150.57945562342795,0,0,0,1,0,0,0,0,0,0,0,0,0,0,0
-33.5552012217032,150.575503054258,0,0,0,1,0,0,0,0,0,0,0,0,0,0,0
-33.69596658282429,150.3039435860582,0,0,0,1,0,0,0,0,0,0,0,0,0,0,0
-33.68392921307941,150.5955353934603,0,0,0,1,0,0,0,0,0,0,0,0,0,0,0
-33.319664031620555,150.69866151634926,0,0,0,1,0,0,0,0,0,0,0,0,0,0,0
-33.72597017606899,150.32972511678045,0,0,0,1,0,0,0,0,0,0,0,0,0,0,0
-33.68069529284944,150.30762666187567,0,0,0,1,0,0,0,0,0,0,0,0,0,0,0
-33.698392022996764,150.375,0,0,0,1,0,0,0,0,0,0,0,0,0,0,0
-33.69991915199425,150.5841268415379,0,0,0,1,0,0,0,0,0,0,0,0,0,0,0
-33.70710564139418,150.48800754581387,0,0,0,1,0,0,0,0,0,0,0,0,0,0,0
-33.70566834351419,150.3660168882501,0,0,0,1,0,0,0,0,0,0,0,0,0,0,0
-33.672340998922024,150.30825547969818,0,0,0,1,0,0,0,0,0,0,0,0,0,0,0
-33.70575817463169,150.36619655048509,0,0,0,1,0,0,0,0,0,0,0,0,0,0,0
-33.734773625583905,150.61242364355013,0,0,0,1,0,0,0,0,0,0,0,0,0,0,0
-33.66183075817463,150.30825547969818,0,0,0,1,0,0,0,0,0,0,0,0,0,0,0
-33.70000898311175,150.5160348544736,0,0,0,1,0,0,0,0,0,0,0,0,0,0,0
-33.68303090190442,150.34939813151274,0,0,0,1,0,0,0,0,0,0,0,0,0,0,0
-33.60865073661516,150.33026410348543,0,0,0,1,0,0,0,0,0,0,0,0,0,0,0
-33.250044915558746,150.5160348544736,0,0,0,1,0,0,0,0,0,0,0,0,0,0,0
-33.69713438735178,150.575682716493,0,0,0,1,0,0,0,0,0,0,0,0,0,0,0
-33.375,150.36969996406756,0,0,0,1,0,0,0,0,0,0,0,0,0,0,0
-33.71276500179662,150.45369205892922,0,0,0,1,0,0,0,0,0,0,0,0,0,0,0
-33.717346388789075,150.4260240747395,0,0,0,1,0,0,0,0,0,0,0,0,0,0,0
-33.70207509881423,150.7151904419691,0,0,0,1,0,0,0,0,0,0,0,0,0,0,0
-33.72058030901904,150.62464067553,0,0,0,1,0,0,0,0,0,0,0,0,0,0,0
-33.69048688465684,150.32199964067553,0,0,0,1,0,0,0,0,0,0,0,0,0,0,0
-33.74267876392382,150.47947358965146,0,0,0,1,0,0,0,0,0,0,0,0,0,0,0
-33.30223679482573,150.66111210923464,0,0,0,1,0,0,0,0,0,0,0,0,0,0,0
-33.70710564139418,150.2755569529285,0,0,0,1,0,0,0,0,0,0,0,0,0,0,0
-33.73782788357887,150.62410168882502,0,0,0,1,0,0,0,0,0,0,0,0,0,0,0
-33.71698706431908,150.31696909809557,0,0,0,1,0,0,0,0,0,0,0,0,0,0,0
-33.70252425440172,150.56373517786562,0,0,0,1,0,0,0,0,0,0,0,0,0,0,0
-33.581970894717934,150.70935141933165,0,0,0,1,0,0,0,0,0,0,0,0,0,0,0
-33.70261408551922,150.5642741645706,0,0,0,1,0,0,0,0,0,0,0,0,0,0,0
-33.71680740208408,150.45809378368668,0,0,0,1,0,0,0,0,0,0,0,0,0,0,0
-33.71698706431908,150.45755479698167,0,0,0,1,0,0,0,0,0,0,0,0,0,0,0
-33.72219726913403,150.45971074380165,0,0,0,1,0,0,0,0,0,0,0,0,0,0,0
-33.61601688825009,150.28301293568092,0,0,0,1,0,0,0,0,0,0,0,0,0,0,0
-33.65635106000719,150.3641304347826,0,0,0,1,0,0,0,0,0,0,0,0,0,0,0
-33.68294107078692,150.67629356809198,0,0,0,1,0,0,0,0,0,0,0,0,0,0,0
-33.71779554437657,150.4260240747395,0,0,0,1,0,0,0,0,0,0,0,0,0,0,0
-33.66012396694215,150.28301293568092,0,0,0,1,0,0,0,0,0,0,0,0,0,0,0
-33.70441070786921,150.27672475745598,0,0,0,1,0,0,0,0,0,0,0,0,0,0,0
-33.70144628099174,150.72291591807402,0,0,0,1,0,0,0,0,0,0,0,0,0,0,0
-33.692463169241826,150.29163672296085,0,0,0,1,0,0,0,0,0,0,0,0,0,0,0
-33.6650646784046,150.28202479338842,0,0,0,1,0,0,0,0,0,0,0,0,0,0,0
-33.67566475026949,150.26828063241106,0,0,0,1,0,0,0,0,0,0,0,0,0,0,0
-33.682761408551926,150.55825547969818,0,0,0,1,0,0,0,0,0,0,0,0,0,0,0
-33.491870283866334,150.52950952209846,0,0,0,1,0,0,0,0,0,0,0,0,0,0,0
-33.69084620912684,150.53166546891845,0,0,0,1,0,0,0,0,0,0,0,0,0,0,0
-33.723814229249015,150.37122709306504,0,0,0,1,0,0,0,0,0,0,0,0,0,0,0
-33.72606000718649,150.49070247933884,0,0,0,1,0,0,0,0,0,0,0,0,0,0,0
-33.68895975565936,150.32029284944304,0,0,0,1,0,0,0,0,0,0,0,0,0,0,0
-33.6944394538268,150.57101149838303,0,0,0,1,0,0,0,0,0,0,0,0,0,0,0
-33.47327524254402,150.29846388789076,0,0,0,1,0,0,0,0,0,0,0,0,0,0,0
-33.506872080488684,150.37140675530003,0,0,0,1,0,0,0,0,0,0,0,0,0,0,0
-33.70045813869925,150.4833363277039,0,0,0,1,0,0,0,0,0,0,0,0,0,0,0
-33.58727093065038,150.25103305785123,0,0,0,1,0,0,0,0,0,0,0,0,0,0,0
-33.43015630614445,150.5944574200503,0,0,0,1,0,0,0,0,0,0,0,0,0,0,0
-33.677641034854474,150.60137441609774,0,0,0,1,0,0,0,0,0,0,0,0,0,0,0
-33.7148311174991,150.42701221703197,0,0,0,1,0,0,0,0,0,0,0,0,0,0,0
-33.56068091987064,150.28992993172835,0,0,0,1,0,0,0,0,0,0,0,0,0,0,0
-33.74636183974128,150.4651006108516,0,0,0,1,0,0,0,0,0,0,0,0,0,0,0
-33.428629177146966,150.59328961552282,0,0,0,1,0,0,0,0,0,0,0,0,0,0,0
-33.69578692058929,150.39889507725476,0,0,0,1,0,0,0,0,0,0,0,0,0,0,0
-33.573616600790515,150.71599892202659,0,0,0,1,0,0,0,0,0,0,0,0,0,0,0
-33.66560366510959,150.51693316564857,0,0,0,1,0,0,0,0,0,0,0,0,0,0,0
-33.45414121451671,150.26783147682357,0,0,0,1,0,0,0,0,0,0,0,0,0,0,0
-33.506872080488684,150.37140675530003,0,0,0,1,0,0,0,0,0,0,0,0,0,0,0
-33.71941250449156,150.3366421128279,0,0,0,1,0,0,0,0,0,0,0,0,0,0,0
-33.70827344592167,150.6140406036651,0,0,0,1,0,0,0,0,0,0,0,0,0,0,0
-33.5049856270212,150.37149658641752,0,0,0,1,0,0,0,0,0,0,0,0,0,0,0
-33.6550934243622,150.30942328422566,0,0,0,1,0,0,0,0,0,0,0,0,0,0,0
-33.695337765001796,150.57900646784046,0,0,0,1,0,0,0,0,0,0,0,0,0,0,0
-33.42611390585699,150.59778117139777,0,0,0,1,0,0,0,0,0,0,0,0,0,0,0
-33.69866151634926,150.3652982393101,0,0,0,1,0,0,0,0,0,0,0,0,0,0,0
-33.7150107797341,150.31651994250808,0,0,0,1,0,0,0,0,0,0,0,0,0,0,0
-33.66084261588214,150.70935141933165,0,0,0,1,0,0,0,0,0,0,0,0,0,0,0
-33.68401904419691,150.73055156306145,0,0,0,1,0,0,0,0,0,0,0,0,0,0,0
-33.709171757096655,150.59858965145526,0,0,0,1,0,0,0,0,0,0,0,0,0,0,0
-33.49618217750629,150.51953826805607,0,0,0,1,0,0,0,0,0,0,0,0,0,0,0
-33.66623248293209,150.52178404599354,0,0,0,1,0,0,0,0,0,0,0,0,0,0,0
-33.72857527847646,150.38245598275242,0,0,0,1,0,0,0,0,0,0,0,0,0,0,0
-33.72597017606899,150.46033956162415,0,0,0,1,0,0,0,0,0,0,0,0,0,0,0
-33.73037190082645,150.45917175709667,0,0,0,1,0,0,0,0,0,0,0,0,0,0,0
-33.73019223859145,150.29873338124327,0,0,0,1,0,0,0,0,0,0,0,0,0,0,0
-33.72399389148401,150.4329410707869,0,0,0,1,0,0,0,0,0,0,0,0,0,0,0
-33.70099712540424,150.4836956521739,0,0,0,1,0,0,0,0,0,0,0,0,0,0,0
-33.69902084081926,150.5843065037729,0,0,0,1,0,0,0,0,0,0,0,0,0,0,0
-33.7246227093065,150.43410887531442,0,0,0,1,0,0,0,0,0,0,0,0,0,0,0
-33.730641394178946,150.45917175709667,0,0,0,1,0,0,0,0,0,0,0,0,0,0,0
-33.418298598634564,150.26244160977362,0,0,0,1,0,0,0,0,0,0,0,0,0,0,0
-33.687252964426875,150.2961282788358,0,0,0,1,0,0,0,0,0,0,0,0,0,0,0
-33.70261408551922,150.44722421846927,0,0,0,1,0,0,0,0,0,0,0,0,0,0,0
-33.31939453826806,150.68141394178943,0,0,0,1,0,0,0,0,0,0,0,0,0,0,0
-33.69327164929932,150.69201401365433,0,0,0,1,0,0,0,0,0,0,0,0,0,0,0
-33.69111570247934,150.37149658641752,0,0,0,1,0,0,0,0,0,0,0,0,0,0,0
-33.7052191879267,150.57235896514553,0,0,0,1,0,0,0,0,0,0,0,0,0,0,0
-33.63721703197988,150.30969277757816,0,0,0,1,0,0,0,0,0,0,0,0,0,0,0
-33.68303090190442,150.6763833992095,0,0,0,1,0,0,0,0,0,0,0,0,0,0,0
-33.72309558030902,150.47597017606898,0,0,0,1,0,0,0,0,0,0,0,0,0,0,0
-33.66210025152713,150.28022817103846,0,0,0,1,0,0,0,0,0,0,0,0,0,0,0
-33.70279374775422,150.28597736255838,0,0,0,1,0,0,0,0,0,0,0,0,0,0,0
-33.70090729428674,150.4834261588214,0,0,0,1,0,0,0,0,0,0,0,0,0,0,0
-33.70036830758175,150.48423463887892,0,0,0,1,0,0,0,0,0,0,0,0,0,0,0
-33.37598814229249,150.2945113187208,0,0,0,1,0,0,0,0,0,0,0,0,0,0,0
-33.635330578512395,150.31229787998564,0,0,0,1,0,0,0,0,0,0,0,0,0,0,0
-33.700637800934246,150.48387531440892,0,0,0,1,0,0,0,0,0,0,0,0,0,0,0
-33.71914301113906,150.36969996406756,0,0,0,1,0,0,0,0,0,0,0,0,0,0,0
-33.7246227093065,150.43339022637443,0,0,0,1,0,0,0,0,0,0,0,0,0,0,0
-33.65374595759971,150.30978260869566,0,0,0,1,0,0,0,0,0,0,0,0,0,0,0
-33.73432446999641,150.6339831117499,0,0,0,1,0,0,0,0,0,0,0,0,0,0,0
-33.54846388789077,150.2845400646784,0,0,0,1,0,0,0,0,0,0,0,0,0,0,0
-33.69300215594682,150.32442508084802,0,0,0,1,0,0,0,0,0,0,0,0,0,0,0
-33.63407294286741,150.29199604743084,0,0,0,1,0,0,0,0,0,0,0,0,0,0,0
-33.709351419331654,150.59849982033776,0,0,0,1,0,0,0,0,0,0,0,0,0,0,0
-33.639372978799855,150.3352946460654,0,0,0,1,0,0,0,0,0,0,0,0,0,0,0
-33.739175350341355,150.45899209486166,0,0,0,1,0,0,0,0,0,0,0,0,0,0,0
-33.72704814947898,150.4127290693496,0,0,0,1,0,0,0,0,0,0,0,0,0,0,0
-33.70018864534675,150.33825907294286,0,0,0,1,0,0,0,0,0,0,0,0,0,0,0
-33.64018145885735,150.71204635285662,0,0,0,1,0,0,0,0,0,0,0,0,0,0,0
-33.69192418253683,150.69102587136183,0,0,0,1,0,0,0,0,0,0,0,0,0,0,0
-33.329455623427954,150.3572134387352,0,0,0,1,0,0,0,0,0,0,0,0,0,0,0
-33.73782788357887,150.62428135106,0,0,0,1,0,0,0,0,0,0,0,0,0,0,0
-33.725431189363995,150.39045095220985,0,0,0,1,0,0,0,0,0,0,0,0,0,0,0
-33.691205533596836,150.37140675530003,0,0,0,1,0,0,0,0,0,0,0,0,0,0,0
-33.659764642472155,150.29855371900825,0,0,0,1,0,0,0,0,0,0,0,0,0,0,0
-33.322269134028026,150.7027937477542,0,0,0,1,0,0,0,0,0,0,0,0,0,0,0
-33.65374595759971,150.30852497305065,0,0,0,1,0,0,0,0,0,0,0,0,0,0,0
-33.45126661875674,150.28319259791593,0,0,0,1,0,0,0,0,0,0,0,0,0,0,0
-33.54999101688825,150.41668163851958,0,0,0,1,0,0,0,0,0,0,0,0,0,0,0
-33.71806503772907,150.42701221703197,0,0,0,1,0,0,0,0,0,0,0,0,0,0,0
-33.726598993891486,150.6044286740927,0,0,0,1,0,0,0,0,0,0,0,0,0,0,0
-33.720310815666544,150.29019942508086,0,0,0,1,0,0,0,0,0,0,0,0,0,0,0
-33.42404779015451,150.53786381602586,0,0,0,1,0,0,0,0,0,0,0,0,0,0,0
-33.699380165289256,150.3847017606899,0,0,0,1,0,0,0,0,0,0,0,0,0,0,0
-33.699380165289256,150.3845220984549,0,0,0,1,0,0,0,0,0,0,0,0,0,0,0
-33.490343154868846,150.5154958677686,0,0,0,1,0,0,0,0,0,0,0,0,0,0,0
-33.6347017606899,150.29199604743084,0,0,0,1,0,0,0,0,0,0,0,0,0,0,0
-33.6851868487244,150.3057402084082,0,0,0,1,0,0,0,0,0,0,0,0,0,0,0
-33.732348185411425,150.7258803449515,0,0,0,1,0,0,0,0,0,0,0,0,0,0,0
-33.65814768235717,150.3051113905857,0,0,0,1,0,0,0,0,0,0,0,0,0,0,0
-33.70674631692418,150.37877290693496,0,0,0,1,0,0,0,0,0,0,0,0,0,0,0
-33.50696191160618,150.37140675530003,0,0,0,1,0,0,0,0,0,0,0,0,0,0,0
-33.41623248293209,150.26037549407116,0,0,0,1,0,0,0,0,0,0,0,0,0,0,0
-33.57972511678045,150.70216492993174,0,0,0,1,0,0,0,0,0,0,0,0,0,0,0
-33.71258533956163,150.3843424362199,0,0,0,1,0,0,0,0,0,0,0,0,0,0,0
-33.682761408551926,150.55834531081567,0,0,0,1,0,0,0,0,0,0,0,0,0,0,0
-33.31777757815307,150.68267157743443,0,0,0,1,0,0,0,0,0,0,0,0,0,0,0
-33.67728171038448,150.58879805964787,0,0,0,1,0,0,0,0,0,0,0,0,0,0,0
-33.73100071864894,150.74267876392383,0,0,0,1,0,0,0,0,0,0,0,0,0,0,0
-33.71069888609414,150.48791771469638,0,0,0,1,0,0,0,0,0,0,0,0,0,0,0
-33.69111570247934,150.37113726194755,0,0,0,1,0,0,0,0,0,0,0,0,0,0,0
-33.70036830758175,150.58403701042042,0,0,0,1,0,0,0,0,0,0,0,0,0,0,0
-33.74690082644628,150.4651904419691,0,0,0,1,0,0,0,0,0,0,0,0,0,0,0
-33.63308480057492,150.27932985986345,0,0,0,1,0,0,0,0,0,0,0,0,0,0,0
-33.70899209486166,150.47677865612647,0,0,0,1,0,0,0,0,0,0,0,0,0,0,0
-33.68392921307941,150.58197089471793,0,0,0,1,0,0,0,0,0,0,0,0,0,0,0
-33.72579051383399,150.32819798778297,0,0,0,1,0,0,0,0,0,0,0,0,0,0,0
-33.51028566295365,150.47120912684153,0,0,0,1,0,0,0,0,0,0,0,0,0,0,0
-33.633803449514915,150.2939723320158,0,0,0,1,0,0,0,0,0,0,0,0,0,0,0
-33.704770032339205,150.3147233201581,0,0,0,1,0,0,0,0,0,0,0,0,0,0,0
-33.69785303629177,150.56759791591807,0,0,0,1,0,0,0,0,0,0,0,0,0,0,0
-33.57972511678045,150.70225476104923,0,0,0,1,0,0,0,0,0,0,0,0,0,0,0
-33.68878009342436,150.32038268056056,0,0,0,1,0,0,0,0,0,0,0,0,0,0,0
-33.708902263744164,150.60074559827524,0,0,0,1,0,0,0,0,0,0,0,0,0,0,0
-33.6947987782968,150.54702659001077,0,0,0,1,0,0,0,0,0,0,0,0,0,0,0
-33.27304168163852,150.66120194035213,0,0,0,1,0,0,0,0,0,0,0,0,0,0,0
-33.506692418253685,150.28292310456342,0,0,0,1,0,0,0,0,0,0,0,0,0,0,0
-33.42413762127201,150.53795364714338,0,0,0,1,0,0,0,0,0,0,0,0,0,0,0
-33.44973948975925,150.60703377650017,0,0,0,1,0,0,0,0,0,0,0,0,0,0,0
-33.674586776859506,150.50947718289615,0,0,0,1,0,0,0,0,0,0,0,0,0,0,0
-33.57164031620553,150.71797520661158,0,0,0,1,0,0,0,0,0,0,0,0,0,0,0
-33.72102946460654,150.6164660438376,0,0,0,1,0,0,0,0,0,0,0,0,0,0,0
-33.48001257635645,150.49968559108876,0,0,0,1,0,0,0,0,0,0,0,0,0,0,0
-33.72219726913403,150.34948796263026,0,0,0,1,0,0,0,0,0,0,0,0,0,0,0
-33.71258533956163,150.60290154509522,0,0,0,1,0,0,0,0,0,0,0,0,0,0,0
-33.68006647502695,150.54657743442328,0,0,0,1,0,0,0,0,0,0,0,0,0,0,0
-33.682761408551926,150.55825547969818,0,0,0,1,0,0,0,0,0,0,0,0,0,0,0
-33.69911067193676,150.5843065037729,0,0,0,1,0,0,0,0,0,0,0,0,0,0,0
-33.64116960114984,150.50588393819618,0,0,0,1,0,0,0,0,0,0,0,0,0,0,0
-33.50696191160618,150.37149658641752,0,0,0,1,0,0,0,0,0,0,0,0,0,0,0
-33.56193855551563,150.26001616960116,0,0,0,1,0,0,0,0,0,0,0,0,0,0,0
-33.65608156665469,150.74285842615882,0,0,0,1,0,0,0,0,0,0,0,0,0,0,0
-33.30762666187567,150.67314947897952,0,0,0,1,0,0,0,0,0,0,0,0,0,0,0
-33.70692597915918,150.36170499461014,0,0,0,1,0,0,0,0,0,0,0,0,0,0,0
-33.665424002874595,150.71141753503414,0,0,0,1,0,0,0,0,0,0,0,0,0,0,0
-33.587540424002874,150.25103305785123,0,0,0,1,0,0,0,0,0,0,0,0,0,0,0
-33.63299496945742,150.28301293568092,0,0,0,1,0,0,0,0,0,0,0,0,0,0,0
-33.71599892202659,150.3159809558031,0,0,0,1,0,0,0,0,0,0,0,0,0,0,0
-33.62643729787999,150.28894178943585,0,0,0,1,0,0,0,0,0,0,0,0,0,0,0
-33.71932267337406,150.38191699604744,0,0,0,1,0,0,0,0,0,0,0,0,0,0,0
-33.6453018325548,150.2957689543658,0,0,0,1,0,0,0,0,0,0,0,0,0,0,0
-33.71429213079411,150.31014193316565,0,0,0,1,0,0,0,0,0,0,0,0,0,0,0
-33.58709126841538,150.25004491555876,0,0,0,1,0,0,0,0,0,0,0,0,0,0,0
-33.708902263744164,150.7138429752066,0,0,0,1,0,0,0,0,0,0,0,0,0,0,0
-33.69803269852677,150.4850431189364,0,0,0,1,0,0,0,0,0,0,0,0,0,0,0
-33.71213618397413,150.3078063241107,0,0,0,1,0,0,0,0,0,0,0,0,0,0,0
-33.723814229249015,150.37122709306504,0,0,0,1,0,0,0,0,0,0,0,0,0,0,0
-33.72111929572404,150.5640046712181,0,0,0,1,0,0,0,0,0,0,0,0,0,0,0
-33.69309198706432,150.30349443047072,0,0,0,1,0,0,0,0,0,0,0,0,0,0,0
-33.71662773984908,150.38200682716493,0,0,0,1,0,0,0,0,0,0,0,0,0,0,0
-33.6849173553719,150.29460114983831,0,0,0,1,0,0,0,0,0,0,0,0,0,0,0
-33.70288357887172,150.6174541861301,0,0,0,1,0,0,0,0,0,0,0,0,0,0,0
-33.64575098814229,150.3361929572404,0,0,0,1,0,0,0,0,0,0,0,0,0,0,0
-33.72606000718649,150.29999101688824,0,0,0,1,0,0,0,0,0,0,0,0,0,0,0
-33.70000898311175,150.60002694933524,0,0,0,1,0,0,0,0,0,0,0,0,0,0,0
-33.39997305066475,150.70000898311176,0,0,0,1,0,0,0,0,0,0,0,0,0,0,0
-33.69300215594682,150.72363456701402,0,0,0,1,0,0,0,0,0,0,0,0,0,0,0
-33.70279374775422,150.61754401724758,0,0,0,1,0,0,0,0,0,0,0,0,0,0,0
-33.72318541142652,150.2949604743083,0,0,0,1,0,0,0,0,0,0,0,0,0,0,0
-33.69111570247934,150.37140675530003,0,0,0,1,0,0,0,0,0,0,0,0,0,0,0
-33.699380165289256,150.3845220984549,0,0,0,1,0,0,0,0,0,0,0,0,0,0,0
-33.624550844412504,150.2964876033058,0,0,0,1,0,0,0,0,0,0,0,0,0,0,0
-33.739355012576354,150.61556773266258,0,0,0,1,0,0,0,0,0,0,0,0,0,0,0
-33.70009881422925,150.5842166726554,0,0,0,1,0,0,0,0,0,0,0,0,0,0,0
-33.71671757096658,150.37095759971254,0,0,0,1,0,0,0,0,0,0,0,0,0,0,0
-33.67287998562702,150.53813330937837,0,0,0,1,0,0,0,0,0,0,0,0,0,0,0
-33.57298778296802,150.35990837226015,0,0,0,1,0,0,0,0,0,0,0,0,0,0,0
-33.71770571325907,150.45998023715416,0,0,0,1,0,0,0,0,0,0,0,0,0,0,0
-33.581791232482935,150.25148221343875,0,0,0,1,0,0,0,0,0,0,0,0,0,0,0
-33.44587675170679,150.56984369385555,0,0,0,1,0,0,0,0,0,0,0,0,0,0,0
-33.70153611210923,150.73791771469638,0,0,0,1,0,0,0,0,0,0,0,0,0,0,0
-33.703692058929214,150.48091088753145,0,0,0,1,0,0,0,0,0,0,0,0,0,0,0
-33.5049856270212,150.37149658641752,0,0,0,1,0,0,0,0,0,0,0,0,0,0,0
-33.72776679841897,150.27268235716852,0,0,0,1,0,0,0,0,0,0,0,0,0,0,0
-33.74663133309378,150.27977901545094,0,0,0,1,0,0,0,0,0,0,0,0,0,0,0
-33.702164929931726,150.57927596119296,0,0,0,1,0,0,0,0,0,0,0,0,0,0,0
-33.44857168523176,150.29918253683076,0,0,0,1,0,0,0,0,0,0,0,0,0,0,0
-33.69929033417176,150.71806503772908,0,0,0,1,0,0,0,0,0,0,0,0,0,0,0
-33.700727632051745,150.5842166726554,0,0,0,1,0,0,0,0,0,0,0,0,0,0,0
-33.5555605461732,150.72327524254402,0,0,0,1,0,0,0,0,0,0,0,0,0,0,0
-33.69300215594682,150.324245418613,0,0,0,1,0,0,0,0,0,0,0,0,0,0,0
-33.542355371900825,150.72219726913403,0,0,0,1,0,0,0,0,0,0,0,0,0,0,0
-33.50723140495868,150.37149658641752,0,0,0,1,0,0,0,0,0,0,0,0,0,0,0
-33.70144628099174,150.58646245059288,0,0,0,1,0,0,0,0,0,0,0,0,0,0,0
-33.70027847646425,150.5841268415379,0,0,0,1,0,0,0,0,0,0,0,0,0,0,0
-33.70539885016169,150.3561354653252,0,0,0,1,0,0,0,0,0,0,0,0,0,0,0
-33.662369744879626,150.27861121092346,0,0,0,1,0,0,0,0,0,0,0,0,0,0,0
-33.72363456701402,150.37131692418254,0,0,0,1,0,0,0,0,0,0,0,0,0,0,0
-33.72588034495149,150.3759881422925,0,0,0,1,0,0,0,0,0,0,0,0,0,0,0
-33.483515989938915,150.25058390226374,0,0,0,1,0,0,0,0,0,0,0,0,0,0,0
-33.71222601509163,150.35191340280272,0,0,0,1,0,0,0,0,0,0,0,0,0,0,0
-33.59589471793029,150.26226194753863,0,0,0,1,0,0,0,0,0,0,0,0,0,0,0
-33.69704455623428,150.54244520301833,0,0,0,1,0,0,0,0,0,0,0,0,0,0,0
-33.749685591088756,150.4650107797341,0,0,0,1,0,0,0,0,0,0,0,0,0,0,0
-33.73953467481135,150.4474038807043,0,0,0,1,0,0,0,0,0,0,0,0,0,0,0
-33.665513833992094,150.68410887531442,0,0,0,1,0,0,0,0,0,0,0,0,0,0,0
-33.69641573841179,150.2823841178584,0,0,0,1,0,0,0,0,0,0,0,0,0,0,0
-33.69875134746676,150.51612468559108,0,0,0,1,0,0,0,0,0,0,0,0,0,0,0
-33.72884477182896,150.3239759252605,0,0,0,1,0,0,0,0,0,0,0,0,0,0,0
-33.704770032339205,150.58143190801295,0,0,0,1,0,0,0,0,0,0,0,0,0,0,0
-33.703602227811714,150.37212540424002,0,0,0,1,0,0,0,0,0,0,0,0,0,0,0
-33.72983291412145,150.4748023715415,0,0,0,1,0,0,0,0,0,0,0,0,0,0,0
-33.48144987423643,150.3228979518505,0,0,0,1,0,0,0,0,0,0,0,0,0,0,0
-33.709351419331654,150.59840998922027,0,0,0,1,0,0,0,0,0,0,0,0,0,0,0
-33.506782249371184,150.37131692418254,0,0,0,1,0,0,0,0,0,0,0,0,0,0,0
-33.69893100970176,150.35667445203018,0,0,0,1,0,0,0,0,0,0,0,0,0,0,0
-33.73701940352138,150.4634836507366,0,0,0,1,0,0,0,0,0,0,0,0,0,0,0
-33.695337765001796,150.2937028386633,0,0,0,1,0,0,0,0,0,0,0,0,0,0,0
-33.71222601509163,150.32846748113548,0,0,0,1,0,0,0,0,0,0,0,0,0,0,0
-33.69111570247934,150.37140675530003,0,0,0,1,0,0,0,0,0,0,0,0,0,0,0
-33.64673913043478,150.522772188286,0,0,0,1,0,0,0,0,0,0,0,0,0,0,0
-33.69875134746676,150.3654779015451,0,0,0,1,0,0,0,0,0,0,0,0,0,0,0
-33.715639597556596,150.42997664390944,0,0,0,1,0,0,0,0,0,0,0,0,0,0,0
-33.71887351778656,150.36952030183255,0,0,0,1,0,0,0,0,0,0,0,0,0,0,0
-33.70809378368667,150.30142831476823,0,0,0,1,0,0,0,0,0,0,0,0,0,0,0
-33.63398311174991,150.29199604743084,0,0,0,1,0,0,0,0,0,0,0,0,0,0,0
-33.73881602587136,150.46896334890405,0,0,0,1,0,0,0,0,0,0,0,0,0,0,0
-33.691205533596836,150.58071325907295,0,0,0,1,0,0,0,0,0,0,0,0,0,0,0
-33.45000898311175,150.51055515630614,0,0,0,1,0,0,0,0,0,0,0,0,0,0,0
-33.49878727991376,150.2841807402084,0,0,0,1,0,0,0,0,0,0,0,0,0,0,0
-33.55277578153072,150.28103665109595,0,0,0,1,0,0,0,0,0,0,0,0,0,0,0
-33.72309558030902,150.4325817463169,0,0,0,1,0,0,0,0,0,0,0,0,0,0,0
-33.66578332734459,150.52052641034854,0,0,0,1,0,0,0,0,0,0,0,0,0,0,0
-33.71294466403162,150.4949245418613,0,0,0,1,0,0,0,0,0,0,0,0,0,0,0
-33.62787459575997,150.28058749550846,0,0,0,1,0,0,0,0,0,0,0,0,0,0,0
-33.49151095939634,150.53202479338842,0,0,0,1,0,0,0,0,0,0,0,0,0,0,0
-33.7150107797341,150.42701221703197,0,0,0,1,0,0,0,0,0,0,0,0,0,0,0
-33.73674991016888,150.61844232842256,0,0,0,1,0,0,0,0,0,0,0,0,0,0,0
-33.71662773984908,150.59535573122528,0,0,0,1,0,0,0,0,0,0,0,0,0,0,0
-33.5554707150557,150.42261049227452,0,0,0,1,0,0,0,0,0,0,0,0,0,0,0
-33.69884117858426,150.3654779015451,0,0,0,1,0,0,0,0,0,0,0,0,0,0,0
-33.72336507366152,150.3438286022278,0,0,0,1,0,0,0,0,0,0,0,0,0,0,0
-33.69875134746676,150.3654779015451,0,0,0,1,0,0,0,0,0,0,0,0,0,0,0
-33.700547969816746,150.58403701042042,0,0,0,1,0,0,0,0,0,0,0,0,0,0,0
-33.685725835429395,150.53570786920588,0,0,0,1,0,0,0,0,0,0,0,0,0,0,0
-33.71096837944664,150.4939363995688,0,0,0,1,0,0,0,0,0,0,0,0,0,0,0
-33.587360761767876,150.25103305785123,0,0,0,1,0,0,0,0,0,0,0,0,0,0,0
-33.70405138339921,150.58224038807043,0,0,0,1,0,0,0,0,0,0,0,0,0,0,0
-33.64116960114984,150.29001976284584,0,0,0,1,0,0,0,0,0,0,0,0,0,0,0
-33.73396514552641,150.37616780452748,0,0,0,1,0,0,0,0,0,0,0,0,0,0,0
-33.709261588214154,150.59840998922027,0,0,0,1,0,0,0,0,0,0,0,0,0,0,0
-33.506872080488684,150.37140675530003,0,0,0,1,0,0,0,0,0,0,0,0,0,0,0
-33.70108695652174,150.37158641753504,0,0,0,1,0,0,0,0,0,0,0,0,0,0,0
-33.74384656845131,150.47803629177147,0,0,0,1,0,0,0,0,0,0,0,0,0,0,0
-33.68635465325189,150.2637890765361,0,0,0,1,0,0,0,0,0,0,0,0,0,0,0
-33.70396155228171,150.30178763923823,0,0,0,1,0,0,0,0,0,0,0,0,0,0,0
-33.72623966942149,150.46069888609415,0,0,0,1,0,0,0,0,0,0,0,0,0,0,0
-33.700817463169244,150.5843065037729,0,0,0,1,0,0,0,0,0,0,0,0,0,0,0
-33.50732123607618,150.37149658641752,0,0,0,1,0,0,0,0,0,0,0,0,0,0,0
-33.7153701042041,150.42997664390944,0,0,0,1,0,0,0,0,0,0,0,0,0,0,0
-33.71905318002156,150.36952030183255,0,0,0,1,0,0,0,0,0,0,0,0,0,0,0
-33.71896334890406,150.36952030183255,0,0,0,1,0,0,0,0,0,0,0,0,0,0,0
-33.66793927416457,150.2539974847287,0,0,0,1,0,0,0,0,0,0,0,0,0,0,0
-33.70944125044915,150.59823032698526,0,0,0,1,0,0,0,0,0,0,0,0,0,0,0
-33.60101509162774,150.3327793747754,0,0,0,1,0,0,0,0,0,0,0,0,0,0,0
-33.43015630614445,150.26046532518865,0,0,0,1,0,0,0,0,0,0,0,0,0,0,0
-33.74276859504132,150.38236615163493,0,0,0,1,0,0,0,0,0,0,0,0,0,0,0
-33.74797879985627,150.60128458498025,0,0,0,1,0,0,0,0,0,0,0,0,0,0,0
-33.28705533596838,150.58340819259791,0,0,0,1,0,0,0,0,0,0,0,0,0,0,0
-33.461597197269136,150.25732123607617,0,0,0,1,0,0,0,0,0,0,0,0,0,0,0
-33.418298598634564,150.26244160977362,0,0,0,1,0,0,0,0,0,0,0,0,0,0,0
-33.62787459575997,150.3044825727632,0,0,0,1,0,0,0,0,0,0,0,0,0,0,0
-33.66210025152713,150.28004850880345,0,0,0,1,0,0,0,0,0,0,0,0,0,0,0
-33.47040064678404,150.25282968020122,0,0,0,1,0,0,0,0,0,0,0,0,0,0,0
-33.7151006108516,150.36781351060006,0,0,0,1,0,0,0,0,0,0,0,0,0,0,0
-33.71698706431908,150.29783507006826,0,0,0,1,0,0,0,0,0,0,0,0,0,0,0
-33.700637800934246,150.35236255839024,0,0,0,1,0,0,0,0,0,0,0,0,0,0,0
-33.708812432626665,150.60065576715775,0,0,0,1,0,0,0,0,0,0,0,0,0,0,0
-33.448392022996764,150.29954186130075,0,0,0,1,0,0,0,0,0,0,0,0,0,0,0
-33.70324290334172,150.39215774344234,0,0,0,1,0,0,0,0,0,0,0,0,0,0,0
-33.281395975565935,150.66659180740209,0,0,0,1,0,0,0,0,0,0,0,0,0,0,0
-33.693990298239314,150.61116600790513,0,0,0,1,0,0,0,0,0,0,0,0,0,0,0
-33.70989040603665,150.6136812791951,0,0,0,1,0,0,0,0,0,0,0,0,0,0,0
-33.691385195831835,150.30079949694573,0,0,0,1,0,0,0,0,0,0,0,0,0,0,0
-33.703692058929214,150.37212540424002,0,0,0,1,0,0,0,0,0,0,0,0,0,0,0
-33.653296802012214,150.30906395975566,0,0,0,1,0,0,0,0,0,0,0,0,0,0,0
-33.628413582464965,150.29630794107078,0,0,0,1,0,0,0,0,0,0,0,0,0,0,0
-33.70252425440172,150.53130614444845,0,0,0,1,0,0,0,0,0,0,0,0,0,0,0
-33.718693855551564,150.62149658641752,0,0,0,1,0,0,0,0,0,0,0,0,0,0,0
-33.49133129716134,150.36736435501257,0,0,0,1,0,0,0,0,0,0,0,0,0,0,0
-33.250044915558746,150.25004491555876,0,0,0,1,0,0,0,0,0,0,0,0,0,0,0
-33.250044915558746,150.25004491555876,0,0,0,1,0,0,0,0,0,0,0,0,0,0,0
-33.250044915558746,150.25004491555876,0,0,0,1,0,0,0,0,0,0,0,0,0,0,0
-33.250044915558746,150.25004491555876,0,0,0,1,0,0,0,0,0,0,0,0,0,0,0
-33.250044915558746,150.25004491555876,0,0,0,1,0,0,0,0,0,0,0,0,0,0,0
-33.250044915558746,150.25004491555876,0,0,0,1,0,0,0,0,0,0,0,0,0,0,0
-33.250044915558746,150.25004491555876,0,0,0,1,0,0,0,0,0,0,0,0,0,0,0
-33.250044915558746,150.25004491555876,0,0,0,1,0,0,0,0,0,0,0,0,0,0,0
-33.250044915558746,150.25004491555876,0,0,0,1,0,0,0,0,0,0,0,0,0,0,0
-33.250044915558746,150.25004491555876,0,0,0,1,0,0,0,0,0,0,0,0,0,0,0
-33.250044915558746,150.25004491555876,0,0,0,1,0,0,0,0,0,0,0,0,0,0,0
-33.250044915558746,150.25004491555876,0,0,0,1,0,0,0,0,0,0,0,0,0,0,0
-33.250044915558746,150.25004491555876,0,0,0,1,0,0,0,0,0,0,0,0,0,0,0
-33.250044915558746,150.25004491555876,0,0,0,1,0,0,0,0,0,0,0,0,0,0,0
-33.250044915558746,150.25004491555876,0,0,0,1,0,0,0,0,0,0,0,0,0,0,0
-33.250044915558746,150.25004491555876,0,0,0,1,0,0,0,0,0,0,0,0,0,0,0
-33.250044915558746,150.25004491555876,0,0,0,1,0,0,0,0,0,0,0,0,0,0,0
-33.250044915558746,150.25004491555876,0,0,0,1,0,0,0,0,0,0,0,0,0,0,0
-33.250044915558746,150.25004491555876,0,0,0,1,0,0,0,0,0,0,0,0,0,0,0
-33.250044915558746,150.25004491555876,0,0,0,1,0,0,0,0,0,0,0,0,0,0,0
-33.250044915558746,150.25004491555876,0,0,0,1,0,0,0,0,0,0,0,0,0,0,0
-33.250044915558746,150.25004491555876,0,0,0,1,0,0,0,0,0,0,0,0,0,0,0
-33.250044915558746,150.25004491555876,0,0,0,1,0,0,0,0,0,0,0,0,0,0,0
-33.250044915558746,150.25004491555876,0,0,0,1,0,0,0,0,0,0,0,0,0,0,0
-33.250044915558746,150.25004491555876,0,0,0,1,0,0,0,0,0,0,0,0,0,0,0
-33.250044915558746,150.25004491555876,0,0,0,1,0,0,0,0,0,0,0,0,0,0,0
-33.250044915558746,150.25004491555876,0,0,0,1,0,0,0,0,0,0,0,0,0,0,0
-33.250044915558746,150.25004491555876,0,0,0,1,0,0,0,0,0,0,0,0,0,0,0
-33.250044915558746,150.25004491555876,0,0,0,1,0,0,0,0,0,0,0,0,0,0,0
-33.250044915558746,150.25004491555876,0,0,0,1,0,0,0,0,0,0,0,0,0,0,0
-33.250044915558746,150.25004491555876,0,0,0,1,0,0,0,0,0,0,0,0,0,0,0
-33.250044915558746,150.25004491555876,0,0,0,1,0,0,0,0,0,0,0,0,0,0,0
-33.250044915558746,150.25004491555876,0,0,0,1,0,0,0,0,0,0,0,0,0,0,0
-33.250044915558746,150.25004491555876,0,0,0,1,0,0,0,0,0,0,0,0,0,0,0
-33.250044915558746,150.25004491555876,0,0,0,1,0,0,0,0,0,0,0,0,0,0,0
-33.250044915558746,150.25004491555876,0,0,0,1,0,0,0,0,0,0,0,0,0,0,0
-33.250044915558746,150.25004491555876,0,0,0,1,0,0,0,0,0,0,0,0,0,0,0
-33.250044915558746,150.25004491555876,0,0,0,1,0,0,0,0,0,0,0,0,0,0,0
-33.250044915558746,150.25004491555876,0,0,0,1,0,0,0,0,0,0,0,0,0,0,0
-33.250044915558746,150.25004491555876,0,0,0,1,0,0,0,0,0,0,0,0,0,0,0
-33.250044915558746,150.25004491555876,0,0,0,1,0,0,0,0,0,0,0,0,0,0,0
-33.250044915558746,150.25004491555876,0,0,0,1,0,0,0,0,0,0,0,0,0,0,0
-33.250044915558746,150.25004491555876,0,0,0,1,0,0,0,0,0,0,0,0,0,0,0
-33.250044915558746,150.25004491555876,0,0,0,1,0,0,0,0,0,0,0,0,0,0,0
-33.250044915558746,150.25004491555876,0,0,0,1,0,0,0,0,0,0,0,0,0,0,0
-33.250044915558746,150.25004491555876,0,0,0,1,0,0,0,0,0,0,0,0,0,0,0
-33.250044915558746,150.25004491555876,0,0,0,1,0,0,0,0,0,0,0,0,0,0,0
-33.250044915558746,150.25004491555876,0,0,0,1,0,0,0,0,0,0,0,0,0,0,0
-33.250044915558746,150.25004491555876,0,0,0,1,0,0,0,0,0,0,0,0,0,0,0
-33.250044915558746,150.25004491555876,0,0,0,1,0,0,0,0,0,0,0,0,0,0,0
-33.250044915558746,150.25004491555876,0,0,0,1,0,0,0,0,0,0,0,0,0,0,0
-33.250044915558746,150.25004491555876,0,0,0,1,0,0,0,0,0,0,0,0,0,0,0
-33.250044915558746,150.25004491555876,0,0,0,1,0,0,0,0,0,0,0,0,0,0,0
-33.250044915558746,150.25004491555876,0,0,0,1,0,0,0,0,0,0,0,0,0,0,0
-33.250044915558746,150.25004491555876,0,0,0,1,0,0,0,0,0,0,0,0,0,0,0
-33.250044915558746,150.25004491555876,0,0,0,1,0,0,0,0,0,0,0,0,0,0,0
-33.250044915558746,150.25004491555876,0,0,0,1,0,0,0,0,0,0,0,0,0,0,0
-33.250044915558746,150.25004491555876,0,0,0,1,0,0,0,0,0,0,0,0,0,0,0
-33.250044915558746,150.25004491555876,0,0,0,1,0,0,0,0,0,0,0,0,0,0,0
-33.250044915558746,150.25004491555876,0,0,0,1,0,0,0,0,0,0,0,0,0,0,0
-33.250044915558746,150.25004491555876,0,0,0,1,0,0,0,0,0,0,0,0,0,0,0
-33.250044915558746,150.25004491555876,0,0,0,1,0,0,0,0,0,0,0,0,0,0,0
-33.250044915558746,150.25004491555876,0,0,0,1,0,0,0,0,0,0,0,0,0,0,0
-33.250044915558746,150.25004491555876,0,0,0,1,0,0,0,0,0,0,0,0,0,0,0
-33.250044915558746,150.25004491555876,0,0,0,1,0,0,0,0,0,0,0,0,0,0,0
-33.250044915558746,150.25004491555876,0,0,0,1,0,0,0,0,0,0,0,0,0,0,0
-33.250044915558746,150.25004491555876,0,0,0,1,0,0,0,0,0,0,0,0,0,0,0
-33.250044915558746,150.25004491555876,0,0,0,1,0,0,0,0,0,0,0,0,0,0,0
-33.250044915558746,150.25004491555876,0,0,0,1,0,0,0,0,0,0,0,0,0,0,0
-33.250044915558746,150.25004491555876,0,0,0,1,0,0,0,0,0,0,0,0,0,0,0
-33.250044915558746,150.25004491555876,0,0,0,1,0,0,0,0,0,0,0,0,0,0,0
-33.250044915558746,150.25004491555876,0,0,0,1,0,0,0,0,0,0,0,0,0,0,0
-33.250044915558746,150.25004491555876,0,0,0,1,0,0,0,0,0,0,0,0,0,0,0
-33.250044915558746,150.25004491555876,0,0,0,1,0,0,0,0,0,0,0,0,0,0,0
-33.250044915558746,150.25004491555876,0,0,0,1,0,0,0,0,0,0,0,0,0,0,0
-33.250044915558746,150.25004491555876,0,0,0,1,0,0,0,0,0,0,0,0,0,0,0
-33.250044915558746,150.25004491555876,0,0,0,1,0,0,0,0,0,0,0,0,0,0,0
-33.250044915558746,150.25004491555876,0,0,0,1,0,0,0,0,0,0,0,0,0,0,0
-33.250044915558746,150.25004491555876,0,0,0,1,0,0,0,0,0,0,0,0,0,0,0
-33.250044915558746,150.25004491555876,0,0,0,1,0,0,0,0,0,0,0,0,0,0,0
-33.250044915558746,150.25004491555876,0,0,0,1,0,0,0,0,0,0,0,0,0,0,0
-33.250044915558746,150.25004491555876,0,0,0,1,0,0,0,0,0,0,0,0,0,0,0
-33.250044915558746,150.25004491555876,0,0,0,1,0,0,0,0,0,0,0,0,0,0,0
-33.250044915558746,150.25004491555876,0,0,0,1,0,0,0,0,0,0,0,0,0,0,0
-33.250044915558746,150.25004491555876,0,0,0,1,0,0,0,0,0,0,0,0,0,0,0
-33.250044915558746,150.25004491555876,0,0,0,1,0,0,0,0,0,0,0,0,0,0,0
-33.250044915558746,150.25004491555876,0,0,0,1,0,0,0,0,0,0,0,0,0,0,0
-33.250044915558746,150.25004491555876,0,0,0,1,0,0,0,0,0,0,0,0,0,0,0
-33.250044915558746,150.25004491555876,0,0,0,1,0,0,0,0,0,0,0,0,0,0,0
-33.250044915558746,150.25004491555876,0,0,0,1,0,0,0,0,0,0,0,0,0,0,0
-33.250044915558746,150.25004491555876,0,0,0,1,0,0,0,0,0,0,0,0,0,0,0
-33.250044915558746,150.25004491555876,0,0,0,1,0,0,0,0,0,0,0,0,0,0,0
-33.250044915558746,150.25004491555876,0,0,0,1,0,0,0,0,0,0,0,0,0,0,0
-33.250044915558746,150.25004491555876,0,0,0,1,0,0,0,0,0,0,0,0,0,0,0
-33.250044915558746,150.25004491555876,0,0,0,1,0,0,0,0,0,0,0,0,0,0,0
-33.250044915558746,150.25004491555876,0,0,0,1,0,0,0,0,0,0,0,0,0,0,0
-33.250044915558746,150.25004491555876,0,0,0,1,0,0,0,0,0,0,0,0,0,0,0
-33.250044915558746,150.25004491555876,0,0,0,1,0,0,0,0,0,0,0,0,0,0,0
-33.250044915558746,150.25004491555876,0,0,0,1,0,0,0,0,0,0,0,0,0,0,0
-33.250044915558746,150.25004491555876,0,0,0,1,0,0,0,0,0,0,0,0,0,0,0
-33.250044915558746,150.25004491555876,0,0,0,1,0,0,0,0,0,0,0,0,0,0,0
-33.250044915558746,150.25004491555876,0,0,0,1,0,0,0,0,0,0,0,0,0,0,0
-33.250044915558746,150.25004491555876,0,0,0,1,0,0,0,0,0,0,0,0,0,0,0
-33.250044915558746,150.25004491555876,0,0,0,1,0,0,0,0,0,0,0,0,0,0,0
-33.250044915558746,150.25004491555876,0,0,0,1,0,0,0,0,0,0,0,0,0,0,0
-33.250044915558746,150.25004491555876,0,0,0,1,0,0,0,0,0,0,0,0,0,0,0
-33.250044915558746,150.25004491555876,0,0,0,1,0,0,0,0,0,0,0,0,0,0,0
-33.250044915558746,150.25004491555876,0,0,0,1,0,0,0,0,0,0,0,0,0,0,0
-33.250044915558746,150.25004491555876,0,0,0,1,0,0,0,0,0,0,0,0,0,0,0
-33.250044915558746,150.25004491555876,0,0,0,1,0,0,0,0,0,0,0,0,0,0,0
-33.250044915558746,150.25004491555876,0,0,0,1,0,0,0,0,0,0,0,0,0,0,0
-33.250044915558746,150.25004491555876,0,0,0,1,0,0,0,0,0,0,0,0,0,0,0
-33.250044915558746,150.25004491555876,0,0,0,1,0,0,0,0,0,0,0,0,0,0,0
-33.250044915558746,150.25004491555876,0,0,0,1,0,0,0,0,0,0,0,0,0,0,0
-33.250044915558746,150.25004491555876,0,0,0,1,0,0,0,0,0,0,0,0,0,0,0
-33.250044915558746,150.25004491555876,0,0,0,1,0,0,0,0,0,0,0,0,0,0,0
-33.250044915558746,150.25004491555876,0,0,0,1,0,0,0,0,0,0,0,0,0,0,0
-33.250044915558746,150.25004491555876,0,0,0,1,0,0,0,0,0,0,0,0,0,0,0
-33.250044915558746,150.25004491555876,0,0,0,1,0,0,0,0,0,0,0,0,0,0,0
-33.250044915558746,150.25004491555876,0,0,0,1,0,0,0,0,0,0,0,0,0,0,0
-33.250044915558746,150.25004491555876,0,0,0,1,0,0,0,0,0,0,0,0,0,0,0
-33.250044915558746,150.25004491555876,0,0,0,1,0,0,0,0,0,0,0,0,0,0,0
-33.250044915558746,150.25004491555876,0,0,0,1,0,0,0,0,0,0,0,0,0,0,0
-33.250044915558746,150.25004491555876,0,0,0,1,0,0,0,0,0,0,0,0,0,0,0
-33.250044915558746,150.25004491555876,0,0,0,1,0,0,0,0,0,0,0,0,0,0,0
-33.250044915558746,150.25004491555876,0,0,0,1,0,0,0,0,0,0,0,0,0,0,0
-33.250044915558746,150.25004491555876,0,0,0,1,0,0,0,0,0,0,0,0,0,0,0
-33.250044915558746,150.25004491555876,0,0,0,1,0,0,0,0,0,0,0,0,0,0,0
-33.250044915558746,150.25004491555876,0,0,0,1,0,0,0,0,0,0,0,0,0,0,0
-33.250044915558746,150.25004491555876,0,0,0,1,0,0,0,0,0,0,0,0,0,0,0
-33.250044915558746,150.25004491555876,0,0,0,1,0,0,0,0,0,0,0,0,0,0,0
-33.250044915558746,150.25004491555876,0,0,0,1,0,0,0,0,0,0,0,0,0,0,0
-33.250044915558746,150.25004491555876,0,0,0,1,0,0,0,0,0,0,0,0,0,0,0
-33.250044915558746,150.25004491555876,0,0,0,1,0,0,0,0,0,0,0,0,0,0,0
-33.250044915558746,150.25004491555876,0,0,0,1,0,0,0,0,0,0,0,0,0,0,0
-33.250044915558746,150.25004491555876,0,0,0,1,0,0,0,0,0,0,0,0,0,0,0
-33.250044915558746,150.25004491555876,0,0,0,1,0,0,0,0,0,0,0,0,0,0,0
-33.250044915558746,150.25004491555876,0,0,0,1,0,0,0,0,0,0,0,0,0,0,0
-33.250044915558746,150.25004491555876,0,0,0,1,0,0,0,0,0,0,0,0,0,0,0
-33.250044915558746,150.25004491555876,0,0,0,1,0,0,0,0,0,0,0,0,0,0,0
-33.250044915558746,150.25004491555876,0,0,0,1,0,0,0,0,0,0,0,0,0,0,0
-33.250044915558746,150.25004491555876,0,0,0,1,0,0,0,0,0,0,0,0,0,0,0
-33.250044915558746,150.25004491555876,0,0,0,1,0,0,0,0,0,0,0,0,0,0,0
-33.250044915558746,150.25004491555876,0,0,0,1,0,0,0,0,0,0,0,0,0,0,0
-33.250044915558746,150.25004491555876,0,0,0,1,0,0,0,0,0,0,0,0,0,0,0
-33.250044915558746,150.25004491555876,0,0,0,1,0,0,0,0,0,0,0,0,0,0,0
-33.250044915558746,150.25004491555876,0,0,0,1,0,0,0,0,0,0,0,0,0,0,0
-33.250044915558746,150.25004491555876,0,0,0,1,0,0,0,0,0,0,0,0,0,0,0
-33.250044915558746,150.25004491555876,0,0,0,1,0,0,0,0,0,0,0,0,0,0,0
-33.250044915558746,150.25004491555876,0,0,0,1,0,0,0,0,0,0,0,0,0,0,0
-33.250044915558746,150.25004491555876,0,0,0,1,0,0,0,0,0,0,0,0,0,0,0
-33.250044915558746,150.25004491555876,0,0,0,1,0,0,0,0,0,0,0,0,0,0,0
-33.250044915558746,150.25004491555876,0,0,0,1,0,0,0,0,0,0,0,0,0,0,0
-33.250044915558746,150.25004491555876,0,0,0,1,0,0,0,0,0,0,0,0,0,0,0
-33.250044915558746,150.25004491555876,0,0,0,1,0,0,0,0,0,0,0,0,0,0,0
-33.250044915558746,150.25004491555876,0,0,0,1,0,0,0,0,0,0,0,0,0,0,0
-33.250044915558746,150.25004491555876,0,0,0,1,0,0,0,0,0,0,0,0,0,0,0
-33.250044915558746,150.25004491555876,0,0,0,1,0,0,0,0,0,0,0,0,0,0,0
-33.250044915558746,150.25004491555876,0,0,0,1,0,0,0,0,0,0,0,0,0,0,0
-33.250044915558746,150.25004491555876,0,0,0,1,0,0,0,0,0,0,0,0,0,0,0
-33.250044915558746,150.25004491555876,0,0,0,1,0,0,0,0,0,0,0,0,0,0,0
-33.250044915558746,150.25004491555876,0,0,0,1,0,0,0,0,0,0,0,0,0,0,0
-33.250044915558746,150.25004491555876,0,0,0,1,0,0,0,0,0,0,0,0,0,0,0
-33.250044915558746,150.25004491555876,0,0,0,1,0,0,0,0,0,0,0,0,0,0,0
-33.250044915558746,150.25004491555876,0,0,0,1,0,0,0,0,0,0,0,0,0,0,0
-33.250044915558746,150.25004491555876,0,0,0,1,0,0,0,0,0,0,0,0,0,0,0
-33.250044915558746,150.25004491555876,0,0,0,1,0,0,0,0,0,0,0,0,0,0,0
-33.250044915558746,150.25004491555876,0,0,0,1,0,0,0,0,0,0,0,0,0,0,0
-33.250044915558746,150.25004491555876,0,0,0,1,0,0,0,0,0,0,0,0,0,0,0
-33.250044915558746,150.25004491555876,0,0,0,1,0,0,0,0,0,0,0,0,0,0,0
-33.250044915558746,150.25004491555876,0,0,0,1,0,0,0,0,0,0,0,0,0,0,0
-33.250044915558746,150.25004491555876,0,0,0,1,0,0,0,0,0,0,0,0,0,0,0
-33.250044915558746,150.25004491555876,0,0,0,1,0,0,0,0,0,0,0,0,0,0,0
-33.250044915558746,150.25004491555876,0,0,0,1,0,0,0,0,0,0,0,0,0,0,0
-33.250044915558746,150.25004491555876,0,0,0,1,0,0,0,0,0,0,0,0,0,0,0
-33.250044915558746,150.25004491555876,0,0,0,1,0,0,0,0,0,0,0,0,0,0,0
-33.250044915558746,150.25004491555876,0,0,0,1,0,0,0,0,0,0,0,0,0,0,0
-33.250044915558746,150.25004491555876,0,0,0,1,0,0,0,0,0,0,0,0,0,0,0
-33.250044915558746,150.25004491555876,0,0,0,1,0,0,0,0,0,0,0,0,0,0,0
-33.250044915558746,150.25004491555876,0,0,0,1,0,0,0,0,0,0,0,0,0,0,0
-33.250044915558746,150.25004491555876,0,0,0,1,0,0,0,0,0,0,0,0,0,0,0
-33.250044915558746,150.25004491555876,0,0,0,1,0,0,0,0,0,0,0,0,0,0,0
-33.250044915558746,150.25004491555876,0,0,0,1,0,0,0,0,0,0,0,0,0,0,0
-33.250044915558746,150.25004491555876,0,0,0,1,0,0,0,0,0,0,0,0,0,0,0
-33.250044915558746,150.25004491555876,0,0,0,1,0,0,0,0,0,0,0,0,0,0,0
-33.250044915558746,150.25004491555876,0,0,0,1,0,0,0,0,0,0,0,0,0,0,0
-33.250044915558746,150.25004491555876,0,0,0,1,0,0,0,0,0,0,0,0,0,0,0
-33.250044915558746,150.25004491555876,0,0,0,1,0,0,0,0,0,0,0,0,0,0,0
-33.250044915558746,150.25004491555876,0,0,0,1,0,0,0,0,0,0,0,0,0,0,0
-33.250044915558746,150.25004491555876,0,0,0,1,0,0,0,0,0,0,0,0,0,0,0
-33.250044915558746,150.25004491555876,0,0,0,1,0,0,0,0,0,0,0,0,0,0,0
-33.250044915558746,150.25004491555876,0,0,0,1,0,0,0,0,0,0,0,0,0,0,0
-33.749955084441254,150.25004491555876,0,0,0,1,0,0,0,0,0,0,0,0,0,0,0
-33.749955084441254,150.25004491555876,0,0,0,1,0,0,0,0,0,0,0,0,0,0,0
-33.749955084441254,150.25004491555876,0,0,0,1,0,0,0,0,0,0,0,0,0,0,0
-33.749955084441254,150.25004491555876,0,0,0,1,0,0,0,0,0,0,0,0,0,0,0
-33.749955084441254,150.25004491555876,0,0,0,1,0,0,0,0,0,0,0,0,0,0,0
-33.749955084441254,150.25004491555876,0,0,0,1,0,0,0,0,0,0,0,0,0,0,0
-33.749955084441254,150.25004491555876,0,0,0,1,0,0,0,0,0,0,0,0,0,0,0
-33.749955084441254,150.25004491555876,0,0,0,1,0,0,0,0,0,0,0,0,0,0,0
-33.749955084441254,150.25004491555876,0,0,0,1,0,0,0,0,0,0,0,0,0,0,0
-33.749955084441254,150.25004491555876,0,0,0,1,0,0,0,0,0,0,0,0,0,0,0
-33.749955084441254,150.25004491555876,0,0,0,1,0,0,0,0,0,0,0,0,0,0,0
-33.749955084441254,150.25004491555876,0,0,0,1,0,0,0,0,0,0,0,0,0,0,0
-33.749955084441254,150.25004491555876,0,0,0,1,0,0,0,0,0,0,0,0,0,0,0
-33.749955084441254,150.25004491555876,0,0,0,1,0,0,0,0,0,0,0,0,0,0,0
-33.749955084441254,150.25004491555876,0,0,0,1,0,0,0,0,0,0,0,0,0,0,0
-33.749955084441254,150.25004491555876,0,0,0,1,0,0,0,0,0,0,0,0,0,0,0
-33.749955084441254,150.25004491555876,0,0,0,1,0,0,0,0,0,0,0,0,0,0,0
-33.749955084441254,150.25004491555876,0,0,0,1,0,0,0,0,0,0,0,0,0,0,0
-33.749955084441254,150.25004491555876,0,0,0,1,0,0,0,0,0,0,0,0,0,0,0
-33.749955084441254,150.25004491555876,0,0,0,1,0,0,0,0,0,0,0,0,0,0,0
-33.749955084441254,150.25004491555876,0,0,0,1,0,0,0,0,0,0,0,0,0,0,0
-33.749955084441254,150.25004491555876,0,0,0,1,0,0,0,0,0,0,0,0,0,0,0
-33.749955084441254,150.25004491555876,0,0,0,1,0,0,0,0,0,0,0,0,0,0,0
-33.749955084441254,150.25004491555876,0,0,0,1,0,0,0,0,0,0,0,0,0,0,0
-33.749955084441254,150.25004491555876,0,0,0,1,0,0,0,0,0,0,0,0,0,0,0
-33.749955084441254,150.25004491555876,0,0,0,1,0,0,0,0,0,0,0,0,0,0,0
-33.749955084441254,150.25004491555876,0,0,0,1,0,0,0,0,0,0,0,0,0,0,0
-33.749955084441254,150.25004491555876,0,0,0,1,0,0,0,0,0,0,0,0,0,0,0
-33.749955084441254,150.25004491555876,0,0,0,1,0,0,0,0,0,0,0,0,0,0,0
-33.749955084441254,150.25004491555876,0,0,0,1,0,0,0,0,0,0,0,0,0,0,0
-33.749955084441254,150.25004491555876,0,0,0,1,0,0,0,0,0,0,0,0,0,0,0
-33.749955084441254,150.25004491555876,0,0,0,1,0,0,0,0,0,0,0,0,0,0,0
-33.749955084441254,150.25004491555876,0,0,0,1,0,0,0,0,0,0,0,0,0,0,0
-33.749955084441254,150.25004491555876,0,0,0,1,0,0,0,0,0,0,0,0,0,0,0
-33.749955084441254,150.25004491555876,0,0,0,1,0,0,0,0,0,0,0,0,0,0,0
-33.749955084441254,150.25004491555876,0,0,0,1,0,0,0,0,0,0,0,0,0,0,0
-33.749955084441254,150.25004491555876,0,0,0,1,0,0,0,0,0,0,0,0,0,0,0
-33.749955084441254,150.25004491555876,0,0,0,1,0,0,0,0,0,0,0,0,0,0,0
-33.749955084441254,150.25004491555876,0,0,0,1,0,0,0,0,0,0,0,0,0,0,0
-33.749955084441254,150.25004491555876,0,0,0,1,0,0,0,0,0,0,0,0,0,0,0
-33.749955084441254,150.25004491555876,0,0,0,1,0,0,0,0,0,0,0,0,0,0,0
-33.749955084441254,150.25004491555876,0,0,0,1,0,0,0,0,0,0,0,0,0,0,0
-33.749955084441254,150.25004491555876,0,0,0,1,0,0,0,0,0,0,0,0,0,0,0
-33.749955084441254,150.25004491555876,0,0,0,1,0,0,0,0,0,0,0,0,0,0,0
-33.749955084441254,150.25004491555876,0,0,0,1,0,0,0,0,0,0,0,0,0,0,0
-33.749955084441254,150.25004491555876,0,0,0,1,0,0,0,0,0,0,0,0,0,0,0
-33.749955084441254,150.25004491555876,0,0,0,1,0,0,0,0,0,0,0,0,0,0,0
-33.749955084441254,150.25004491555876,0,0,0,1,0,0,0,0,0,0,0,0,0,0,0
-33.749955084441254,150.25004491555876,0,0,0,1,0,0,0,0,0,0,0,0,0,0,0
-33.749955084441254,150.25004491555876,0,0,0,1,0,0,0,0,0,0,0,0,0,0,0
-33.749955084441254,150.25004491555876,0,0,0,1,0,0,0,0,0,0,0,0,0,0,0
-33.749955084441254,150.25004491555876,0,0,0,1,0,0,0,0,0,0,0,0,0,0,0
-33.749955084441254,150.25004491555876,0,0,0,1,0,0,0,0,0,0,0,0,0,0,0
-33.749955084441254,150.25004491555876,0,0,0,1,0,0,0,0,0,0,0,0,0,0,0
-33.749955084441254,150.25004491555876,0,0,0,1,0,0,0,0,0,0,0,0,0,0,0
-33.749955084441254,150.25004491555876,0,0,0,1,0,0,0,0,0,0,0,0,0,0,0
-33.749955084441254,150.25004491555876,0,0,0,1,0,0,0,0,0,0,0,0,0,0,0
-33.749955084441254,150.25004491555876,0,0,0,1,0,0,0,0,0,0,0,0,0,0,0
-33.749955084441254,150.25004491555876,0,0,0,1,0,0,0,0,0,0,0,0,0,0,0
-33.749955084441254,150.25004491555876,0,0,0,1,0,0,0,0,0,0,0,0,0,0,0
-33.749955084441254,150.25004491555876,0,0,0,1,0,0,0,0,0,0,0,0,0,0,0
-33.749955084441254,150.25004491555876,0,0,0,1,0,0,0,0,0,0,0,0,0,0,0
-33.749955084441254,150.25004491555876,0,0,0,1,0,0,0,0,0,0,0,0,0,0,0
-33.749955084441254,150.25004491555876,0,0,0,1,0,0,0,0,0,0,0,0,0,0,0
-33.749955084441254,150.25004491555876,0,0,0,1,0,0,0,0,0,0,0,0,0,0,0
-33.749955084441254,150.25004491555876,0,0,0,1,0,0,0,0,0,0,0,0,0,0,0
-33.749955084441254,150.25004491555876,0,0,0,1,0,0,0,0,0,0,0,0,0,0,0
-33.749955084441254,150.25004491555876,0,0,0,1,0,0,0,0,0,0,0,0,0,0,0
-33.749955084441254,150.25004491555876,0,0,0,1,0,0,0,0,0,0,0,0,0,0,0
-33.749955084441254,150.25004491555876,0,0,0,1,0,0,0,0,0,0,0,0,0,0,0
-33.749955084441254,150.25004491555876,0,0,0,1,0,0,0,0,0,0,0,0,0,0,0
-33.749955084441254,150.25004491555876,0,0,0,1,0,0,0,0,0,0,0,0,0,0,0
-33.749955084441254,150.25004491555876,0,0,0,1,0,0,0,0,0,0,0,0,0,0,0
-33.749955084441254,150.25004491555876,0,0,0,1,0,0,0,0,0,0,0,0,0,0,0
-33.749955084441254,150.25004491555876,0,0,0,1,0,0,0,0,0,0,0,0,0,0,0
-33.749955084441254,150.25004491555876,0,0,0,1,0,0,0,0,0,0,0,0,0,0,0
-33.749955084441254,150.25004491555876,0,0,0,1,0,0,0,0,0,0,0,0,0,0,0
-33.749955084441254,150.25004491555876,0,0,0,1,0,0,0,0,0,0,0,0,0,0,0
-33.749955084441254,150.25004491555876,0,0,0,1,0,0,0,0,0,0,0,0,0,0,0
-33.749955084441254,150.25004491555876,0,0,0,1,0,0,0,0,0,0,0,0,0,0,0
-33.749955084441254,150.25004491555876,0,0,0,1,0,0,0,0,0,0,0,0,0,0,0
-33.749955084441254,150.25004491555876,0,0,0,1,0,0,0,0,0,0,0,0,0,0,0
-33.749955084441254,150.25004491555876,0,0,0,1,0,0,0,0,0,0,0,0,0,0,0
-33.749955084441254,150.25004491555876,0,0,0,1,0,0,0,0,0,0,0,0,0,0,0
-33.749955084441254,150.25004491555876,0,0,0,1,0,0,0,0,0,0,0,0,0,0,0
-33.749955084441254,150.25004491555876,0,0,0,1,0,0,0,0,0,0,0,0,0,0,0
-33.749955084441254,150.25004491555876,0,0,0,1,0,0,0,0,0,0,0,0,0,0,0
-33.749955084441254,150.25004491555876,0,0,0,1,0,0,0,0,0,0,0,0,0,0,0
-33.749955084441254,150.25004491555876,0,0,0,1,0,0,0,0,0,0,0,0,0,0,0
